0.807617,0.785645,-0.057739,0.717407,0.869263,-0.034546,0.768311,0.722534,-0.022827,0.774292,0.706177,-0.032959,0.931030,0.629395,-0.095215,0.905029,0.657471,-0.107178,0.899170,0.624756,0.019409,0.855713,0.684937,-0.136841,0.726929,0.706299,-0.157471,0.699829,0.724854,-0.027222,0.764893,0.600952,-0.070801,0.805176,0.624390,-0.096069,0.789062,0.651367,-0.110718,0.851074,0.709351,0.002075,0.730347,0.723022,0.145630,0.636353,0.707397,0.061523,0.723633,0.748413,0.139160,0.855591,0.817871,0.278442,0.897705,0.832153,0.149048,0.870361,0.916016,0.229248,0.771851,0.886230,0.593018,0.770996,0.898438,0.595947,0.705566,0.849976,0.269165,0.751953,0.865479,0.182251,0.813477,0.878662,0.496948,0.700684,0.771851,0.690308,0.646362,0.762695,0.395264,0.670166,0.800171,0.159912,0.730225,0.790894,0.137451,0.582275,0.694702,0.441528,0.377075,0.611938,0.272705,0.516724,0.617065,-0.022461,0.693359,0.625854,-0.102417,0.487915,0.532349,0.112793,0.284424,0.411865,-0.015991,0.392700,0.480347,-0.363281,0.599487,0.519775,-0.395630,0.659668,0.531982,-0.347168,0.551270,0.501099,-0.413818,0.477051,0.481445,-0.711914,0.651611,0.574951,-0.797119,0.647217,0.562500,-0.640015,0.672974,0.543335,-0.457153,0.543457,0.507812,-0.512207,0.616943,0.534912,-0.666504,0.744995,0.572632,-0.619263,0.812134,0.593384,-0.665161,0.817383,0.589355,-0.602295,0.822876,0.559692,-0.683228,0.839844,0.611694,-0.706665,0.894409,0.631714,-0.679321,0.829346,0.611328,-0.580933,0.845947,0.584839,-0.591064,0.875366,0.618164,-0.600220,0.864258,0.671509,-0.472046,0.834961,0.674805,-0.430664,0.865234,0.666870,-0.393066,0.946899,0.681885,-0.470581,0.980225,0.725464,-0.437622,0.920288,0.744141,-0.347778,0.884399,0.723511,-0.323608,0.812378,0.669800,-0.218262,0.924805,0.693848,-0.189209,0.902832,0.696045,-0.230835,0.827759,0.668335,-0.154419,0.744873,0.617676,-0.046997,0.695557,0.584961,-0.035645,0.723633,0.591309,-0.064697,0.759766,0.628418,-0.105469,0.718384,0.618286,-0.134399,0.703369,0.621094,-0.145874,0.727783,0.610718,-0.174194,0.819336,0.653320,-0.198120,0.785156,0.650146,-0.277954,0.789917,0.643799,-0.234009,0.780273,0.628296,-0.204224,0.841064,0.648438,-0.231079,0.803467,0.670288,-0.314331,0.770386,0.654419,-0.268799,0.759033,0.640381,-0.214600,0.821533,0.627441,-0.225586,0.855225,0.655151,-0.302124,0.827148,0.658447,-0.249268,0.797974,0.642212,-0.220215,0.767090,0.619385,-0.237183,0.803345,0.627197,-0.259888,0.805786,0.646362,-0.276855,0.776978,0.653931,-0.261230,0.772827,0.650146,-0.227539,0.786865,0.626465,-0.206787,0.824341,0.646118,-0.229370,0.829346,0.660400,-0.237427,0.805542,0.656250,-0.265137,0.785645,0.637939,-0.232666,0.771973,0.622070,-0.226685,0.788086,0.638672,-0.239136,0.799316,0.658203,-0.273804,0.775024,0.645386,-0.248047,0.761230,0.631592,-0.234131,0.794678,0.641357,-0.248047
0.642700,0.776611,-0.198730,0.772583,0.793823,-0.301025,0.795044,0.766479,-0.076050,0.764404,0.755005,-0.050293,0.708008,0.747070,-0.146606,0.765869,0.738037,-0.131226,0.768677,0.790161,-0.194214,0.670166,0.784668,-0.172485,0.605957,0.747681,-0.058350,0.703125,0.743286,-0.092285,0.695557,0.741699,-0.198364,0.865845,0.790894,-0.134155,0.823853,0.799561,-0.126953,0.717896,0.809937,-0.068970,0.769775,0.786621,0.043213,0.788940,0.823364,0.012695,0.787354,0.871704,0.033813,0.743530,0.845825,0.183838,0.748047,0.803101,0.233032,0.807129,0.792358,0.109619,0.853027,0.811401,0.098267,0.760010,0.776855,0.082397,0.731079,0.729248,0.178101,0.673218,0.695068,0.121216,0.670898,0.700806,0.081543,0.641235,0.704346,-0.012207,0.617554,0.666138,-0.055054,0.608276,0.636353,-0.037354,0.560303,0.600708,-0.050171,0.562500,0.587646,-0.156006,0.594849,0.560303,-0.193726,0.572510,0.544678,-0.238159,0.514648,0.493652,-0.348267,0.511597,0.491577,-0.291992,0.596069,0.509521,-0.387085,0.683594,0.517822,-0.568237,0.636841,0.470337,-0.522705,0.650757,0.461792,-0.510132,0.723755,0.502197,-0.732910,0.756958,0.533569,-0.823608,0.768555,0.534058,-0.768311,0.769409,0.507080,-0.812988,0.804688,0.524658,-0.665527,0.813721,0.563599,-0.613770,0.767578,0.563965,-0.655273,0.825562,0.541992,-0.627441,0.919800,0.543945,-0.542847,0.934570,0.575317,-0.515625,0.907837,0.575684,-0.480713,0.889648,0.551392,-0.479004,0.904175,0.565918,-0.510986,0.885376,0.603516,-0.524536,0.862549,0.637451,-0.511475,0.867676,0.643066,-0.466309,0.928467,0.630371,-0.464722,0.928589,0.642212,-0.407715,0.897705,0.682007,-0.232178,0.866211,0.664917,-0.247314,0.907471,0.645142,-0.193726,0.892090,0.625000,-0.202148,0.842529,0.610107,-0.083862,0.711670,0.614502,0.034302,0.763672,0.609985,-0.029907,0.847412,0.606567,-0.123901,0.802612,0.593628,-0.065186,0.732910,0.587036,0.006958,0.775879,0.605591,-0.043701,0.824463,0.624023,-0.188965,0.830444,0.615234,-0.200806,0.791016,0.615967,-0.162842,0.772827,0.620361,-0.162109,0.835327,0.631592,-0.207275,0.856201,0.631836,-0.252930,0.843872,0.623047,-0.241943,0.813232,0.626221,-0.183960,0.816895,0.628540,-0.198853,0.816284,0.609253,-0.230713,0.848267,0.606445,-0.248291,0.806396,0.616455,-0.230957,0.806396,0.627808,-0.200317,0.816528,0.627441,-0.236572,0.862915,0.623657,-0.255127,0.847778,0.615845,-0.252686,0.815430,0.610596,-0.216675,0.810059,0.616455,-0.195679,0.809937,0.614502,-0.225830,0.831055,0.609741,-0.229370,0.830322,0.609375,-0.226196,0.783936,0.614380,-0.194824,0.823730,0.625732,-0.224731,0.814941,0.636353,-0.275635,0.837524,0.624146,-0.239380,0.831787,0.613403,-0.228027,0.837158,0.627075,-0.205322,0.820435,0.622925,-0.205811,0.809814,0.610107,-0.214844,0.805054,0.601685,-0.229370,0.833130,0.612671,-0.230347,0.805420,0.624756,-0.243286,0.797852,0.622803,-0.236084
0.812500,0.755981,-0.153198,0.844360,0.742554,-0.326904,0.813232,0.720581,-0.108887,0.834839,0.770142,0.007202,0.818237,0.746948,-0.087646,0.688232,0.715332,-0.082275,0.610718,0.744507,-0.169800,0.660889,0.772461,-0.188599,0.703979,0.766235,-0.109863,0.728516,0.732666,-0.059570,0.786865,0.737549,-0.112793,0.799805,0.776733,-0.159180,0.823730,0.806641,-0.083618,0.796387,0.794067,-0.026001,0.826172,0.792969,-0.066284,0.884521,0.819946,-0.100342,0.831665,0.832886,-0.018311,0.779419,0.804810,0.047363,0.790771,0.765381,0.019653,0.835938,0.765747,0.014526,0.801514,0.763184,0.061035,0.763062,0.744385,0.069214,0.719849,0.714844,0.057617,0.656250,0.680054,0.103760,0.615845,0.665894,0.061890,0.596436,0.663574,-0.016357,0.564697,0.609009,-0.041992,0.546509,0.580933,-0.052734,0.556763,0.573853,-0.080322,0.674316,0.591919,-0.236328,0.716919,0.579712,-0.343628,0.673218,0.553467,-0.369995,0.657227,0.548828,-0.342773,0.719116,0.560181,-0.362549,0.744507,0.552368,-0.485474,0.736694,0.529297,-0.511963,0.582153,0.518799,-0.461792,0.531128,0.489502,-0.358276,0.613770,0.460815,-0.439697,0.658569,0.450684,-0.587646,0.751831,0.472046,-0.630249,0.783325,0.473633,-0.647461,0.792114,0.477051,-0.717773,0.843018,0.458374,-0.713135,0.893555,0.476807,-0.742065,0.892212,0.523193,-0.699463,0.855469,0.499878,-0.620850,0.875488,0.477295,-0.592651,0.924194,0.480225,-0.553345,0.942749,0.490234,-0.473267,0.960571,0.521851,-0.592651,0.964966,0.509644,-0.509277,0.960327,0.491943,-0.515991,1.019653,0.504395,-0.493530,0.937866,0.526123,-0.493530,0.863647,0.532837,-0.442749,0.846802,0.520752,-0.403076,0.873169,0.516724,-0.380981,0.928345,0.553955,-0.338135,0.852051,0.555054,-0.259399,0.818481,0.533813,-0.118896,0.838257,0.542236,-0.076660,0.868774,0.554199,-0.138550,0.877930,0.572388,-0.160156,0.849976,0.561523,-0.116577,0.845581,0.544189,-0.091309,0.869385,0.538452,-0.109009,0.900513,0.540527,-0.104736,0.874756,0.555786,-0.152222,0.862671,0.563354,-0.186768,0.832275,0.555420,-0.172119,0.866333,0.545288,-0.156250,0.892334,0.558472,-0.197876,0.868408,0.559326,-0.226440,0.857178,0.552002,-0.219604,0.882568,0.547485,-0.216187,0.901855,0.544678,-0.206055,0.875732,0.546997,-0.199219,0.875366,0.546753,-0.216919,0.868652,0.538574,-0.240112,0.875244,0.539551,-0.229736,0.897949,0.558594,-0.226074,0.884277,0.551636,-0.234863,0.879028,0.536377,-0.230103,0.882935,0.539917,-0.224854,0.856567,0.549683,-0.214600,0.868652,0.549683,-0.199707,0.866943,0.542480,-0.207642,0.860474,0.533447,-0.209839,0.869995,0.528198,-0.204712,0.843140,0.546997,-0.195557,0.862915,0.560791,-0.234253,0.878662,0.554932,-0.239380,0.891479,0.548218,-0.204712,0.877441,0.549194,-0.186646,0.859253,0.560303,-0.214722,0.870483,0.557007,-0.222534,0.873535,0.552856,-0.229736,0.894531,0.550049,-0.220337,0.865479,0.560913,-0.224854
0.665161,0.645020,0.100342,0.652344,0.598022,0.198486,0.687866,0.606323,0.151367,0.727051,0.671997,-0.204468,0.667358,0.683838,-0.020508,0.721191,0.657959,0.026123,0.793335,0.659668,-0.132202,0.813354,0.648560,-0.090698,0.757690,0.691650,0.004517,0.697876,0.686401,-0.028564,0.745361,0.682861,-0.164795,0.807129,0.705322,-0.098145,0.808228,0.732666,-0.060059,0.829346,0.738525,0.000732,0.827759,0.726318,-0.022705,0.881592,0.743408,-0.079224,0.845825,0.776367,-0.045898,0.818359,0.790771,-0.011353,0.785767,0.766479,0.042358,0.848633,0.750000,0.066284,0.853760,0.747803,0.101196,0.793823,0.759399,0.071777,0.780273,0.741333,0.077881,0.782715,0.721558,0.051636,0.799438,0.715454,0.018799,0.788696,0.723755,-0.031250,0.762817,0.707397,-0.031128,0.744141,0.668579,-0.004272,0.708008,0.645508,-0.053223,0.712158,0.650146,-0.033569,0.679199,0.628174,-0.065186,0.651733,0.618286,-0.174072,0.629272,0.579468,-0.212280,0.598389,0.567749,-0.212646,0.578003,0.565918,-0.226074,0.593994,0.547852,-0.326538,0.640381,0.527832,-0.438354,0.597534,0.510986,-0.418945,0.525879,0.509155,-0.356323,0.583252,0.516968,-0.341309,0.639526,0.503784,-0.477295,0.692017,0.489136,-0.612549,0.659058,0.453735,-0.509521,0.617188,0.444824,-0.412476,0.719238,0.440308,-0.531860,0.848999,0.452881,-0.770874,0.911865,0.440430,-0.836426,0.850586,0.435669,-0.745117,0.829712,0.461304,-0.640869,0.935181,0.493164,-0.701782,1.036133,0.489136,-0.775024,0.993652,0.465088,-0.670166,0.964844,0.533936,-0.490601,0.902344,0.537720,-0.454468,0.940430,0.565796,-0.530518,0.985229,0.535400,-0.554321,1.017090,0.552002,-0.424438,0.932129,0.598145,-0.360596,0.822266,0.617432,-0.258179,0.868408,0.565186,-0.238403,0.914917,0.575317,-0.237793,0.873779,0.561890,-0.116943,0.831543,0.593872,-0.006226,0.786255,0.572632,-0.005737,0.834473,0.546875,-0.064331,0.863159,0.576172,-0.121582,0.850220,0.584839,-0.079712,0.835205,0.581787,-0.075195,0.838745,0.570068,-0.085449,0.870117,0.568604,-0.161133,0.877075,0.577881,-0.156738,0.856934,0.586304,-0.173218,0.834717,0.582642,-0.175781,0.845459,0.560303,-0.185669,0.888794,0.554565,-0.205688,0.896118,0.564209,-0.196777,0.867920,0.563965,-0.178955,0.838867,0.556152,-0.183838,0.862305,0.548340,-0.228027,0.881836,0.540894,-0.240723,0.847046,0.554077,-0.218506,0.838379,0.564087,-0.225098,0.841553,0.556763,-0.221680,0.852173,0.547241,-0.227661,0.887451,0.539062,-0.199341,0.899658,0.555664,-0.212402,0.857788,0.555786,-0.203491,0.855103,0.551270,-0.211426,0.864624,0.541016,-0.198608,0.910034,0.548828,-0.221191,0.905640,0.562134,-0.230225,0.839966,0.560303,-0.228027,0.833862,0.558350,-0.232178,0.858398,0.567261,-0.247314,0.887207,0.547363,-0.209717,0.895996,0.564453,-0.216064,0.850342,0.559570,-0.205444,0.830444,0.544678,-0.189941,0.843750,0.540283,-0.207642,0.886719,0.550049,-0.235107
0.843994,0.594849,-0.124634,0.870728,0.602661,-0.367676,0.972168,0.623169,-0.396362,0.848877,0.594360,-0.322021,0.853027,0.574097,-0.107544,0.859985,0.568359,-0.247314,1.009888,0.608154,-0.442993,0.961792,0.629517,-0.391479,0.852661,0.630127,-0.287476,0.864014,0.669312,-0.444580,1.133789,0.659302,-0.353027,1.040039,0.717285,-0.212891,0.765137,0.712402,0.038574,0.708252,0.717285,0.062866,0.937622,0.771362,0.024170,1.080566,0.885986,-0.071411,0.770874,0.888306,0.122437,0.632690,0.824341,0.343750,0.676270,0.797607,0.227539,0.823975,0.808228,0.129395,0.788330,0.792480,0.130371,0.620728,0.759644,0.143066,0.565186,0.723877,0.200806,0.569336,0.680542,0.207153,0.552856,0.682373,0.019775,0.528564,0.709717,-0.042358,0.448242,0.687378,0.077759,0.401367,0.631104,0.148071,0.452637,0.621826,0.008545,0.611328,0.684326,-0.276855,0.521606,0.667603,-0.253784,0.460449,0.631958,-0.144043,0.510254,0.591797,-0.191406,0.645630,0.609985,-0.356689,0.687378,0.635132,-0.521240,0.593140,0.612671,-0.443726,0.579346,0.575439,-0.429199,0.606812,0.544189,-0.481201,0.660400,0.552124,-0.442139,0.670776,0.566528,-0.483154,0.637085,0.538452,-0.543213,0.619019,0.513428,-0.524170,0.585083,0.479492,-0.464600,0.605591,0.472412,-0.355957,0.676270,0.488647,-0.490723,0.748169,0.508667,-0.654541,0.771484,0.461548,-0.682739,0.770264,0.434204,-0.592529,0.787476,0.534546,-0.470825,0.774170,0.550781,-0.513550,0.857666,0.548584,-0.653076,0.923462,0.512695,-0.754395,0.939575,0.500488,-0.644897,0.919189,0.508301,-0.569702,0.899658,0.527344,-0.556030,0.924316,0.515625,-0.552734,0.963745,0.492432,-0.525391,0.968628,0.531250,-0.529419,0.951294,0.588989,-0.442017,0.911499,0.587036,-0.338745,0.955322,0.610229,-0.343384,0.980591,0.627808,-0.328125,0.925781,0.664185,-0.240356,0.859253,0.637695,-0.092529,0.833252,0.619629,-0.042236,0.915771,0.644043,-0.035278,0.917725,0.635010,-0.075439,0.881592,0.625366,-0.002563,0.860474,0.603882,-0.060669,0.873047,0.579468,-0.017822,0.858154,0.556641,-0.035889,0.854736,0.578613,-0.076172,0.794556,0.576782,-0.146851,0.797485,0.562256,-0.113770,0.834473,0.544434,-0.135986,0.865112,0.558105,-0.206665,0.864746,0.578125,-0.240601,0.834961,0.569702,-0.187012,0.815063,0.542847,-0.161499,0.895874,0.549194,-0.222778,0.883667,0.573486,-0.244629,0.862305,0.577393,-0.231323,0.847412,0.556030,-0.197144,0.872070,0.547729,-0.196411,0.883911,0.545410,-0.184082,0.881348,0.572021,-0.215210,0.856079,0.575073,-0.243408,0.860840,0.567871,-0.225830,0.848389,0.550537,-0.209595,0.866577,0.551636,-0.181885,0.857178,0.572876,-0.218628,0.841064,0.579956,-0.217773,0.848022,0.563965,-0.207520,0.854492,0.550049,-0.214111,0.898560,0.567627,-0.209473,0.875244,0.575195,-0.241455,0.853271,0.577148,-0.241333,0.864990,0.561646,-0.232544,0.858154,0.547852,-0.229248,0.862183,0.554199,-0.196289
0.211914,0.637817,0.901245,0.022705,0.610718,0.652710,0.057251,0.620850,0.750000,0.130859,0.657471,0.824219,0.135864,0.663696,0.838867,0.212524,0.656616,0.824829,0.369141,0.677368,0.976074,0.441528,0.604370,0.946289,0.294434,0.651245,0.932129,0.138062,0.613892,0.659424,-0.137817,0.748413,0.563965,-0.093994,0.796509,0.575439,-0.044434,0.875366,0.554688,-0.242432,0.944580,0.508789,-0.142944,1.079346,0.471313,0.024292,1.137695,0.611206,-0.173706,1.248413,0.556519,-0.281616,1.129272,0.142212,-0.386597,1.178223,0.233032,-0.365234,1.104370,0.423462,-0.358398,1.080688,0.654175,-0.395386,0.952637,0.440063,-0.608032,0.831177,0.226685,-0.402954,0.640381,0.124023,-0.001221,0.500732,0.085327,-0.032959,0.490479,0.089355,-0.246338,0.394531,0.042114,-0.319336,0.413574,0.072021,-0.222534,0.222900,0.066528,0.206787,0.165283,0.302124,0.202637,0.192627,0.538208,0.152588,0.219482,0.732422,0.340088,0.028931,0.632446,0.758789,-0.026001,0.816772,1.029785,0.010742,1.098389,1.043701,0.078247,1.186035,1.020508,0.140869,1.425171,1.200684,0.140503,1.576782,1.262207,0.144043,1.279663,0.999023,0.220581,0.960449,0.694214,0.321167,0.964844,0.604980,0.299927,0.961792,0.486694,0.396851,1.200439,0.432007,0.429077,1.190430,0.339600,0.455688,1.056274,0.174438,0.449341,0.943359,0.117065,0.461670,0.881104,0.097534,0.484985,0.912476,0.088867,0.490601,0.900024,0.205200,0.457153,0.797852,0.252075,0.433838,0.761475,0.259644,0.458008,0.833252,0.253662,0.461914,0.863281,0.230835,0.450562,0.821899,0.311890,0.403809,0.760010,0.365723,0.398926,0.755981,0.388550,0.434937,0.882446,0.381470,0.419678,0.916016,0.353394,0.387207,0.820679,0.342773,0.373413,0.772217,0.419922,0.377075,0.847900,0.417236,0.397217,0.954468,0.421143,0.385986,0.921265,0.399780,0.362183,0.868164,0.376831,0.367065,0.824219,0.395996,0.388306,0.834839,0.362061,0.398193,0.919922,0.378052,0.391968,0.884644,0.361206,0.392822,0.828247,0.343384,0.392700,0.807251,0.373169,0.392822,0.836548,0.355835,0.384277,0.848145,0.351196,0.386475,0.843628,0.369995,0.399414,0.875244,0.385742,0.393066,0.849731,0.375366,0.383057,0.848145,0.376099,0.381470,0.875244,0.391968,0.379761,0.873169,0.395630,0.379517,0.852417,0.398682,0.379761,0.854492,0.408691,0.370361,0.852539,0.415771,0.364380,0.848511,0.407837,0.382080,0.862915,0.409180,0.377808,0.875366,0.403931,0.374878,0.874756,0.391846,0.367432,0.850464,0.377563,0.374634,0.831299,0.408325,0.382568,0.833130,0.380981,0.377930,0.877808,0.381470,0.380615,0.884277,0.393555,0.381226,0.855835,0.383911,0.385010,0.841309,0.402100,0.384766,0.870361,0.400146,0.383057,0.887817,0.374023,0.389893,0.849365,0.349365,0.390869,0.809448,0.386108,0.387085,0.856689,0.400391,0.379883,0.864990,0.390015,0.387695,0.850830,0.386719,0.390869,0.805176
0.058594,0.599243,1.011353,0.015625,0.623291,0.993652,0.095215,0.599731,0.951050,0.161255,0.590088,0.956665,0.171753,0.593994,0.831177,0.136597,0.642212,0.811890,0.185303,0.717651,0.911621,0.245605,0.712524,1.009155,0.140747,0.726074,0.811646,0.151733,0.762207,0.697876,0.132446,0.807129,0.806885,-0.000854,0.813843,0.927002,0.056396,0.797607,0.963135,-0.048706,0.796631,0.838257,-0.200684,0.810181,0.776611,-0.223999,0.796021,0.844238,-0.311157,0.764648,1.071167,-0.329712,0.738037,1.054443,-0.393066,0.713989,0.907471,-0.528931,0.671509,0.706665,-0.402466,0.668457,0.669312,-0.365845,0.677979,0.666504,-0.405762,0.647095,0.645996,-0.500854,0.602661,0.479248,-0.460693,0.570923,0.307129,-0.261353,0.505127,0.251221,0.002075,0.468506,0.269043,0.079956,0.409668,0.367798,0.032104,0.400269,0.233032,0.052368,0.378906,0.249512,0.081543,0.385132,0.275635,0.286621,0.334473,0.368774,0.584351,0.301880,0.427124,0.529541,0.272827,0.605957,0.459839,0.278076,0.695068,0.485229,0.237305,0.697021,0.626099,0.212769,0.657837,0.835938,0.129395,0.591064,0.790649,0.094116,0.737549,0.763428,0.137451,0.896606,0.652710,0.143677,0.981812,0.784302,0.051392,0.750244,1.077271,-0.072021,0.550415,1.073120,-0.108398,0.659424,0.872437,-0.012085,0.965820,0.905151,-0.010254,1.007690,1.086792,-0.058228,0.867065,1.086182,-0.157593,0.589844,1.027710,-0.159424,0.558716,1.130859,-0.128540,0.796143,1.052002,-0.070801,1.110718,1.115601,-0.093018,1.053589,1.069092,-0.088745,0.942505,0.898315,0.001953,0.943115,0.739990,0.046509,0.918823,0.501587,0.097412,0.951904,0.411621,0.144165,0.978638,0.435303,0.186890,0.989014,0.387085,0.220093,0.901489,0.271606,0.233521,0.801147,0.285645,0.244019,0.751831,0.359741,0.251709,0.890869,0.449341,0.250610,0.898560,0.426270,0.241333,0.804077,0.483154,0.218018,0.745239,0.493652,0.229492,0.756104,0.525391,0.227173,0.766724,0.521851,0.230957,0.846069,0.533691,0.213501,0.834717,0.558350,0.207886,0.767212,0.547485,0.214600,0.774658,0.550781,0.216919,0.795410,0.519165,0.210938,0.828613,0.534180,0.207275,0.839844,0.593262,0.208862,0.843262,0.581177,0.206909,0.802612,0.544556,0.208130,0.807495,0.546875,0.194946,0.843384,0.600342,0.185425,0.886963,0.614380,0.173706,0.862671,0.564941,0.172485,0.835693,0.541382,0.162476,0.807739,0.543457,0.165283,0.793823,0.571411,0.171631,0.818726,0.612305,0.163208,0.823242,0.593872,0.160034,0.805298,0.569458,0.164917,0.770142,0.561035,0.178955,0.771851,0.583740,0.182129,0.817993,0.595947,0.173218,0.822510,0.581299,0.167358,0.807373,0.563354,0.172729,0.800293,0.561890,0.180786,0.810425,0.569458,0.181274,0.826538,0.572632,0.179199,0.828857,0.557373,0.174561,0.822388,0.576294,0.177734,0.834961,0.570679,0.183960,0.834961,0.573120,0.180908,0.813354,0.569092,0.169800,0.793945
0.175171,0.404785,1.068481,0.170532,0.391724,1.021118,0.223999,0.384277,1.015259,0.264282,0.377563,0.918701,0.363892,0.386841,0.944580,0.403931,0.396240,1.024658,0.475098,0.394897,1.046021,0.451904,0.371338,0.947876,0.373657,0.393188,0.851807,0.257935,0.413940,0.812256,0.172852,0.397339,0.768311,0.160034,0.462280,0.780884,0.233276,0.489502,0.937012,0.184326,0.544189,1.037476,0.130615,0.547729,0.963745,0.029053,0.579102,0.887329,0.012695,0.635864,1.133057,0.061401,0.641479,1.293457,0.008667,0.616211,1.257568,-0.096802,0.603516,1.055054,-0.150757,0.596069,0.970215,-0.252075,0.606567,0.929443,-0.248047,0.599487,0.862915,-0.247437,0.584839,0.764893,-0.272705,0.602295,0.751221,-0.281006,0.610474,0.732544,-0.289185,0.600342,0.647827,-0.241821,0.613037,0.586792,-0.229492,0.625732,0.564087,-0.229736,0.621338,0.577271,-0.112915,0.582764,0.528564,-0.043091,0.554932,0.511108,0.029663,0.547607,0.484619,0.160522,0.511719,0.458862,0.117798,0.506592,0.526001,0.130249,0.446411,0.485718,0.096924,0.447388,0.371704,0.179321,0.424927,0.323975,0.401367,0.407227,0.378418,0.494263,0.398438,0.488403,0.382812,0.427856,0.657349,0.331543,0.400146,0.695557,0.337891,0.375488,0.624878,0.402466,0.331909,0.554565,0.684448,0.275757,0.662354,0.721191,0.258667,0.867676,0.619019,0.253052,0.922119,0.539551,0.249878,0.900391,0.561401,0.248901,0.894653,0.612549,0.239136,0.984009,0.714478,0.193604,0.908813,0.700317,0.188110,0.856323,0.675781,0.174805,0.874634,0.679321,0.162231,0.975708,0.791870,0.125000,1.026733,0.819458,0.123413,0.998901,0.750488,0.135498,1.028564,0.704834,0.151367,1.102051,0.677246,0.175415,1.123047,0.650513,0.185181,1.110718,0.577271,0.211792,1.029419,0.436890,0.225708,1.030762,0.316162,0.262573,1.108398,0.222412,0.301758,1.110229,0.175537,0.332275,1.026123,0.167969,0.339355,0.930176,0.157715,0.339600,0.907104,0.171509,0.347168,0.968018,0.252563,0.340210,0.945312,0.307251,0.325439,0.848877,0.296631,0.304321,0.788086,0.308838,0.297363,0.789917,0.361084,0.295776,0.887573,0.386841,0.291016,0.904785,0.396729,0.276978,0.858643,0.392700,0.264893,0.836304,0.419067,0.261597,0.856934,0.426758,0.260742,0.905029,0.431641,0.258545,0.938721,0.435913,0.245361,0.904175,0.433960,0.236694,0.848755,0.445923,0.242676,0.884888,0.452026,0.240723,0.885498,0.427979,0.234497,0.891968,0.453003,0.230713,0.910034,0.460815,0.235962,0.907471,0.451660,0.242065,0.878296,0.436401,0.237793,0.836548,0.419189,0.236572,0.828125,0.425415,0.242554,0.853149,0.433105,0.250610,0.893555,0.450073,0.246094,0.909302,0.429443,0.238037,0.888916,0.414795,0.240234,0.900269,0.437744,0.242065,0.924194,0.434448,0.242432,0.894897,0.418457,0.239746,0.843994,0.414917,0.239502,0.826904,0.434814,0.243896,0.846069,0.446045,0.248535,0.872681
0.032104,0.610596,0.939453,0.011353,0.609497,1.157227,0.124756,0.575806,1.174683,0.198120,0.537842,1.068726,0.048706,0.587158,0.887451,0.053467,0.610474,0.834595,0.035889,0.687256,0.797607,0.019287,0.695312,0.861816,0.097778,0.638550,0.786743,0.055786,0.655884,0.769409,-0.085693,0.634766,0.770386,-0.111328,0.602905,0.782104,-0.109741,0.586304,0.778931,-0.075562,0.534912,0.699341,-0.099121,0.550659,0.721924,-0.147217,0.568848,0.804443,-0.081299,0.507568,0.783813,-0.074707,0.490601,0.761597,-0.090576,0.491333,0.755371,0.017822,0.500610,0.818726,0.033447,0.500854,0.866211,0.007568,0.481079,0.862915,0.062256,0.455078,0.906372,0.143066,0.482422,0.986084,0.214722,0.533203,1.137573,0.165894,0.535522,1.158936,0.077759,0.528687,1.129395,0.090454,0.582397,1.285522,0.120850,0.620728,1.281128,0.040649,0.630249,1.109253,-0.099243,0.619995,1.057739,-0.156860,0.661011,1.099609,-0.215698,0.685547,0.950928,-0.234741,0.674072,0.829590,-0.299194,0.666992,0.698608,-0.227783,0.639038,0.678345,-0.140137,0.630981,0.732056,-0.122925,0.640747,0.755127,-0.174805,0.592529,0.597656,-0.134644,0.545166,0.400757,-0.145630,0.533569,0.300293,-0.192261,0.547852,0.342529,-0.231323,0.528809,0.423584,-0.156006,0.468628,0.458740,0.067139,0.353149,0.226196,0.262695,0.282227,0.109253,0.300537,0.311523,0.446533,0.164062,0.307251,0.632568,0.288818,0.272705,0.609375,0.660645,0.188599,0.451416,0.642212,0.149536,0.349609,0.557007,0.146118,0.516113,0.461060,0.110962,0.789185,0.680298,0.027344,0.749390,1.002808,-0.113037,0.698364,0.967407,-0.148682,0.696777,0.970947,-0.099976,0.842773,1.128418,-0.094971,1.068481,1.255127,-0.151855,0.803467,1.340088,-0.211914,0.612183,1.194946,-0.208740,0.636963,1.101318,-0.164795,0.795898,1.150879,-0.165527,0.918091,1.041504,-0.109863,1.270020,0.966919,-0.098999,1.318848,0.776001,-0.043579,1.020752,0.505493,0.100464,0.927734,0.455322,0.145142,0.962769,0.406006,0.157593,0.950684,0.311890,0.188599,1.030151,0.228394,0.199829,0.977905,0.161987,0.250977,0.818848,0.310303,0.246704,0.846191,0.414185,0.213745,0.836548,0.463501,0.191040,0.820435,0.481567,0.168945,0.837646,0.507812,0.145508,0.800415,0.523804,0.129028,0.745972,0.571899,0.112183,0.777344,0.619873,0.105835,0.873413,0.658813,0.095337,0.934082,0.581787,0.097046,0.840576,0.534424,0.100586,0.793579,0.541260,0.097046,0.806885,0.544800,0.104492,0.896484,0.526245,0.105225,0.900146,0.517822,0.095215,0.799194,0.488647,0.100952,0.752808,0.541138,0.103882,0.799438,0.589722,0.092163,0.824219,0.583862,0.083496,0.852905,0.583984,0.086426,0.855957,0.575806,0.090210,0.784912,0.584717,0.090088,0.756836,0.614014,0.081543,0.810303,0.574463,0.088501,0.888306,0.546875,0.094238,0.879028,0.575684,0.086670,0.807861,0.568481,0.084717,0.832520,0.564453,0.081421,0.874268
0.483276,0.424805,0.709106,0.464111,0.422485,0.687012,0.393311,0.498047,0.838135,0.399902,0.487793,0.814209,0.487183,0.452393,0.652466,0.388062,0.476562,0.640137,0.293579,0.572510,0.909546,0.439453,0.567871,0.987793,0.443604,0.557861,0.730469,0.334229,0.556274,0.766846,0.350342,0.545410,0.955444,0.463501,0.552734,1.042725,0.418579,0.583862,0.994019,0.384277,0.578247,0.949219,0.341309,0.575562,0.946533,0.261353,0.602661,1.075928,0.281372,0.619385,1.119873,0.316895,0.600098,1.045898,0.251465,0.603394,0.915039,0.151367,0.653442,0.790649,0.045288,0.641724,0.807861,-0.040039,0.648682,0.880249,0.042969,0.611206,0.823853,0.008301,0.601807,0.721802,-0.123169,0.612549,0.679565,-0.103027,0.612549,0.568604,-0.069214,0.605713,0.529785,0.109497,0.583252,0.522583,0.181396,0.546631,0.496094,0.057373,0.539429,0.450073,0.057739,0.521240,0.414429,0.040283,0.462891,0.437622,0.263184,0.386719,0.443604,0.585571,0.282471,0.361206,0.605469,0.254395,0.449341,0.416626,0.303467,0.666382,0.478027,0.244995,0.637329,0.525391,0.194946,0.542603,0.715210,0.124756,0.499146,0.979126,0.005981,0.395752,0.864746,0.040283,0.616821,0.724976,0.056152,0.721069,0.821777,-0.041016,0.539307,1.228271,-0.136475,0.375610,1.339600,-0.186401,0.400879,1.071777,-0.062134,0.738892,1.052612,-0.050415,0.842285,1.135498,-0.080200,0.654663,1.140869,-0.064209,0.487305,1.014526,-0.024902,0.510742,1.064331,-0.063110,0.576538,1.176147,-0.070923,0.774048,1.064331,-0.000610,0.945923,0.894409,0.072510,0.878174,0.850708,0.077026,0.709106,0.788208,0.096680,0.734863,0.682617,0.165283,0.900391,0.605103,0.204102,0.944214,0.538574,0.219482,0.862915,0.520752,0.233887,0.759155,0.585693,0.215454,0.731079,0.594727,0.219604,0.777344,0.599121,0.219482,0.818115,0.583130,0.203613,0.808838,0.615601,0.185181,0.731323,0.649048,0.175781,0.668945,0.658936,0.177002,0.675171,0.647217,0.152710,0.681519,0.681641,0.135986,0.693237,0.713867,0.130493,0.708496,0.715332,0.112549,0.701416,0.681396,0.113525,0.701294,0.705811,0.114868,0.700317,0.776855,0.110840,0.686279,0.797485,0.106201,0.726562,0.771362,0.109253,0.752319,0.718994,0.107056,0.762695,0.709351,0.119507,0.715820,0.724487,0.125977,0.680908,0.730469,0.120361,0.701660,0.722412,0.118042,0.717651,0.703003,0.119873,0.733154,0.683838,0.125244,0.734375,0.695435,0.116211,0.709229,0.693481,0.104126,0.707031,0.714966,0.110962,0.717163,0.751099,0.114746,0.697632,0.718628,0.126465,0.700928,0.704346,0.121826,0.684937,0.694580,0.116821,0.674805,0.717041,0.126465,0.702148,0.734863,0.125000,0.706177,0.721924,0.123047,0.707275,0.710815,0.107422,0.699341,0.726562,0.104858,0.720703,0.750000,0.108154,0.745483,0.746948,0.112549,0.713867,0.709351,0.111328,0.676392,0.692993,0.104614,0.670532,0.726807,0.114014,0.724731
0.050537,0.491577,0.893799,0.176147,0.457642,0.942993,0.114990,0.460327,0.818604,0.192871,0.458130,0.828247,0.218994,0.454712,1.093262,0.172852,0.457520,1.227417,0.227417,0.463867,1.059204,0.269165,0.495361,0.996582,0.262817,0.514648,1.005127,0.237793,0.511719,1.060181,0.176392,0.538086,1.152222,0.113892,0.577759,1.078613,0.102661,0.647339,0.803833,0.022461,0.671265,0.741211,-0.048950,0.675659,0.801392,-0.082275,0.707397,0.934814,-0.122070,0.727661,0.926880,-0.141968,0.704956,0.785889,-0.107910,0.668457,0.783203,-0.146851,0.664551,0.837280,-0.212769,0.686279,0.831055,-0.276489,0.682251,0.848877,-0.266357,0.635742,0.814941,-0.168823,0.617432,0.709839,-0.066406,0.604858,0.585205,-0.148438,0.611328,0.529419,-0.208740,0.600220,0.518555,-0.183960,0.574341,0.525146,0.094482,0.507568,0.426025,0.150024,0.495361,0.350098,0.002930,0.497681,0.415405,-0.110474,0.448975,0.507202,0.060059,0.382568,0.467896,0.399292,0.316650,0.414795,0.627441,0.304443,0.396606,0.547852,0.302734,0.533936,0.404419,0.312622,0.709961,0.559814,0.256958,0.746948,0.717773,0.229736,0.628784,0.809448,0.213379,0.483887,0.732666,0.169678,0.486572,0.608398,0.132935,0.612061,0.770264,0.090210,0.646484,0.862915,0.090210,0.643311,0.872681,0.106812,0.686768,1.025024,0.006470,0.673584,1.025269,-0.029297,0.695679,0.980713,-0.051880,0.768799,0.850952,0.031128,0.729736,0.956787,-0.013306,0.725098,1.113647,-0.078125,0.698486,1.003662,-0.031860,0.839722,0.970215,-0.006226,0.948242,0.891235,-0.004150,0.992432,0.991455,0.010498,1.000366,0.991699,0.022217,0.974365,0.751709,0.077393,1.036865,0.574463,0.095215,1.005493,0.480225,0.134644,1.020020,0.472900,0.157104,0.893066,0.491455,0.177490,0.798340,0.440308,0.193481,0.793701,0.379517,0.198486,0.791260,0.417358,0.194824,0.871338,0.487305,0.193481,0.862671,0.520630,0.184204,0.805298,0.520142,0.171631,0.800781,0.518555,0.161987,0.776123,0.553833,0.144409,0.796143,0.563110,0.142700,0.811401,0.586182,0.128540,0.800415,0.609985,0.124146,0.810181,0.636597,0.115112,0.788208,0.641357,0.099854,0.802734,0.635742,0.105347,0.814209,0.630615,0.109741,0.789795,0.617920,0.122681,0.778687,0.633301,0.121582,0.763428,0.605957,0.118164,0.785645,0.609375,0.121582,0.821655,0.603027,0.122437,0.812622,0.612915,0.121216,0.791016,0.602295,0.115112,0.785645,0.595581,0.120361,0.792236,0.608643,0.119263,0.787231,0.634888,0.116943,0.832275,0.635376,0.112427,0.802002,0.607422,0.113403,0.767944,0.587769,0.124390,0.776978,0.597534,0.126831,0.788086,0.607910,0.116455,0.762085,0.619385,0.104858,0.757202,0.630249,0.109375,0.823242,0.630859,0.115601,0.840210,0.631592,0.112427,0.767822,0.631470,0.103638,0.743774,0.604980,0.106934,0.811890,0.623535,0.116333,0.850708,0.643066,0.118530,0.818726,0.634277,0.112183,0.797119
-0.246948,0.643799,0.782471,-0.357666,0.652710,0.729126,-0.325806,0.640137,0.724121,-0.295288,0.615723,0.694092,-0.289062,0.636475,0.680420,-0.198975,0.650146,0.759155,-0.221924,0.627686,0.809692,-0.262817,0.610840,0.747559,-0.256104,0.609985,0.717773,-0.284790,0.600098,0.777344,-0.191895,0.567993,0.823364,-0.173340,0.564819,0.816406,-0.249878,0.595703,0.773438,-0.275757,0.600952,0.745605,-0.287598,0.589111,0.822510,-0.226074,0.577759,0.809570,-0.179932,0.577148,0.706299,-0.228760,0.591187,0.704224,-0.240723,0.589233,0.821411,-0.220093,0.583008,0.891602,-0.164551,0.624023,0.816528,-0.151123,0.605591,0.802002,-0.213257,0.613892,0.858521,-0.258423,0.621826,0.904907,-0.138672,0.650879,0.917236,-0.175903,0.688110,0.879517,-0.265991,0.703979,0.937744,-0.299072,0.707520,0.885376,-0.260620,0.698608,0.893555,-0.286743,0.701416,1.053345,-0.392700,0.678223,0.935913,-0.386841,0.672485,0.703003,-0.451416,0.690308,0.525024,-0.404297,0.691895,0.520630,-0.477173,0.662354,0.514771,-0.480713,0.673950,0.381104,-0.618530,0.690918,0.297607,-0.475952,0.703369,0.219849,-0.431274,0.666016,0.183716,-0.396362,0.644409,0.142090,-0.274414,0.609375,0.084473,-0.201172,0.582031,0.049805,-0.239014,0.436157,0.081909,0.008301,0.314209,0.186890,0.377441,0.165649,0.321655,0.492188,0.116455,0.637207,0.386963,0.079346,0.998779,0.509277,-0.002197,0.950562,0.525635,-0.124146,0.818237,0.300659,-0.156738,0.640991,0.620117,-0.389160,0.848999,0.927979,-0.544434,0.975952,0.977417,-0.661255,1.010498,0.500366,-0.532715,1.402344,0.296875,-0.406006,1.737183,0.582397,-0.372803,1.399292,1.280884,-0.498657,1.030518,1.010132,-0.711670,1.173096,0.039185,-0.586304,1.504395,-0.261230,-0.440552,1.520752,0.067993,-0.400757,1.166504,0.246582,-0.384521,0.971558,0.081909,-0.302246,1.001221,0.037842,-0.221436,0.996582,0.076172,-0.181519,0.845947,0.059570,-0.108643,0.687866,0.306641,-0.066528,0.782349,0.238892,-0.046509,0.922729,0.203369,-0.057129,1.068848,0.360352,-0.062134,1.013428,0.381836,-0.099243,0.871460,0.265259,-0.028809,0.800415,0.214844,-0.018433,0.819702,0.229492,-0.002197,0.932007,0.489136,-0.030640,0.996216,0.383545,-0.020874,0.922485,0.278442,-0.018555,0.864746,0.211792,-0.013306,0.806641,0.221313,0.012573,0.870972,0.511108,-0.019043,0.958984,0.425049,-0.024048,0.943115,0.253540,-0.017212,0.924194,0.188721,0.002563,0.949585,0.243286,0.006592,0.971558,0.424805,-0.023315,0.907349,0.403442,-0.037598,0.877930,0.328735,-0.026123,0.938843,0.296753,-0.012207,1.018677,0.288452,-0.016602,1.001953,0.345947,-0.033081,0.954346,0.351318,-0.027222,0.891846,0.340942,-0.019531,0.882935,0.324707,-0.012817,0.932617,0.316772,-0.027344,0.973633,0.307495,-0.037109,0.994019,0.332275,-0.032715,0.970459,0.347168,-0.023315,0.909668,0.332886,-0.023926,0.882324,0.307251,-0.029297,0.904419,0.295898,-0.028809,0.967041
-0.479492,0.387695,1.084473,-0.445435,0.370483,0.898560,-0.415894,0.371094,0.845581,-0.358398,0.349243,0.812622,-0.428345,0.351440,0.668457,-0.412476,0.360718,0.880615,-0.253174,0.324341,0.976318,-0.240234,0.335571,0.959106,-0.301514,0.307129,0.820801,-0.380127,0.292847,0.666870,-0.469727,0.284546,0.698242,-0.437134,0.274048,0.830200,-0.447388,0.247803,0.857056,-0.406982,0.234741,0.995117,-0.363281,0.192993,1.211426,-0.442383,0.203857,1.201172,-0.568237,0.190308,0.977905,-0.616455,0.205933,0.911255,-0.580200,0.237793,1.268311,-0.689575,0.192139,1.674561,-0.689209,0.135620,1.338379,-0.511475,0.148438,0.808228,-0.747803,0.243896,0.541626,-0.820801,0.360352,0.650269,-1.135132,0.428711,0.528442,-0.903687,0.324463,0.126587,-0.277344,0.366577,-0.086548,-0.046631,0.576538,0.047852,-0.805054,0.719116,0.293701,-0.895996,0.702393,0.134277,-0.576050,0.619751,-0.141113,0.012573,0.640991,-0.105225,-0.140991,0.695312,-0.063354,-0.230957,0.671631,0.119385,-0.083618,0.636108,0.270020,-0.071655,0.489868,0.326660,-0.094727,0.404297,0.194946,-0.124390,0.353760,0.809937,0.173950,0.334351,1.154175,0.315308,0.286011,1.206665,0.096191,0.264282,0.939819,-0.018921,0.173706,0.707886,0.037720,0.102783,0.717041,0.219849,0.023315,0.793701,0.230713,-0.139893,0.759155,-0.060059,-0.244141,0.852051,-0.067627,-0.309326,0.924316,0.198730,-0.451050,0.834106,0.471069,-0.563721,1.050171,0.393921,-0.659180,1.379639,0.107422,-0.682129,1.649292,0.050903,-0.688721,1.520874,0.175903,-0.670898,1.179810,0.295776,-0.702881,1.079834,0.230347,-0.759888,1.117432,-0.002075,-0.683228,0.905029,0.354004,-0.664673,0.979370,0.413696,-0.620605,1.159668,0.230835,-0.613892,1.417969,-0.332642,-0.774780,1.031738,-0.680786,-0.545898,0.431274,-0.287598,-0.306030,0.455078,-0.233276,-0.169189,0.884644,-0.011719,-0.181152,0.914429,0.133789,-0.152466,0.946655,0.239868,-0.172119,0.945068,0.179932,-0.136353,0.912231,0.192261,-0.121460,0.882202,0.139038,-0.119019,0.955811,0.104370,-0.115845,1.026001,0.237915,-0.120728,1.042725,0.303955,-0.123047,1.019653,0.219727,-0.115845,0.962280,0.179321,-0.090088,0.880127,0.139404,-0.071289,0.843140,0.170776,-0.082642,0.915894,0.280396,-0.079834,0.944946,0.255371,-0.069092,0.963867,0.228516,-0.064697,0.986206,0.133301,-0.083252,0.937256,0.106934,-0.087769,0.934448,0.296021,-0.096680,0.991577,0.277466,-0.083008,0.992676,0.218750,-0.074585,0.986694,0.176147,-0.083252,0.953125,0.179565,-0.084473,0.922363,0.254272,-0.076904,0.928223,0.296997,-0.066772,0.952637,0.247925,-0.073975,0.990967,0.222900,-0.092651,0.997437,0.188232,-0.099487,0.972046,0.257446,-0.092651,0.981445,0.243774,-0.081421,0.957764,0.228271,-0.086060,0.932983,0.225220,-0.088257,0.927490,0.236572,-0.080200,0.958862,0.246338,-0.080322,0.985107,0.258667,-0.080688,0.963867,0.254028,-0.081299,0.919189,0.237793,-0.072266,0.921997
0.557007,0.783936,-0.006470,0.574341,0.826904,-0.260254,0.589355,0.828369,-0.187744,0.657837,0.868164,-0.230103,0.590698,0.811401,-0.179077,0.524048,0.800781,-0.169922,0.442261,0.711304,-0.065918,0.729370,0.740967,-0.184692,0.734985,0.750244,-0.226318,0.436035,0.655518,-0.072021,0.539551,0.714722,-0.135254,0.605103,0.638062,-0.059326,0.733032,0.666504,0.005859,0.994019,0.786255,-0.157715,0.883545,0.797363,-0.193237,0.863403,0.943970,-0.039185,1.212280,1.014893,-0.063965,1.291138,1.096069,-0.106201,1.014893,1.081909,-0.091309,0.872437,0.994385,-0.065918,0.896118,0.915039,0.277710,1.043335,0.885010,0.386963,1.051147,0.863525,0.320679,0.673340,0.723511,0.376221,0.695312,0.754150,0.448608,0.914429,0.792603,0.538208,0.948853,0.668823,0.486572,0.690552,0.592163,0.308716,0.687256,0.677368,0.123169,0.773315,0.629150,0.288452,0.529419,0.626953,0.373779,0.452881,0.602905,0.366699,0.448608,0.576904,0.156982,0.482666,0.609009,-0.141968,0.479614,0.632080,-0.062256,0.052246,0.528442,0.131348,-0.072388,0.532959,0.188965,0.182251,0.525269,-0.478516,0.376465,0.572754,-0.656128,0.342285,0.521606,-0.466064,-0.053101,0.469849,-0.367798,-0.011108,0.487061,-0.623779,0.169922,0.588867,-0.857300,0.310181,0.556396,-0.834229,0.341064,0.554932,-0.557007,0.135986,0.552124,-0.538452,0.183960,0.616821,-1.189209,0.243896,0.652100,-1.219482,0.319214,0.576416,-0.861694,0.333252,0.600952,-0.843018,0.312378,0.646240,-1.046265,0.229736,0.517700,-1.010376,0.376709,0.599243,-1.121826,0.445312,0.622559,-1.054688,0.455322,0.757080,-0.982544,0.329590,0.677246,-0.921631,0.433838,0.710815,-1.004028,0.584839,0.735474,-1.290039,0.729370,0.800903,-1.201538,0.687866,0.873535,-0.922607,0.646606,0.806274,-0.731934,0.772217,0.749146,-0.455322,0.800903,0.740723,-0.101440,0.822388,0.755249,0.038330,0.663818,0.729492,-0.007935,0.629517,0.728638,0.257935,0.681274,0.698975,0.230225,0.715088,0.760742,0.072632,0.667969,0.763184,-0.118286,0.657104,0.766357,-0.228760,0.658081,0.741211,-0.230713,0.692139,0.762939,-0.211426,0.672974,0.784302,-0.259521,0.664917,0.784912,-0.267578,0.631226,0.751221,-0.349731,0.665527,0.758911,-0.363159,0.667603,0.766724,-0.267822,0.659424,0.765137,-0.258057,0.676880,0.760376,-0.256592,0.658081,0.725830,-0.239136,0.694092,0.758301,-0.236816,0.682129,0.778931,-0.304077,0.676514,0.771484,-0.261597,0.660278,0.750000,-0.227783,0.671021,0.750854,-0.256104,0.705444,0.765259,-0.256958,0.698608,0.776733,-0.255737,0.677124,0.772827,-0.263672,0.681030,0.765381,-0.301880,0.703247,0.772827,-0.281372,0.675781,0.775391,-0.258667,0.640503,0.760498,-0.241821,0.637329,0.750244,-0.257446,0.668701,0.754517,-0.266968,0.711792,0.780640,-0.286133,0.684570,0.776489,-0.306396,0.670898,0.765137,-0.296265,0.671997,0.743896,-0.279297,0.676025,0.763306,-0.273560,0.668823,0.782227,-0.256958
0.810669,0.817017,0.071411,0.818359,0.869141,-0.042236,0.811890,0.876343,-0.414429,0.830566,0.782715,-0.356201,0.783081,0.773560,-0.051147,0.765991,0.730469,-0.066040,0.738892,0.721313,-0.197021,0.696899,0.667114,0.028320,0.559204,0.693359,0.060059,0.465088,0.636475,0.218018,0.676758,0.678833,0.129272,0.854858,0.588623,0.180298,0.968750,0.804932,0.215698,1.009644,0.887695,0.157959,0.869507,0.808838,0.286377,0.908203,0.754395,0.357544,1.314941,0.742798,0.548218,1.787720,0.911011,0.733398,1.604248,0.695435,1.078247,0.766846,0.426025,1.095215,0.682129,0.440430,0.826904,1.163208,0.465576,0.803955,1.277100,0.375854,1.090210,0.872681,0.114502,1.150635,-0.097290,-0.115967,0.961060,-0.947144,-0.442627,0.597534,-0.430664,-0.559692,-0.390015,0.894165,0.073608,-1.281250,0.802246,0.407837,-1.156372,0.200439,-0.234863,0.101929,-0.448730,-0.249268,-0.290161,-0.096069,-0.511719,-1.381226,0.013916,-0.609375,-1.849487,0.060791,-0.478516,-1.203369,0.283936,-0.557495,-0.979004,0.460815,-0.418579,-1.616821,0.582642,-0.358643,-1.616455,0.392212,-0.440796,-1.758423,0.432251,-0.626221,-1.985962,0.947876,-0.505859,-1.527710,1.031860,-0.304443,-1.471680,0.731079,-0.153442,-1.433594,0.969116,-0.220947,-0.785156,0.916626,-0.437622,-0.220581,0.259033,0.006348,0.135498,0.379395,0.261108,0.201416,0.791260,0.708740,0.072998,0.804199,0.379150,-0.152954,0.868530,0.621216,-0.154907,1.050903,0.545288,-0.110229,0.845947,0.544067,-0.168823,0.863281,0.554199,0.056885,0.938477,0.557495,-0.007935,0.995972,0.586304,-0.175537,0.977783,0.575439,-0.103394,0.876465,0.517334,0.028442,0.879395,0.542969,0.158203,0.864990,0.470947,0.004150,1.030884,0.535767,-0.302856,0.947510,0.531128,-0.188721,0.888306,0.513184,0.015137,0.860596,0.513062,0.146606,0.734253,0.520752,0.074951,0.805542,0.547485,-0.274048,0.940796,0.567993,-0.335327,0.949951,0.556030,-0.105469,0.880371,0.541016,0.120361,0.834106,0.540283,0.023804,0.889648,0.543823,-0.100342,0.967041,0.534180,-0.237061,0.956909,0.542114,-0.187500,0.838501,0.516113,-0.036133,0.873047,0.570068,-0.061768,0.891602,0.564575,-0.083618,0.897217,0.530762,-0.142456,0.893311,0.515259,-0.144165,0.872070,0.518311,-0.055298,0.877563,0.544922,-0.048584,0.909668,0.546265,-0.086060,0.905518,0.538330,-0.105835,0.878662,0.530273,-0.102905,0.895752,0.551636,-0.083862,0.942627,0.557251,-0.078003,0.920288,0.535645,-0.123169,0.904663,0.538086,-0.105103,0.898193,0.546753,-0.072388,0.897339,0.549683,-0.127319,0.896362,0.541992,-0.117676,0.873901,0.530273,-0.058838,0.828735,0.527222,-0.058472,0.872803,0.551514,-0.092163,0.907227,0.561768,-0.106567,0.897949,0.537231,-0.061646,0.894653,0.541504,-0.082153,0.863647,0.547974,-0.083496,0.881226,0.565552,-0.122070,0.918457,0.558716,-0.105347,0.929443,0.544067,-0.072754,0.881714,0.525635,-0.052368,0.876709,0.538452,-0.095581
0.677734,0.630859,0.173584,0.920532,0.808594,-0.150146,0.957886,0.869751,-0.300049,0.835205,0.631226,0.101685,0.750977,0.636719,-0.096802,0.677734,0.666382,-0.147827,0.897095,0.655151,0.015991,0.904663,0.668945,0.076416,0.671631,0.637939,0.161255,0.608398,0.615723,0.066040,0.871948,0.657715,0.035400,1.066406,0.666992,0.121704,1.058716,0.595947,0.392334,0.906860,0.523438,0.577515,1.196045,0.573975,0.643921,1.392334,0.607788,0.609375,1.353271,0.385986,0.795410,1.181396,0.500244,0.879272,0.976562,0.711426,0.646606,1.043579,0.665283,0.700195,0.946777,0.473877,0.972168,0.564331,0.444458,0.748413,0.468994,0.418335,0.599609,0.685669,0.464355,0.585938,0.765991,0.479370,0.419556,0.739014,0.409058,0.403687,0.416992,0.210327,0.389771,0.177612,0.152710,0.340454,0.092163,0.030640,0.375488,0.147461,-0.111328,0.316406,0.264160,-0.177734,0.053467,0.152100,-0.285767,-0.508423,-0.075439,-0.315308,-0.898315,-0.050293,-0.405273,-0.883667,0.618408,-0.386963,-1.162964,0.857178,-0.212769,-1.398071,0.497314,-0.210938,-1.859497,0.131592,-0.398438,-1.596558,0.433472,-0.326660,-1.743530,0.894531,-0.410767,-1.460327,1.255249,-0.326538,-1.718262,0.827026,-0.288452,-1.889771,0.787598,-0.315674,-1.693481,0.923950,-0.272461,-1.365723,1.104980,-0.215454,-1.207397,1.037842,-0.231323,-0.768311,1.072144,-0.260010,-0.141357,0.730713,0.012695,0.307739,0.623901,0.336304,0.253906,0.913574,0.443359,0.135376,1.002319,0.414795,-0.093628,1.050903,0.312866,-0.111328,0.892456,0.322021,-0.072632,0.841187,0.368530,-0.194946,0.959839,0.386963,-0.257690,0.968506,0.372314,-0.294189,0.963989,0.356201,-0.336670,0.966919,0.346924,-0.410645,0.932617,0.364746,-0.432495,0.901489,0.382324,-0.410400,0.918701,0.385498,-0.347168,0.886353,0.363403,-0.413574,0.905273,0.384399,-0.445557,0.882324,0.364014,-0.378784,0.883057,0.344360,-0.346680,0.954712,0.354980,-0.361328,0.907227,0.352661,-0.355225,0.904175,0.365723,-0.481934,0.900146,0.364868,-0.425537,0.904785,0.386597,-0.370728,0.897827,0.399780,-0.311523,0.892822,0.395386,-0.341553,0.863159,0.370728,-0.407471,0.873413,0.362427,-0.427490,0.902100,0.368896,-0.448608,0.916382,0.381714,-0.425049,0.874756,0.366821,-0.444824,0.860840,0.361206,-0.439941,0.859497,0.356079,-0.404053,0.882935,0.380615,-0.374878,0.926392,0.390259,-0.351685,0.888550,0.379517,-0.374512,0.868774,0.372925,-0.373413,0.880005,0.376221,-0.372192,0.898682,0.388672,-0.383057,0.913452,0.395264,-0.401855,0.875122,0.377808,-0.411865,0.839844,0.354980,-0.418457,0.901123,0.361694,-0.426270,0.924683,0.380737,-0.401123,0.884277,0.389771,-0.371338,0.868164,0.377686,-0.363403,0.874146,0.368896,-0.382690,0.915405,0.376709,-0.412354,0.942749,0.393433,-0.436279,0.904663,0.383301,-0.376099,0.901123,0.378296,-0.415894,0.896729,0.369385,-0.402832,0.888672,0.373657,-0.370728,0.915405,0.389160,-0.372314
0.759277,0.625244,-0.140869,0.853394,0.734619,-0.196411,0.855347,0.662964,-0.094727,0.835571,0.699463,-0.083008,0.799194,0.786133,-0.310181,0.752686,0.678467,-0.218140,0.840454,0.555908,0.007935,0.908691,0.650513,0.045654,0.819824,0.697998,-0.184326,0.731934,0.701904,-0.336060,0.638184,0.740845,-0.352783,0.675781,0.712402,-0.228027,0.840576,0.621582,-0.219727,1.057251,0.752441,-0.143799,1.039795,0.665405,-0.065430,0.974976,0.578247,0.161865,0.863647,0.615356,0.172241,0.842896,0.874268,0.071289,0.629150,1.065552,0.351318,0.543213,0.719971,0.967041,0.705444,0.788330,0.831665,0.783081,0.884888,0.476807,0.746338,0.823486,0.496704,0.790039,0.771240,0.693237,0.741821,0.765625,0.797729,0.709595,0.781128,0.678345,0.714966,0.825317,0.658447,0.529419,0.674805,0.764038,0.548584,0.500854,0.948486,0.700684,0.455811,0.865967,0.424194,0.522827,0.731079,0.015991,0.582764,0.514771,-0.213867,0.540039,0.408447,-0.235718,0.288818,0.464478,0.007080,0.269287,0.285889,0.356812,0.373291,0.113281,0.380005,0.280884,0.146240,0.229614,0.251953,0.070068,0.093384,0.052490,-0.146118,0.197998,-0.168823,-0.367798,0.462402,-0.347656,-0.523682,0.458374,-0.493774,-0.732788,0.721069,-0.206299,-1.430176,0.905273,-0.097656,-1.825317,0.710449,-0.216553,-1.889526,0.569458,-0.322754,-1.692993,0.697876,-0.150024,-1.611572,0.972168,0.017456,-1.544067,1.142700,0.099365,-1.527710,0.968994,-0.023804,-1.384521,0.770386,-0.071167,-0.942871,0.869385,0.054565,-0.597778,1.115723,0.207031,-0.432373,1.196411,0.190308,-0.256104,1.038330,0.145752,-0.179932,1.034424,0.275391,-0.150024,1.128540,0.394531,-0.244873,1.191406,0.416260,-0.333008,1.147705,0.427246,-0.319092,0.922974,0.420898,-0.278442,0.722046,0.380615,-0.246338,0.736938,0.371582,-0.265259,0.885742,0.421753,-0.286499,0.928589,0.461182,-0.294922,0.876465,0.456909,-0.296509,0.774780,0.415039,-0.318115,0.749634,0.361206,-0.350342,0.885132,0.413208,-0.349609,0.974854,0.460083,-0.398682,0.928467,0.453247,-0.448730,0.833008,0.383301,-0.402588,0.853760,0.366577,-0.370972,0.914673,0.405640,-0.406860,0.976440,0.438965,-0.410767,0.912842,0.413208,-0.345825,0.851440,0.383301,-0.325806,0.907227,0.396362,-0.350098,0.926514,0.408691,-0.351440,0.910278,0.405151,-0.363525,0.904785,0.409302,-0.345337,0.872192,0.397827,-0.337891,0.887695,0.420288,-0.353149,0.932251,0.442993,-0.334961,0.920776,0.416748,-0.323853,0.901123,0.396729,-0.304688,0.906616,0.416016,-0.308716,0.909424,0.434570,-0.310913,0.880249,0.424316,-0.309692,0.872192,0.404175,-0.282593,0.894043,0.408203,-0.278564,0.911377,0.422119,-0.296631,0.897339,0.419434,-0.317383,0.886108,0.421631,-0.321289,0.882568,0.432007,-0.317871,0.912842,0.427490,-0.311646,0.935425,0.426392,-0.331299,0.906372,0.405884,-0.329346,0.884399,0.418579,-0.340088,0.894897,0.423462,-0.306030,0.941162,0.429932,-0.297241
0.927002,0.596069,-0.016357,0.846069,0.604736,-0.104126,0.900879,0.607422,-0.049805,0.955200,0.580200,-0.002075,0.909302,0.570068,-0.043579,0.860107,0.582520,-0.067627,0.831665,0.589478,0.030518,0.851929,0.583008,0.052856,0.839966,0.546509,0.036987,0.841431,0.504883,0.062012,0.822021,0.564819,0.093872,0.861694,0.596191,-0.075562,1.014771,0.545166,-0.119141,1.220337,0.367920,0.068481,1.269897,0.591797,0.125366,1.085449,0.668091,0.200806,0.596313,0.827271,0.082520,0.929810,0.763184,0.253662,1.161499,0.847778,0.690674,0.888062,0.813354,0.800415,0.607910,0.715698,0.596802,0.730835,0.761597,0.417114,0.893066,0.756470,0.802612,0.873169,0.684204,1.023438,0.695923,0.589722,0.946289,0.542236,0.552734,0.760498,0.488159,0.539429,0.689209,0.442627,0.602417,0.683350,0.285889,0.529419,0.655884,0.135864,0.405640,0.610718,0.227295,0.432495,0.419800,0.696167,0.267700,0.186035,0.189697,0.469727,-0.108398,-0.120850,0.415527,-0.234009,-0.099609,0.360962,-0.177368,0.150269,0.088135,-0.074219,0.553589,0.007324,-0.176636,0.909546,-0.080444,-0.729736,0.644287,0.033325,-1.169678,0.388184,0.144531,-1.086426,0.363525,0.034668,-0.851929,0.791504,-0.177246,-0.685913,1.103638,-0.130005,-0.886963,1.204102,-0.090088,-1.323120,0.934204,-0.099243,-1.213867,0.916260,-0.127563,-0.904785,1.053223,-0.097534,-0.649780,1.211182,0.036377,-0.820557,1.259644,0.048584,-1.047729,1.346191,0.010010,-0.984009,1.268311,0.020020,-0.700317,1.087524,0.096680,-0.382446,1.073486,0.384399,-0.202393,1.169922,0.351196,-0.287842,1.007935,0.105469,-0.141113,0.878052,0.150146,0.212036,0.920654,0.530273,0.342773,1.094971,0.438354,0.332153,1.044678,0.443237,0.130493,0.760986,0.433472,0.010132,0.723389,0.446777,0.039551,0.788574,0.438721,0.218872,0.911499,0.415161,0.292969,0.985962,0.447266,0.096069,0.911255,0.458130,-0.044922,0.904907,0.451416,-0.059814,0.990845,0.426270,0.006836,1.045044,0.439453,0.111572,1.028564,0.449463,0.137207,0.902344,0.451416,0.046631,0.891602,0.431030,0.029419,0.914673,0.429565,0.032837,0.978882,0.445435,0.124512,1.005127,0.461792,0.109985,0.950439,0.439331,0.074585,0.908691,0.421631,0.096191,0.914185,0.429321,0.113037,0.984985,0.454712,0.126343,0.984009,0.454224,0.056519,0.926880,0.434937,0.089600,0.896362,0.435669,0.103149,0.923218,0.452515,0.079834,0.965454,0.460815,0.080811,0.935791,0.423218,0.047119,0.951050,0.429077,0.034546,0.928345,0.451416,0.067993,0.933716,0.468506,0.137085,0.902954,0.455200,0.116455,0.895264,0.436523,0.050659,0.963623,0.444336,0.005371,0.979614,0.466553,0.020630,0.968872,0.459473,0.117310,0.944214,0.442505,0.092529,0.940918,0.439819,0.086182,0.941528,0.445801,0.052856,0.947998,0.459595,0.056519,0.931030,0.454956,0.051147,0.923706,0.441650,0.038696,0.941772,0.451538,0.064819,0.932251,0.469971,0.082397
0.682373,0.582642,0.484741,0.724976,0.608154,0.574707,0.692139,0.822876,-0.262329,1.004883,0.871948,-0.199219,0.941406,0.800903,0.250732,0.643066,0.632080,0.209839,0.706299,0.614990,0.099243,0.765137,0.636597,0.079712,0.842407,0.628784,0.242920,1.051270,0.175537,0.332031,1.203857,0.490845,0.375244,1.214355,0.915405,0.085205,0.643677,1.386597,-0.584351,-0.382324,0.760498,1.111328,0.306641,0.799316,1.082031,0.635010,0.882935,0.735107,0.796265,0.918701,0.846191,0.610596,0.735107,0.869751,0.522339,0.689453,0.936768,0.404785,0.626587,0.878052,0.424927,0.660034,0.901733,0.277222,0.559937,0.980713,0.189941,0.460449,1.050781,0.234253,0.462646,1.053345,0.289307,0.502441,0.977295,0.248291,0.472412,0.727539,0.172607,0.453613,0.707031,0.101318,0.368530,0.776245,-0.105591,0.253174,0.682861,0.021851,0.280273,0.482544,0.207031,0.387207,0.027466,0.250854,0.436035,-0.262329,0.205811,0.353882,-0.324341,0.157593,0.296143,-0.199829,0.227661,0.339355,-0.194336,0.346436,0.259644,-0.523315,0.544678,0.193726,-0.720093,0.594482,0.123047,-0.855591,0.631470,0.110596,-1.077148,0.781982,0.249268,-1.312012,0.863892,0.323364,-1.263672,0.960327,0.278564,-1.090698,1.169800,0.311646,-1.196777,1.103882,0.282227,-1.209595,0.974976,0.343750,-1.071411,0.819824,0.241333,-0.828125,0.924805,0.195068,-0.620605,1.115845,0.398926,-0.295654,1.167725,0.580688,-0.260864,1.092773,0.587402,-0.415405,1.016235,0.590820,-0.560669,0.833618,0.498901,-0.321167,0.834106,0.536011,0.222168,0.967041,0.676758,0.591675,0.913696,0.645020,0.375610,0.833008,0.655151,0.057007,0.687866,0.642212,0.299927,0.735352,0.632812,0.480225,0.911987,0.663696,0.446777,0.850098,0.643311,0.178589,0.789917,0.664795,0.139893,0.757812,0.662842,0.139771,0.801880,0.637573,0.162720,0.859863,0.635254,0.125122,0.799438,0.672852,0.116333,0.701294,0.655396,0.113647,0.755493,0.624390,0.110229,0.887695,0.632446,0.160278,0.870361,0.636597,0.155151,0.814453,0.638916,0.116089,0.781738,0.628784,0.090698,0.797729,0.616455,0.127197,0.840942,0.618164,0.146851,0.885010,0.672852,0.186401,0.804688,0.661865,0.150146,0.794556,0.653687,0.122070,0.815674,0.643677,0.085083,0.853027,0.648560,0.143677,0.870605,0.648438,0.207275,0.828003,0.639160,0.161011,0.806274,0.635254,0.115845,0.802002,0.629761,0.126953,0.803955,0.632324,0.160400,0.814819,0.654785,0.171631,0.791260,0.643921,0.137085,0.782715,0.631348,0.106445,0.776611,0.623047,0.134033,0.785767,0.639893,0.179443,0.817139,0.643921,0.170288,0.845215,0.659790,0.121094,0.840942,0.653809,0.069214,0.827148,0.648315,0.104370,0.809326,0.650635,0.186646,0.805298,0.656982,0.190308,0.826416,0.658081,0.150635,0.838135,0.653809,0.110596,0.826782,0.655762,0.124023,0.782959,0.643677,0.158203,0.783936,0.648438,0.163452,0.816162,0.650757,0.139282
0.648438,0.728516,0.378540,0.628296,0.731445,0.473511,0.614136,0.703247,0.355713,0.677002,0.718872,0.372803,0.670776,0.714844,0.436035,0.675293,0.718140,0.463257,0.535645,0.746948,0.390015,0.620361,0.759766,0.321289,0.682129,0.746094,0.403809,0.652222,0.722778,0.454224,0.572266,0.706665,0.291016,0.579956,0.723145,0.330811,0.645874,0.733887,0.446655,0.671875,0.709839,0.470459,0.698975,0.693970,0.381592,0.655396,0.699097,0.363892,0.651001,0.715454,0.384521,0.646606,0.693604,0.360474,0.637695,0.711548,0.434692,0.688477,0.692871,0.429810,0.665894,0.704346,0.402588,0.645142,0.694824,0.388550,0.658936,0.687012,0.424683,0.666382,0.673950,0.465698,0.751465,0.665283,0.442139,0.726807,0.654053,0.416382,0.672729,0.632202,0.316772,0.634644,0.640747,0.327148,0.686157,0.639526,0.418213,0.768677,0.683594,0.406982,0.633667,0.767578,0.313110,0.645142,0.771118,0.258911,0.672241,0.817017,0.520874,0.663330,0.852051,0.596558,0.515137,0.888550,0.464600,0.438477,0.901001,0.426514,0.480835,0.891357,0.548950,0.513550,0.891235,0.680420,0.447754,0.881714,0.619751,0.364502,0.865112,0.509888,0.364868,0.833862,0.443481,0.465820,0.810303,0.455322,0.485474,0.809082,0.478760,0.452271,0.796021,0.378296,0.384644,0.760864,0.330444,0.472412,0.732422,0.352051,0.533081,0.751221,0.457153,0.528931,0.761597,0.427246,0.484253,0.730469,0.341919,0.585205,0.691406,0.306030,0.596924,0.680786,0.370117,0.591309,0.664307,0.405396,0.440430,0.634521,0.400513,0.448608,0.563599,0.223633,0.640015,0.525513,0.163208,0.677979,0.555054,0.408691,0.786987,0.562378,0.362305,0.625244,0.573730,0.289185,0.809570,0.516602,0.222778,0.864502,0.500000,0.171875,0.757324,0.541016,0.422974,0.733643,0.538452,0.329102,0.709717,0.529297,0.344849,0.956421,0.506470,0.361206,0.891602,0.504150,0.472656,0.842651,0.499023,0.491333,0.768921,0.510620,0.386719,0.814575,0.512817,0.351196,0.997437,0.512085,0.459473,0.990234,0.508301,0.580566,0.898071,0.491089,0.541504,0.814941,0.490845,0.497681,0.875244,0.505615,0.544678,0.840210,0.503784,0.603027,0.856445,0.474365,0.559814,0.832642,0.544800,0.552124,0.874390,0.611450,0.504150,0.841187,0.619141,0.504761,0.766724,0.630005,0.572998,0.751953,0.634888,0.612671,0.666870,0.657837,0.599609,0.606567,0.677124,0.546021,0.548218,0.666504,0.559082,0.549561,0.657227,0.605713,0.556396,0.636353,0.564209,0.561401,0.635010,0.560913,0.548218,0.618652,0.548828,0.587646,0.594116,0.506714,0.614502,0.567383,0.490723,0.706665,0.572266,0.496338,0.720703,0.597046,0.455933,0.715088,0.591553,0.439697,0.693359,0.586182,0.506958,0.730103,0.581909,0.539551,0.733521,0.600952,0.578003,0.686279,0.594360,0.512817,0.643311,0.581909,0.479858,0.673828,0.570557,0.493530,0.720825,0.588501,0.537231,0.720703,0.609863,0.508789
0.602905,0.796753,0.509277,0.560425,0.795898,0.483887,0.529419,0.781372,0.353271,0.507080,0.774902,0.355225,0.582764,0.796143,0.479980,0.568481,0.814819,0.495361,0.544312,0.757690,0.404175,0.542603,0.770874,0.293579,0.619751,0.764648,0.416992,0.592407,0.769287,0.520874,0.559570,0.754150,0.426270,0.534790,0.750610,0.353516,0.565308,0.755859,0.384155,0.592773,0.751831,0.404175,0.589355,0.762329,0.422607,0.586060,0.769775,0.390381,0.585205,0.773193,0.381958,0.588745,0.772217,0.405640,0.608887,0.771606,0.462891,0.584351,0.776978,0.455444,0.528809,0.772461,0.417969,0.518921,0.764648,0.391846,0.572021,0.760376,0.427734,0.615723,0.755371,0.443237,0.650269,0.763916,0.457031,0.596313,0.777466,0.369385,0.585938,0.784058,0.321777,0.649170,0.816528,0.467896,0.616455,0.852783,0.541016,0.484985,0.890137,0.424561,0.425659,0.912354,0.326904,0.433228,0.897217,0.457031,0.451172,0.870483,0.561279,0.415283,0.859009,0.584351,0.373657,0.842773,0.526489,0.348511,0.817017,0.427002,0.378784,0.773315,0.402466,0.509033,0.746338,0.434692,0.462769,0.762085,0.416992,0.463745,0.733398,0.277222,0.462646,0.714478,0.290527,0.508301,0.691284,0.373657,0.541382,0.687744,0.376709,0.627319,0.667358,0.315063,0.586182,0.624268,0.365112,0.614990,0.591553,0.346069,0.567627,0.569336,0.366577,0.801025,0.529419,0.145508,0.666626,0.552612,0.340698,0.858887,0.534302,0.355835,0.835815,0.529419,0.416138,0.732910,0.536743,0.385620,0.701050,0.495850,0.209961,0.753174,0.513916,0.298706,0.824829,0.523560,0.433960,0.809692,0.507080,0.447998,0.734863,0.488892,0.446777,0.781006,0.505493,0.374268,0.899048,0.517334,0.376709,0.948730,0.529663,0.490601,0.964233,0.548340,0.628296,0.927002,0.523682,0.510376,0.867554,0.515137,0.497681,0.906494,0.542480,0.614502,0.865479,0.516968,0.595947,0.818237,0.490479,0.572266,0.836548,0.515015,0.549927,0.844971,0.577026,0.509766,0.778564,0.581787,0.510254,0.772949,0.579468,0.531616,0.774292,0.579468,0.538452,0.750732,0.622803,0.594116,0.671997,0.647827,0.556396,0.557373,0.632568,0.528809,0.532593,0.609863,0.502686,0.618164,0.660767,0.635010,0.610840,0.691650,0.617310,0.496948,0.670898,0.485107,0.484253,0.642578,0.496948,0.587646,0.635376,0.556030,0.667480,0.657227,0.667969,0.634521,0.640381,0.521362,0.588989,0.616089,0.446777,0.597900,0.594116,0.488037,0.666382,0.584961,0.536133,0.712646,0.599976,0.562012,0.674072,0.604248,0.460815,0.632446,0.590210,0.421997,0.656738,0.585449,0.468506,0.733032,0.592163,0.552734,0.766479,0.627075,0.557617,0.724243,0.626465,0.515015,0.671753,0.600708,0.473633,0.654663,0.594360,0.494995,0.674072,0.596924,0.564941,0.681274,0.618042,0.572021,0.656250,0.617432,0.507324,0.640503,0.566040,0.447021,0.642212,0.585449,0.473633,0.672852,0.599121,0.502197
0.536011,0.839844,0.459961,0.540283,0.816895,0.468628,0.569946,0.819702,0.597900,0.448730,0.822388,0.514771,0.493652,0.816040,0.465820,0.496826,0.807251,0.506104,0.458130,0.801636,0.491211,0.469727,0.783325,0.374756,0.486450,0.710083,0.305908,0.507935,0.704102,0.497803,0.522949,0.715942,0.489990,0.392090,0.711670,0.384155,0.439575,0.738037,0.336182,0.492310,0.766968,0.429810,0.551392,0.775146,0.455322,0.568848,0.840820,0.436035,0.448120,0.889404,0.376221,0.604736,0.972778,0.351807,0.723022,1.056274,0.629272,0.725952,1.118042,0.795288,0.448608,1.105469,0.537231,0.283081,1.051880,0.344971,0.147583,0.987671,0.499878,0.156250,0.990845,0.697876,0.087769,0.969604,0.637451,0.008789,0.883667,0.399902,0.031372,0.833618,0.277222,0.142334,0.811890,0.349609,0.220703,0.817993,0.399170,0.270264,0.773315,0.283569,0.291382,0.739380,0.299927,0.317871,0.709717,0.359863,0.507080,0.692871,0.290161,0.473999,0.702026,0.357178,0.494995,0.631714,0.299683,0.469849,0.595215,0.263794,0.354492,0.586182,0.289917,0.608765,0.601929,0.183594,0.675049,0.621704,0.331055,0.770386,0.632690,0.446045,0.688965,0.610718,0.417236,0.547607,0.581665,0.364746,0.764160,0.584961,0.235596,0.743286,0.616333,0.446167,0.846802,0.601318,0.484863,0.764771,0.538574,0.441772,0.775513,0.584351,0.475098,0.931030,0.617432,0.411133,0.826660,0.616089,0.474976,0.861694,0.589355,0.433716,0.827393,0.600098,0.569336,0.976074,0.720703,0.663940,0.930908,0.724976,0.621216,0.833862,0.700195,0.574219,0.801025,0.697266,0.568237,0.776367,0.753418,0.632202,0.620117,0.784058,0.609375,0.539185,0.754761,0.503784,0.495483,0.742920,0.512939,0.521606,0.750610,0.651978,0.464478,0.772705,0.681763,0.398193,0.751587,0.524414,0.327271,0.721680,0.497070,0.381348,0.710571,0.514893,0.495850,0.735229,0.580688,0.518433,0.759644,0.581787,0.461670,0.725098,0.450073,0.438477,0.704956,0.452637,0.553955,0.702759,0.515503,0.582642,0.703247,0.561401,0.577026,0.705078,0.528320,0.557251,0.687500,0.465332,0.559814,0.671875,0.455078,0.620361,0.663086,0.498657,0.636719,0.714600,0.558350,0.609985,0.706787,0.510986,0.592529,0.695312,0.464600,0.582275,0.687866,0.495239,0.578613,0.667969,0.512329,0.599487,0.697021,0.560669,0.591675,0.698608,0.522949,0.593628,0.687500,0.473145,0.589233,0.672119,0.482300,0.589600,0.668335,0.524780,0.573730,0.682739,0.486694,0.586670,0.691895,0.455322,0.606079,0.690674,0.464233,0.598877,0.686401,0.519043,0.599487,0.684814,0.554932,0.586060,0.686523,0.551880,0.599365,0.695923,0.504395,0.613892,0.696411,0.512573,0.600220,0.684082,0.503296,0.585693,0.679688,0.525024,0.559082,0.685913,0.506592,0.583740,0.704712,0.494141,0.588379,0.693604,0.487671,0.588501,0.684448,0.514282,0.598389,0.675659,0.531128,0.596558,0.692383,0.533691
-0.650879,0.731323,1.355347,-0.140991,0.551147,0.741455,-0.287842,0.526245,0.598267,-0.432861,0.613647,0.806763,-0.385132,0.621338,0.901611,-0.305054,0.556641,0.717285,-0.134033,0.530029,0.831055,-0.114502,0.496582,0.839233,-0.351074,0.602905,1.087524,-0.377686,0.511963,0.729980,-0.271606,0.439331,0.594482,-0.311035,0.525757,0.893188,-0.275757,0.537842,1.053345,-0.207275,0.493164,0.837036,-0.167725,0.517090,0.735107,-0.154907,0.544800,0.876709,-0.113037,0.494751,0.879395,-0.254150,0.557373,0.960083,-0.357544,0.700439,1.272705,-0.263428,0.673462,1.472534,-0.343140,0.692871,1.231323,-0.592651,0.783447,1.075317,-0.934448,0.829834,0.880371,-0.948120,0.731934,0.686768,-1.001831,0.568237,0.451660,-1.311646,0.441528,0.250610,-1.372070,0.304565,-0.094482,-1.197266,0.114746,-0.604126,-0.982788,-0.026489,-0.750854,-0.847412,-0.265869,-0.619263,-0.638184,-0.627930,-0.623413,-0.325073,-0.803955,-0.283081,0.008911,-1.005249,0.208008,0.696655,-0.996948,0.945068,1.856812,-0.891113,1.590454,2.237915,-0.820923,1.971680,1.166382,-0.772827,2.347778,0.822754,-0.434692,2.548950,0.716919,-0.268921,2.422852,0.423828,-0.200684,1.950195,-0.310425,-0.224121,1.169678,-0.693726,-0.033569,0.808472,-0.276855,0.217407,1.162109,-0.151611,0.276855,1.355957,-0.282227,0.243164,1.217285,-0.041992,0.198242,0.902466,0.196289,0.210815,0.877441,0.214355,0.213013,0.894287,0.192139,0.162964,0.928589,0.207397,0.129150,0.874146,0.078003,0.182617,0.923950,0.231934,0.196777,0.942505,0.287476,0.170288,0.866943,0.177124,0.144775,0.893555,0.094116,0.149048,0.994507,0.128418,0.199585,1.057373,0.178223,0.195312,0.996338,0.302368,0.165283,0.909546,0.190552,0.139404,0.934204,0.177002,0.147461,0.997803,0.174194,0.180298,1.017578,0.189575,0.193481,0.978394,0.229370,0.166748,0.905762,0.266968,0.192993,0.896118,0.151367,0.213989,0.942993,0.118042,0.201660,0.974121,0.153198,0.185059,1.023682,0.190063,0.177734,0.997437,0.141357,0.179810,0.947021,0.157471,0.162964,0.923828,0.112915,0.167725,0.909302,0.138306,0.173218,0.955688,0.144043,0.187988,1.014404,0.190186,0.208740,1.018677,0.150513,0.191406,0.946777,0.133301,0.162598,0.896851,0.155884,0.173096,0.929321,0.189941,0.183838,1.020996,0.219482,0.182495,1.075073,0.174927,0.153076,0.948975,0.127686,0.160156,0.863892,0.135254,0.200439,0.890869,0.200317,0.206665,0.975586,0.174927,0.184448,1.013672,0.168823,0.169189,1.017334,0.152954,0.172974,0.954834,0.142700,0.182129,0.916382,0.181763,0.171021,0.908936,0.188477,0.163940,0.930420,0.184326,0.176392,1.024414,0.193237,0.201172,1.062866,0.205444,0.189331,0.965088,0.184326,0.181641,0.918945,0.150513,0.190063,0.974976,0.141724,0.195801,0.995117,0.131104,0.194580,0.954346,0.164917,0.188477,0.926270,0.182129,0.185425,0.939819,0.166138,0.187134,0.975586,0.172485,0.193237,1.003052
-0.256104,0.327393,0.700806,-0.327271,0.323120,0.475464,-0.203613,0.265991,0.410645,-0.265503,0.238647,0.401001,-0.354004,0.305908,0.901001,-0.150513,0.285889,1.067749,-0.100220,0.233032,0.945923,0.001587,0.191162,0.852173,0.031982,0.093140,0.446289,-0.135376,0.067505,0.647583,0.674194,-0.169556,1.126099,0.708130,-0.146606,1.921265,0.069580,0.019287,2.157349,0.413086,-0.095337,2.171387,0.526611,-0.112061,1.656860,-0.149902,-0.040527,1.542114,-0.599854,-0.129028,1.834961,-0.513916,-0.276611,1.718628,-0.728516,-0.190186,1.103760,-1.134277,-0.076416,0.437134,-1.114258,-0.010254,0.083252,-1.241821,0.069946,-0.151001,-0.926636,0.020874,-0.665283,-1.066772,0.038818,-1.181274,-0.796631,-0.176758,-1.147705,-0.583740,-0.537842,-0.682983,-0.468018,-1.014038,-0.246094,-0.141724,-1.200317,0.116577,1.184082,-1.225098,1.078247,2.091431,-0.979614,2.083374,1.587036,-0.989258,1.919678,1.484985,-1.066650,1.878784,1.296875,-1.128052,2.040161,0.827393,-1.101929,2.302124,-0.123657,-0.915283,1.949097,-0.348267,-0.517944,2.020752,-0.508667,-0.552490,1.390625,-0.632446,-0.398804,0.886841,-0.447510,-0.264038,0.635498,-0.201172,-0.052612,1.052979,0.198730,-0.045044,1.198120,0.346558,-0.133789,1.080444,0.460571,-0.136475,0.741455,0.359863,-0.061768,0.785156,0.291992,-0.005859,0.924438,0.226807,-0.033569,1.013062,0.351929,-0.100342,0.984009,0.466431,-0.082031,0.856445,0.353394,-0.005127,0.814819,0.234619,0.014038,0.828369,0.198364,-0.016968,0.840210,0.375366,-0.043091,0.902344,0.501343,-0.035645,0.931152,0.394897,-0.015991,1.003174,0.313965,-0.028320,0.949097,0.234375,-0.054077,0.893188,0.343628,-0.047607,0.898682,0.487305,-0.029541,0.916992,0.397827,-0.021118,0.926880,0.303955,-0.039795,0.979004,0.278320,-0.059204,0.980469,0.339722,-0.052612,0.958252,0.428223,-0.035400,0.920410,0.381714,-0.042358,0.939941,0.332642,-0.050293,0.944458,0.306030,-0.058350,0.970459,0.379639,-0.042603,0.982666,0.395630,-0.039917,0.932129,0.353271,-0.042480,0.883057,0.355835,-0.042603,0.868774,0.359619,-0.031494,0.948730,0.371826,-0.028931,0.999634,0.339355,-0.030762,0.929321,0.339844,-0.035767,0.921631,0.324707,-0.023071,0.930664,0.343018,-0.023560,0.928101,0.366699,-0.023560,0.900024,0.318604,-0.039185,0.889038,0.302734,-0.019287,0.940063,0.312134,-0.007935,0.994629,0.319336,-0.027222,0.972534,0.332397,-0.037231,0.885864,0.324463,-0.027344,0.882324,0.281738,-0.009155,0.919189,0.326050,-0.010254,1.041870,0.343506,-0.008545,1.032104,0.311035,-0.031738,0.950806,0.260864,-0.033203,0.912720,0.340454,-0.005615,0.905151,0.324585,0.004883,0.967529,0.315918,0.001221,1.014648,0.294556,-0.022827,0.943604,0.270020,-0.023193,0.874512,0.290894,0.010742,0.912842,0.323608,0.027222,0.989868,0.326904,0.007568,0.961182,0.289673,-0.018188,0.951904,0.297485,-0.002563,0.938354,0.303101,0.006592,0.955566,0.304199,0.012085,0.985352
-0.765625,0.510010,0.902588,-0.494385,0.400269,0.799316,-0.393555,0.371582,0.910767,-0.429932,0.378174,0.820435,-0.324951,0.315552,0.637695,-0.354980,0.299683,0.755981,-0.304688,0.325439,1.170288,-0.289917,0.248047,0.859619,-0.309570,0.254395,0.606323,-0.249756,0.156128,0.465088,-0.167114,0.153442,0.946289,-0.302856,0.195801,1.342285,-0.545776,0.221191,1.595581,-0.692871,0.194702,1.876831,-0.472046,0.007812,1.846191,-0.666016,0.025757,1.292603,-1.027832,0.061646,1.139893,-1.269775,0.061401,1.586670,-0.793091,-0.188599,1.255005,-1.186401,-0.073120,0.461426,-1.354126,0.121582,-0.299194,-0.713867,0.161743,-0.450439,-0.494629,0.266602,-0.514404,-0.228882,0.252319,-0.390869,-0.419312,0.270508,-0.589966,-0.770508,0.094116,-0.758179,-0.417236,-0.238770,-0.501465,-0.048584,-0.333374,-0.016357,0.208740,-0.467407,0.287964,0.028198,-0.703735,0.570557,0.171387,-0.667236,1.299072,0.948486,-0.634521,2.184082,1.200195,-0.805420,1.962280,0.870361,-0.885498,1.568481,0.678101,-0.911133,1.957642,0.356689,-0.845459,2.404175,-0.172729,-0.814209,2.362915,-0.558472,-0.531860,1.677368,-0.546631,-0.409546,1.444580,-0.506592,-0.198730,1.322754,-0.121826,-0.141724,0.747192,0.113281,-0.104736,0.510254,0.061890,-0.095459,0.462646,0.004639,-0.000610,0.745361,0.093872,0.059326,1.159546,0.165527,0.064087,1.296753,0.174683,-0.031128,1.001099,0.102417,-0.066528,0.704468,0.220947,-0.011963,0.703247,0.245850,0.053955,0.882812,0.218018,0.066284,1.108765,0.136353,0.035156,1.155518,0.104492,-0.005371,0.936035,0.297974,-0.012817,0.796509,0.277710,0.043335,0.863647,0.170776,0.036743,0.910522,0.109985,0.027954,1.024536,0.138794,0.022827,1.003052,0.277588,0.027954,0.984131,0.267578,0.031494,0.949707,0.206543,0.017334,0.950806,0.131714,0.016235,1.013184,0.140503,0.016357,1.032349,0.196899,0.012207,1.045410,0.249023,0.018188,1.043213,0.247925,0.000000,0.913696,0.167114,0.014282,0.913696,0.166992,0.032471,0.939209,0.164795,0.027954,0.951172,0.261108,0.025635,0.968140,0.226685,0.017944,0.981812,0.189087,0.003296,0.957764,0.165527,0.017700,0.997070,0.155396,0.025879,0.999023,0.190186,0.020752,0.970703,0.212036,0.015015,0.983276,0.204956,0.011963,0.970215,0.179565,0.023071,0.986450,0.172852,0.022827,0.969360,0.196411,0.008789,0.961182,0.209595,0.009766,0.961060,0.187622,0.016113,0.969971,0.189697,0.026123,0.964600,0.194702,0.024292,0.960693,0.199951,0.013550,0.990723,0.209351,0.009521,0.995972,0.222290,0.011353,0.982788,0.205078,0.012207,0.969727,0.150879,0.014404,0.976562,0.164673,0.009766,0.961426,0.208984,0.011108,0.958984,0.216431,0.021484,0.992065,0.203491,0.014526,1.000488,0.191040,0.010498,0.966919,0.194580,0.004395,0.935669,0.195801,0.010132,0.953857,0.218140,0.020630,0.998047,0.213135,0.018677,0.998779,0.212524,0.012573,0.987427,0.183472,0.008789,0.938477
-0.472778,0.381470,0.740356,-0.489746,0.466553,1.143799,-0.152954,0.323730,0.895508,-0.153198,0.360474,0.976685,-0.103271,0.319824,0.858276,-0.165405,0.357544,1.034546,-0.290283,0.354248,1.092651,-0.161865,0.205688,0.748291,-0.097412,0.192993,0.500366,-0.108032,0.224121,0.496216,-0.069092,0.187866,0.916748,-0.464233,0.236206,1.416992,-0.827759,0.194092,1.625366,-0.813477,0.169189,1.879028,-0.724243,0.090576,1.879028,-1.180542,0.057495,1.690063,-0.950195,-0.115601,1.274048,-1.314209,-0.063721,1.022583,-1.187622,-0.099243,0.484619,-0.300049,0.028931,-0.142944,-0.389038,0.249634,-0.466675,-0.415405,0.299683,-0.509033,-0.216553,0.168457,-0.606445,0.062622,0.043457,-0.640625,-0.284424,-0.099121,-0.298340,-0.225342,-0.283936,0.098267,-0.024292,-0.453003,0.365356,0.122803,-0.581543,0.786133,0.561401,-0.601318,1.404907,1.397827,-0.610840,2.085449,1.468506,-0.826416,2.051270,0.914062,-0.978638,1.710815,0.386475,-1.090210,1.655029,-0.404785,-0.853394,2.242920,-0.673706,-0.718628,2.516479,-1.019043,-0.501709,1.714478,-0.646240,-0.428467,0.713623,-0.162231,-0.170776,0.312622,0.120850,-0.006592,0.923828,-0.014771,-0.058472,1.150513,-0.216431,-0.099854,1.045410,-0.070312,-0.083374,0.842651,0.059448,-0.040771,0.953003,0.188232,-0.020874,1.053589,0.270142,-0.035645,1.106689,0.163330,-0.070068,0.913208,0.057983,-0.064453,0.713135,0.052856,0.008545,0.854004,0.167725,0.022461,0.999023,0.184814,0.011963,1.032715,0.140747,-0.026489,0.953369,0.074707,-0.043823,0.880127,0.128784,-0.028931,0.947998,0.180908,-0.013062,0.998291,0.188843,-0.010498,1.012085,0.156128,-0.015625,0.999390,0.121460,-0.016724,0.975342,0.133423,-0.007935,0.978760,0.129883,-0.004028,1.012085,0.130981,-0.010498,0.984863,0.125732,-0.009155,0.983032,0.125122,-0.011108,0.947266,0.126709,-0.005005,0.934326,0.127075,-0.001343,0.992676,0.144165,-0.006592,1.014648,0.158813,-0.017334,0.985352,0.160645,-0.021118,0.930298,0.151245,-0.013672,0.941650,0.158569,-0.007935,0.991333,0.141968,-0.009399,1.015991,0.132446,-0.021729,1.002808,0.142212,-0.027222,0.940674,0.148560,-0.019775,0.952026,0.155273,-0.013916,0.970337,0.146362,-0.015625,0.990356,0.151855,-0.012329,1.007446,0.141357,-0.012573,0.981445,0.143799,-0.013184,0.967896,0.160400,-0.010620,0.976685,0.134644,-0.017456,0.990356,0.135376,-0.017212,1.030518,0.167725,-0.011475,1.017944,0.149048,-0.006470,0.948853,0.151733,-0.008911,0.901733,0.127197,-0.011108,0.919556,0.132202,0.000000,0.994263,0.156372,-0.001099,1.028564,0.160645,-0.013428,0.955688,0.149658,-0.016479,0.944458,0.136841,-0.016357,0.953613,0.142944,-0.007812,0.999634,0.159546,-0.006958,1.020630,0.157959,-0.014893,0.954346,0.141479,-0.013306,0.929688,0.175903,-0.005127,0.977051,0.197021,0.004150,1.007080,0.163818,-0.012817,0.998291,0.094604,-0.021729,0.970947,0.128906,-0.019165,0.973999,0.148193,-0.010498,0.999146
-0.416382,0.222534,1.225586,-0.415039,0.247314,1.326172,-0.077759,0.195801,1.104980,-0.044556,0.175659,1.088989,-0.051270,0.198120,1.295410,0.038452,0.207520,1.084839,-0.116699,0.194702,0.803589,0.138062,0.183350,1.024536,0.167236,0.273804,1.383667,-0.158081,0.286865,1.425293,-0.527222,0.251221,1.176758,-0.531372,0.262573,0.775146,-0.367920,0.280884,0.823486,-0.737305,0.400635,1.198486,-1.352417,0.438477,1.706543,-0.854492,0.150513,1.781128,-0.738403,0.074341,1.120117,-0.893799,0.161987,0.293945,-0.610474,0.249878,-0.180054,-0.466309,0.319824,-0.253540,-0.418945,0.373047,-0.554077,-0.505005,0.317505,-1.062256,-0.560425,0.192749,-1.078979,-0.517700,-0.054932,-0.543213,-0.096313,-0.092407,-0.174805,0.025757,-0.271973,-0.048462,-0.052002,-0.447388,0.141113,-0.038208,-0.547485,0.654785,0.379517,-0.569336,1.363037,1.244995,-0.735840,2.027954,1.025391,-0.874512,1.574097,0.253784,-1.043945,1.294678,-0.004517,-0.974976,1.835205,-0.002808,-0.813721,2.474854,-0.083008,-0.697632,2.539429,-0.297607,-0.744141,1.819458,-0.732178,-0.591064,1.075684,-0.583618,-0.311646,0.629517,0.162598,-0.262207,0.999146,0.197754,-0.261475,1.297119,-0.291260,-0.350586,0.810425,-0.426636,-0.187866,0.612915,-0.081421,-0.112305,0.948364,0.088989,-0.072632,1.196533,0.217407,-0.114746,1.083374,0.132690,-0.175537,0.811401,0.064941,-0.128784,0.604980,0.183594,-0.105347,0.880493,0.214600,-0.091431,1.104980,0.131226,-0.122803,1.052368,0.105835,-0.135498,0.975220,0.166992,-0.145752,0.897583,0.153809,-0.124878,0.814941,0.172852,-0.104736,0.893921,0.098755,-0.092407,1.015137,0.134888,-0.101440,1.078125,0.127441,-0.117920,1.027954,0.084473,-0.116455,0.882568,0.124512,-0.093872,0.938721,0.157837,-0.078491,0.968628,0.168213,-0.078247,1.016724,0.138672,-0.099976,1.005737,0.116089,-0.108154,0.945312,0.112061,-0.100830,0.925659,0.163086,-0.090088,0.987061,0.176392,-0.089722,1.043335,0.114990,-0.111084,1.008911,0.110107,-0.119995,0.950439,0.112183,-0.103760,0.936523,0.128052,-0.092651,0.960815,0.134766,-0.089966,0.976440,0.093262,-0.102295,0.947510,0.102905,-0.105469,0.968506,0.131470,-0.108276,0.988647,0.123413,-0.101074,0.965210,0.146606,-0.098633,0.975708,0.167969,-0.090576,1.006592,0.118286,-0.092285,1.007080,0.110107,-0.087280,0.997925,0.113159,-0.094238,0.979858,0.133301,-0.100098,0.978394,0.136597,-0.097046,0.993286,0.126953,-0.100830,0.986816,0.109619,-0.095947,0.943115,0.114136,-0.093018,0.915894,0.129639,-0.081787,0.946289,0.168945,-0.077759,0.995972,0.160400,-0.084473,0.979736,0.154541,-0.086426,0.942017,0.141479,-0.077881,0.942993,0.121704,-0.078491,0.951172,0.156250,-0.074829,0.999146,0.166138,-0.081665,0.998901,0.142944,-0.089600,0.963013,0.117676,-0.090576,0.982910,0.125854,-0.082764,0.986450,0.140747,-0.075562,0.979004,0.161743,-0.070923,0.934570,0.151123,-0.090210,0.919067,0.162964,-0.093140,0.990112
-0.430786,0.070068,0.640869,-0.575562,0.152222,1.052246,-0.591553,0.196411,1.167114,-0.182251,0.094971,1.038330,-0.121826,0.064575,0.969849,-0.167603,0.058350,0.822144,-0.303833,0.178345,1.230835,-0.113159,0.165527,1.479126,0.088623,-0.067383,1.175781,-0.363403,-0.181885,1.089233,-1.169312,-0.010742,0.683105,-0.970947,0.045898,1.196289,-0.850586,0.135986,1.419067,-0.727539,0.041992,1.199829,-1.380249,0.109619,1.592651,-1.352295,-0.078857,1.874756,-0.706177,-0.255737,0.926636,-0.735107,-0.194580,-0.018799,-1.075073,0.010864,-0.433716,-0.579712,0.133789,-0.301147,-0.471558,0.180908,-0.373657,-0.465820,0.288086,-0.696411,-0.352295,0.016968,-0.942871,-0.152954,-0.087646,-0.718384,-0.313965,-0.171265,-0.156860,0.125610,-0.271362,0.318970,0.203125,-0.386841,0.388916,-0.039429,-0.520630,0.565308,0.165039,-0.582275,1.304443,0.705566,-0.606323,2.215088,0.939087,-0.684814,2.043213,0.615601,-1.153809,1.067993,0.059814,-1.351807,1.116821,-0.353516,-1.189697,1.805908,-0.604736,-0.912720,2.551636,-0.583374,-0.722412,2.623901,-0.497559,-0.790649,1.479004,-0.611328,-0.633545,0.509644,-0.459229,-0.360596,0.343262,-0.102905,-0.234741,1.225098,-0.024292,-0.322388,1.578857,-0.143066,-0.422607,1.023315,-0.178955,-0.252197,0.374146,0.078613,-0.123657,0.485840,0.303589,-0.089722,0.841431,0.283691,-0.107910,1.106934,0.120361,-0.175781,1.156494,0.089233,-0.189331,0.864380,0.066406,-0.181152,0.682983,0.159790,-0.144897,0.812134,0.176758,-0.132812,1.089966,0.176758,-0.151123,1.192261,0.117676,-0.179443,1.021973,0.099731,-0.173828,0.756836,0.133667,-0.135498,0.784790,0.133911,-0.129761,0.936157,0.153687,-0.136475,1.140625,0.156860,-0.168213,1.061279,0.119995,-0.179810,0.890991,0.163452,-0.163574,0.913452,0.173950,-0.148315,0.973877,0.124512,-0.149780,1.018433,0.116699,-0.153564,1.002441,0.086060,-0.140259,0.902832,0.099365,-0.135010,0.858521,0.138306,-0.134521,0.931641,0.172729,-0.148438,1.005005,0.146851,-0.160156,1.006348,0.152832,-0.166138,0.958130,0.125244,-0.170898,0.918945,0.120483,-0.160767,0.957275,0.152466,-0.155396,1.017212,0.171265,-0.163574,1.024048,0.135986,-0.166870,0.935425,0.109741,-0.157959,0.917725,0.107788,-0.147217,0.965576,0.152466,-0.149414,1.010132,0.162720,-0.154907,0.986450,0.136108,-0.157593,0.936035,0.104126,-0.162231,0.925049,0.120117,-0.154541,0.953125,0.162720,-0.145874,0.990601,0.149292,-0.143311,1.001465,0.124146,-0.146362,0.978027,0.092896,-0.150146,0.921631,0.123657,-0.150024,0.906494,0.166992,-0.139893,0.962158,0.165283,-0.134277,1.014893,0.143311,-0.138062,0.987183,0.125122,-0.154907,0.937866,0.111572,-0.152466,0.896362,0.147095,-0.141113,0.954712,0.158569,-0.135132,1.037354,0.137695,-0.147461,1.048462,0.115967,-0.160156,0.956299,0.116333,-0.152954,0.864990,0.143066,-0.136108,0.926270,0.153564,-0.131104,1.025269,0.141357,-0.151367,1.019043,0.095337,-0.158325,0.895386
0.512695,0.101196,1.452759,0.349243,-0.008667,0.889893,0.304688,-0.035278,0.568848,0.240723,0.076416,0.998291,0.344727,0.035645,0.831299,0.463257,-0.012939,0.622192,0.601929,0.003418,0.861206,0.488892,-0.004639,1.155396,0.366577,-0.049438,1.295776,0.271240,-0.201294,0.978516,0.275024,-0.176025,0.843750,0.387573,-0.045654,0.804077,0.092773,-0.187744,1.008545,-0.468506,-0.099487,1.819824,-0.712524,-0.031006,2.351562,-0.431519,-0.145874,1.924805,-0.283325,-0.123657,1.250977,-0.813965,-0.080688,0.708130,-1.362915,-0.017578,0.756958,-0.965332,-0.146729,0.880005,-0.984131,0.000732,0.416992,-1.011719,0.113281,-0.162354,-0.773682,0.211304,-0.536499,-0.774536,0.205933,-0.947632,-0.533813,0.076538,-0.701538,-0.375244,-0.092285,-0.505249,-0.339966,-0.351685,-0.205566,-0.228394,-0.567261,-0.050293,-0.062866,-0.596924,0.498047,0.580200,-0.677612,1.103394,0.833130,-0.816284,1.562378,0.655273,-0.830933,1.061890,0.882935,-1.110107,1.396851,0.865845,-1.266724,2.052979,0.161255,-1.272705,2.094727,-0.318970,-1.203979,1.992676,-0.644043,-0.911865,1.903198,-0.515625,-0.707764,1.765137,-0.272705,-0.579712,1.188843,-0.353516,-0.487427,0.552979,-0.516724,-0.391724,0.579712,-0.335571,-0.381836,0.985474,-0.073608,-0.401123,1.401001,0.004395,-0.382324,1.069946,0.133057,-0.351807,0.746216,0.323364,-0.293823,0.714966,0.362061,-0.274048,0.875122,0.260864,-0.235718,0.972900,0.096802,-0.262451,0.894531,0.006958,-0.265259,0.800659,0.149170,-0.269165,0.866699,0.325562,-0.241455,1.008057,0.281006,-0.230469,0.965332,0.148682,-0.238403,0.855835,0.065674,-0.229614,0.833496,0.132080,-0.226440,0.890625,0.234375,-0.207520,0.949707,0.262085,-0.203247,0.950317,0.187500,-0.213257,0.900879,0.150146,-0.229614,0.871826,0.209473,-0.225098,0.934204,0.247437,-0.207886,0.988403,0.225464,-0.208374,0.983765,0.163696,-0.212158,0.939453,0.145508,-0.215088,0.894409,0.184692,-0.202271,0.905396,0.223755,-0.189941,0.959595,0.212524,-0.194824,0.974121,0.193481,-0.209839,0.964600,0.156128,-0.215332,0.910034,0.168701,-0.208618,0.899048,0.237671,-0.194824,0.959229,0.252197,-0.197266,0.975342,0.196289,-0.204346,0.975342,0.178833,-0.214355,0.971680,0.155029,-0.210449,0.927368,0.189941,-0.189575,0.924072,0.216919,-0.180908,0.928467,0.214722,-0.183838,0.934692,0.202271,-0.206177,0.920776,0.219482,-0.203247,0.925049,0.251343,-0.197876,0.955200,0.239014,-0.200562,0.967163,0.213867,-0.198120,0.951660,0.214355,-0.200684,0.942139,0.222900,-0.191772,0.926270,0.212036,-0.184692,0.906738,0.226562,-0.183960,0.933350,0.228638,-0.191406,0.960449,0.213013,-0.197754,0.953369,0.236084,-0.197144,0.937012,0.265625,-0.192017,0.936890,0.244995,-0.194458,0.936035,0.223877,-0.192993,0.934937,0.236328,-0.187500,0.986816,0.255493,-0.190674,0.978638,0.272827,-0.198730,0.909790,0.242920,-0.193115,0.871704,0.230713,-0.192261,0.915039,0.268677,-0.186035,0.968506
0.868408,-0.144287,0.757080,0.921997,-0.144165,0.815430,0.892944,-0.196899,0.774414,0.756226,-0.192017,0.661255,0.692505,-0.178589,0.445435,0.760498,-0.226562,0.460449,1.019043,-0.254761,1.053589,1.016968,-0.281982,1.160889,0.873901,-0.320801,0.927124,0.808228,-0.246460,0.650024,1.127075,-0.177734,0.802734,1.468506,-0.196045,1.079590,1.061157,-0.233765,1.393799,0.880127,-0.291870,1.773071,0.807983,-0.278320,1.732300,0.332397,-0.260376,1.133301,-0.267456,-0.220703,0.840088,-0.154175,-0.110718,1.003174,-0.107544,0.082397,1.086182,-0.039673,0.014893,0.552734,-0.333130,0.073242,0.029053,-0.680542,0.111084,-0.171753,-0.574463,0.054810,-0.141235,-0.287720,-0.111450,-0.252686,-0.205078,-0.457275,-0.328491,-0.341919,-0.805664,-0.035889,-0.038940,-1.406250,0.344360,1.708496,-1.359497,0.893433,2.779785,-1.181030,1.390381,0.981567,-1.060669,0.852539,0.879883,-1.128418,0.513184,2.114258,-1.201294,1.027710,2.210205,-1.166016,1.641724,1.074829,-1.262451,1.316650,0.277954,-1.021118,1.212036,0.162964,-0.749878,1.299805,-0.017456,-0.531006,1.623291,-0.196167,-0.467407,1.305664,0.448486,-0.412231,0.833984,0.818237,-0.391479,0.548096,0.831543,-0.408813,0.483398,0.662842,-0.405640,0.514648,0.571411,-0.403442,0.580933,0.650757,-0.321655,0.604004,0.840210,-0.319824,0.569458,0.859985,-0.334839,0.545898,0.805054,-0.358398,0.572876,0.647339,-0.344604,0.611206,0.623901,-0.301270,0.587646,0.666504,-0.278687,0.475098,0.800415,-0.293945,0.481201,0.841919,-0.297241,0.620972,0.773315,-0.323975,0.638306,0.684692,-0.324707,0.567261,0.677368,-0.309570,0.537109,0.779663,-0.298340,0.564575,0.794434,-0.297974,0.633423,0.770264,-0.322388,0.631348,0.664795,-0.323486,0.586182,0.685181,-0.308594,0.557617,0.764282,-0.293701,0.623169,0.773193,-0.286987,0.635864,0.766846,-0.293945,0.578125,0.685181,-0.293823,0.536133,0.683594,-0.293823,0.571167,0.746338,-0.284668,0.627808,0.808594,-0.284302,0.664917,0.796143,-0.294556,0.613525,0.713867,-0.310303,0.553467,0.682983,-0.293701,0.601562,0.728638,-0.278931,0.641846,0.809570,-0.273804,0.659668,0.786865,-0.279297,0.618896,0.710693,-0.293945,0.545288,0.671509,-0.289429,0.570190,0.741455,-0.278564,0.603149,0.814331,-0.272339,0.632446,0.763062,-0.279175,0.624512,0.693970,-0.293457,0.613892,0.680542,-0.286865,0.600586,0.726562,-0.272339,0.594238,0.767456,-0.256592,0.622192,0.773315,-0.263184,0.653687,0.707764,-0.282837,0.662109,0.702026,-0.290894,0.643677,0.779175,-0.283081,0.604492,0.759521,-0.271362,0.594604,0.748901,-0.267456,0.651733,0.687500,-0.278931,0.657715,0.699341,-0.287720,0.603760,0.745483,-0.272583,0.601685,0.772339,-0.268921,0.594604,0.736450,-0.278687,0.609253,0.687988,-0.280029,0.652954,0.723511,-0.274414,0.677490,0.737061,-0.271606,0.645386,0.752441,-0.273071,0.637573,0.763550,-0.270264,0.624390,0.697876,-0.267700,0.589844,0.712036,-0.268677,0.620728
0.440186,0.121338,1.214355,0.360352,0.000610,0.682861,0.305176,-0.004639,0.658813,0.659668,-0.111816,1.258545,0.681641,-0.157837,0.869141,0.627075,-0.178223,0.633545,0.525269,-0.202637,0.582397,0.524536,-0.217163,0.780640,0.764648,-0.201416,1.126709,0.723877,-0.240967,0.879639,0.624756,-0.282349,0.695435,0.587402,-0.262085,0.751831,0.741943,-0.295898,1.107422,0.873169,-0.315918,1.466064,0.701904,-0.346191,1.409302,0.680420,-0.433350,1.546753,0.377197,-0.398804,1.840210,0.183960,-0.375488,1.884155,-0.033569,-0.513062,1.602905,-0.013306,-0.676636,1.362183,-0.665283,-0.412720,0.731934,-0.358154,-0.206299,0.211060,0.054688,-0.081787,0.125977,-0.067383,-0.041382,0.135620,-0.069336,-0.081177,0.067017,0.099243,-0.169312,-0.181885,0.064209,-0.291992,-0.153076,0.178955,-0.470215,0.169189,0.405151,-0.671997,0.506592,1.290894,-0.672241,0.689453,1.554810,-0.661377,0.896362,1.009521,-0.699585,0.784790,1.077148,-0.869629,0.580811,1.566650,-1.069458,0.910889,1.482178,-1.130005,1.674927,0.741089,-1.044067,1.759888,0.065308,-0.827026,1.494873,-0.131226,-0.568848,1.240234,0.051880,-0.520508,1.267822,0.308716,-0.519653,1.040527,0.560547,-0.516846,0.731079,0.535034,-0.463867,0.568237,0.489746,-0.429932,0.637573,0.530518,-0.398682,0.781372,0.565552,-0.396118,0.784058,0.642822,-0.380737,0.700562,0.625244,-0.368896,0.623901,0.632202,-0.410278,0.515381,0.561401,-0.367432,0.647827,0.632935,-0.331909,0.724121,0.676758,-0.334473,0.668945,0.694702,-0.364502,0.610352,0.713013,-0.374023,0.703857,0.506226,-0.353638,0.704468,0.537842,-0.312134,0.701294,0.682251,-0.300903,0.755737,0.751953,-0.325195,0.661743,0.682983,-0.344360,0.550049,0.598633,-0.352173,0.555786,0.598267,-0.288574,0.684082,0.653198,-0.277222,0.740112,0.732544,-0.296875,0.684082,0.685547,-0.317139,0.604614,0.662476,-0.299316,0.595703,0.636108,-0.294922,0.649536,0.629272,-0.277588,0.695923,0.706299,-0.284912,0.682983,0.725830,-0.284546,0.697388,0.653076,-0.290649,0.664795,0.604736,-0.293945,0.649170,0.607300,-0.293823,0.642944,0.736328,-0.283691,0.662842,0.758423,-0.288086,0.719971,0.675415,-0.295166,0.709473,0.574219,-0.300903,0.662231,0.650269,-0.291138,0.656494,0.730469,-0.278809,0.643799,0.760498,-0.287354,0.680054,0.707031,-0.294556,0.736572,0.637939,-0.293823,0.681763,0.657227,-0.288574,0.669312,0.714478,-0.286865,0.679688,0.751953,-0.286987,0.728516,0.662476,-0.293945,0.718262,0.596313,-0.282471,0.664917,0.635254,-0.263184,0.664795,0.723999,-0.272339,0.673340,0.718140,-0.288696,0.687378,0.623291,-0.280884,0.670288,0.593384,-0.267090,0.641113,0.696777,-0.279541,0.645386,0.735229,-0.284790,0.670288,0.701294,-0.293823,0.676392,0.676270,-0.285767,0.682861,0.642456,-0.283447,0.672363,0.675781,-0.275879,0.679810,0.703735,-0.274780,0.702148,0.683105,-0.285034,0.699219,0.679077,-0.284424,0.705322,0.654297,-0.283936,0.680542
0.280640,-0.159668,0.744141,0.417725,-0.050659,0.780884,0.553833,-0.052612,0.841919,0.804199,-0.081665,0.874878,0.612305,-0.173950,0.685669,0.459839,-0.207153,0.764160,0.625732,-0.229004,0.719604,0.740601,-0.249878,0.766357,0.859619,-0.310913,1.027100,0.808350,-0.344604,0.910767,0.596680,-0.299194,0.651245,0.610474,-0.319946,0.529419,0.920898,-0.338135,1.051392,1.300903,-0.305786,1.606445,1.026245,-0.384399,1.784668,0.484375,-0.397339,1.608154,0.179199,-0.455322,1.695190,-0.256348,-0.474121,1.685303,-0.287476,-0.425537,0.698364,-0.270874,-0.265015,0.122559,-0.382446,-0.022827,0.454346,-0.157593,-0.000610,0.586182,-0.204224,-0.021606,0.352295,0.117920,-0.095093,0.153198,0.303223,-0.134521,0.050537,0.194336,-0.317627,0.200928,0.430420,-0.378418,0.426514,0.899658,-0.423462,0.450195,1.258911,-0.479004,0.656128,1.428711,-0.534058,0.829712,1.011597,-0.580078,0.722168,0.443848,-0.641846,0.699951,0.939087,-0.673828,1.103149,1.582886,-0.645142,1.275757,1.656372,-0.826538,1.193115,0.551392,-0.939941,1.238892,-0.156250,-0.691772,1.403198,0.017334,-0.430664,1.384155,0.175537,-0.360229,1.030518,0.509521,-0.345215,0.674805,0.561523,-0.330200,0.667358,0.531738,-0.294434,0.807373,0.499512,-0.303833,0.712402,0.670044,-0.307373,0.658203,0.767334,-0.309448,0.597778,0.789307,-0.301147,0.666626,0.726929,-0.278320,0.801758,0.607178,-0.290039,0.773315,0.578979,-0.301270,0.545288,0.687256,-0.263428,0.624390,0.692749,-0.249268,0.623901,0.651123,-0.260498,0.617798,0.656250,-0.268677,0.736084,0.634521,-0.291626,0.766846,0.650513,-0.293823,0.675415,0.719238,-0.271606,0.580322,0.688965,-0.279663,0.594727,0.646240,-0.283203,0.712769,0.669922,-0.289185,0.753540,0.743408,-0.292603,0.636719,0.717651,-0.293945,0.614990,0.665405,-0.287109,0.695557,0.641357,-0.285767,0.768555,0.654053,-0.285278,0.754150,0.692749,-0.291870,0.632446,0.681396,-0.278564,0.613037,0.684326,-0.263184,0.659668,0.672607,-0.258545,0.688599,0.662598,-0.264648,0.695557,0.697754,-0.281128,0.649780,0.666260,-0.275635,0.688721,0.664307,-0.274780,0.660645,0.657227,-0.274170,0.635498,0.719360,-0.268921,0.672607,0.709717,-0.278320,0.712891,0.696289,-0.284790,0.722778,0.653442,-0.293945,0.689331,0.656250,-0.292725,0.665161,0.693237,-0.274292,0.666016,0.720215,-0.269165,0.667236,0.682861,-0.279541,0.683960,0.638184,-0.293823,0.670654,0.638062,-0.285278,0.682251,0.699829,-0.273438,0.693115,0.697510,-0.277832,0.639648,0.703003,-0.293579,0.668823,0.674805,-0.294189,0.719360,0.651489,-0.293091,0.694580,0.676880,-0.273926,0.633179,0.681641,-0.269043,0.621216,0.697510,-0.270874,0.718872,0.678589,-0.289795,0.757690,0.642578,-0.285522,0.709717,0.681641,-0.273438,0.618896,0.697632,-0.266235,0.637939,0.706421,-0.267822,0.708740,0.669800,-0.272705,0.746704,0.638062,-0.282593,0.714600,0.663574,-0.276489,0.655640,0.677612,-0.269531,0.637573
0.189453,-0.089966,0.893311,0.518555,-0.093628,0.861450,0.613281,-0.108643,0.951782,0.507202,-0.177124,0.768677,0.535400,-0.205566,0.666138,0.525024,-0.231323,0.588379,0.614746,-0.254883,0.761475,0.718628,-0.274780,1.031494,0.717407,-0.323120,0.931396,0.459839,-0.373291,0.539307,0.408569,-0.354370,0.552856,0.454224,-0.332031,0.920410,0.787354,-0.344238,1.416382,0.911133,-0.384399,1.681885,0.892456,-0.478882,1.703125,0.605713,-0.434692,1.578003,0.378418,-0.458862,1.671753,-0.006104,-0.646729,1.720825,-0.252319,-0.668457,1.495728,-0.384399,-0.646606,1.043823,-0.404175,-0.370605,0.526001,-0.125854,-0.164429,0.249512,-0.223022,0.042236,0.155518,-0.216187,0.110474,0.026733,-0.168213,0.008667,0.092285,-0.254883,-0.126465,-0.078369,-0.194824,-0.435303,-0.060425,0.050781,-0.583374,0.254395,0.666504,-0.583862,0.701538,1.073242,-0.620361,1.035034,0.747681,-0.626465,0.837158,1.075073,-0.801636,0.614014,1.614502,-1.045776,1.264648,1.367798,-1.157715,1.794189,0.587158,-1.234375,1.479248,0.329346,-1.126709,1.230103,0.369019,-1.009521,1.328979,0.064697,-0.793945,1.398682,-0.213623,-0.743530,1.229980,-0.454834,-0.713745,0.950928,-0.193848,-0.562256,0.960083,0.373779,-0.476562,1.067383,0.652954,-0.460693,0.820435,0.486206,-0.508301,0.599365,0.342529,-0.515137,0.579956,0.495117,-0.446289,0.755737,0.568726,-0.411987,0.809082,0.622314,-0.408081,0.760010,0.517700,-0.435181,0.638916,0.460449,-0.440430,0.569336,0.512329,-0.415161,0.648193,0.553711,-0.385254,0.769165,0.557983,-0.388306,0.812744,0.530029,-0.419189,0.663818,0.525513,-0.430054,0.560181,0.533813,-0.393066,0.708740,0.539185,-0.384155,0.815430,0.539795,-0.393433,0.792480,0.536499,-0.418457,0.701660,0.563721,-0.422729,0.610474,0.564819,-0.400391,0.676025,0.546875,-0.384521,0.769043,0.504761,-0.398071,0.819580,0.519775,-0.411621,0.791748,0.572632,-0.407837,0.696899,0.559570,-0.399536,0.632568,0.527466,-0.397705,0.696899,0.560181,-0.387207,0.797974,0.532593,-0.382935,0.784790,0.485718,-0.389404,0.681274,0.515381,-0.389160,0.649780,0.512817,-0.379150,0.733154,0.558472,-0.380371,0.786987,0.582275,-0.389648,0.766846,0.527222,-0.407959,0.693726,0.516968,-0.391235,0.709229,0.493896,-0.388672,0.719604,0.553833,-0.375000,0.806519,0.592896,-0.386841,0.821899,0.523071,-0.401611,0.724243,0.491455,-0.391113,0.698975,0.502197,-0.368652,0.713135,0.555664,-0.363403,0.735352,0.586060,-0.367676,0.758301,0.579346,-0.383423,0.749756,0.496826,-0.385620,0.713745,0.484619,-0.372559,0.727051,0.522827,-0.361328,0.784180,0.553467,-0.371094,0.757202,0.594727,-0.377075,0.755615,0.527466,-0.379517,0.722290,0.495117,-0.373535,0.712402,0.519897,-0.363037,0.733154,0.547852,-0.359497,0.757202,0.552124,-0.361938,0.774658,0.545410,-0.364868,0.775024,0.489014,-0.367554,0.699585,0.501953,-0.364502,0.693604,0.540039,-0.362793,0.753174,0.574219,-0.361328,0.814331
-0.000366,-0.038696,0.817261,0.067261,0.009644,1.029419,0.108521,-0.028076,1.006714,0.063965,-0.099609,0.784058,0.000488,-0.113892,0.821777,-0.015747,-0.058228,1.007690,0.037231,-0.024536,1.555420,0.261230,-0.210571,1.510742,0.146118,-0.374146,1.125366,-0.136597,-0.259521,0.960815,-0.260620,-0.156860,1.050903,-0.434082,-0.125244,1.365479,-0.286621,-0.177246,1.596680,-0.551025,-0.124878,1.386841,-0.796753,-0.098145,1.582153,-1.171509,-0.211426,1.635254,-0.854614,-0.393311,1.265747,-0.907959,-0.266235,0.405396,-1.216064,-0.097656,0.316772,-0.873779,0.031494,0.657227,-0.382935,0.055908,0.258545,-0.198975,0.215454,-0.254028,-0.305298,0.314575,-0.733887,-0.291016,0.197388,-0.947876,-0.099854,-0.007080,-0.740967,-0.331787,-0.137573,-0.371948,-0.214111,-0.329102,0.091309,0.151489,-0.436523,0.461914,0.278076,-0.508911,0.825073,0.317627,-0.542725,1.395386,0.423462,-0.517822,1.520508,0.796997,-0.702881,1.203247,0.908691,-1.086182,1.411377,0.671509,-1.296875,1.503418,0.166992,-1.462158,1.728760,-0.322998,-1.285156,2.032593,-0.846191,-0.982056,2.028442,-1.245239,-0.712646,1.561279,-0.914062,-0.609009,1.046875,-0.155518,-0.615967,0.781982,0.460938,-0.519287,0.954834,0.336548,-0.506104,0.772949,0.002197,-0.495361,0.605347,-0.003052,-0.400635,0.764526,0.148560,-0.358032,1.047974,0.245850,-0.363403,1.079590,0.272339,-0.403442,0.937500,0.186279,-0.415283,0.751953,0.154907,-0.410156,0.717529,0.180542,-0.356689,0.833862,0.216431,-0.355713,0.911865,0.265991,-0.348999,1.015015,0.285156,-0.365234,1.002197,0.253418,-0.370972,0.823364,0.168823,-0.373413,0.675415,0.150513,-0.343140,0.711914,0.218628,-0.329712,0.868164,0.301147,-0.334595,1.026001,0.270752,-0.355835,1.006104,0.191406,-0.380371,0.832764,0.140991,-0.360718,0.728882,0.189453,-0.337158,0.776123,0.278687,-0.328857,0.955322,0.303955,-0.343384,1.012329,0.214111,-0.364746,0.902954,0.121460,-0.374268,0.743408,0.191772,-0.361450,0.818359,0.257202,-0.338501,0.948975,0.266724,-0.341187,1.014160,0.226074,-0.355103,0.960938,0.170044,-0.365234,0.849731,0.186157,-0.354004,0.780762,0.233032,-0.333374,0.859375,0.264526,-0.326904,0.950806,0.239014,-0.339966,0.962524,0.203125,-0.353516,0.900635,0.176514,-0.355957,0.811890,0.207153,-0.346558,0.832642,0.226074,-0.338013,0.914551,0.231812,-0.340820,0.983398,0.215332,-0.348389,0.928955,0.205933,-0.357422,0.826538,0.249512,-0.351318,0.823486,0.251709,-0.345947,0.910156,0.233521,-0.342896,0.962769,0.215942,-0.343140,0.925781,0.208252,-0.346924,0.851685,0.213745,-0.341675,0.809326,0.213623,-0.339844,0.886841,0.219849,-0.334961,0.944214,0.220215,-0.334106,0.909546,0.216553,-0.343384,0.879761,0.209473,-0.347046,0.836060,0.207397,-0.346680,0.849609,0.240845,-0.336670,0.926147,0.235352,-0.334106,0.948730,0.224731,-0.352295,0.875366,0.221924,-0.351196,0.878296,0.223755,-0.343872,0.888794,0.221436,-0.343872,0.863770
0.340576,-0.184082,0.837036,0.366943,-0.210083,0.730713,0.437866,-0.184814,0.940796,0.407104,-0.209717,0.917725,0.252808,-0.216309,0.717163,0.312134,-0.205200,0.768433,0.331177,-0.183960,0.927246,0.455444,-0.263184,1.330566,0.452515,-0.337646,1.320557,0.281616,-0.408569,0.945801,0.165527,-0.333252,0.551392,0.260010,-0.315308,0.806152,0.095215,-0.329224,1.308105,-0.036499,-0.298340,1.533325,-0.174805,-0.315552,1.500610,-0.569946,-0.245117,1.360840,-0.811523,-0.313232,1.594971,-1.177856,-0.380371,1.537231,-1.179199,-0.617676,1.601807,-0.870728,-0.642700,0.929321,-0.670654,-0.477051,0.097778,-0.573486,-0.034302,-0.338501,-0.599365,0.162109,-0.138184,-0.526978,0.284668,0.044678,-0.530396,0.354858,-0.018921,-0.451416,0.238403,-0.180176,-0.407959,0.106445,-0.359741,-0.448730,-0.005737,-0.276611,-0.225220,-0.156860,-0.071411,0.073364,-0.286377,0.452637,0.129150,-0.395142,0.778931,0.090698,-0.421265,0.916870,0.149048,-0.445312,0.927368,0.559204,-0.635498,1.254395,0.988892,-0.904785,1.659424,0.749512,-1.234619,1.297119,0.085571,-1.458130,0.983154,-0.410767,-1.425903,1.433838,-0.594116,-1.137329,2.302490,-0.504150,-0.949463,2.169189,-0.572388,-1.014893,1.428101,-0.828369,-0.749634,0.383057,-0.414307,-0.569946,0.095459,-0.052246,-0.475220,0.617432,0.249023,-0.472290,1.318237,0.099487,-0.611206,1.264648,-0.314575,-0.542358,0.667725,-0.065918,-0.454102,0.571045,0.276733,-0.373535,0.902222,0.416016,-0.354980,1.051514,0.278564,-0.411499,0.810669,0.080444,-0.427856,0.511230,0.136597,-0.347290,0.700806,0.247070,-0.337524,0.946899,0.299072,-0.346313,1.032715,0.256958,-0.390747,0.976929,0.137573,-0.406372,0.803833,0.143799,-0.390381,0.751465,0.231201,-0.352173,0.886230,0.285156,-0.348511,0.906250,0.299561,-0.364380,0.949097,0.205811,-0.376221,0.878052,0.172241,-0.377686,0.792969,0.225098,-0.352661,0.798584,0.281982,-0.343628,0.880249,0.292236,-0.354492,0.974121,0.239990,-0.364380,0.941650,0.196411,-0.361450,0.810913,0.194458,-0.354492,0.784424,0.216064,-0.341431,0.886597,0.239258,-0.345459,0.973877,0.235962,-0.342163,1.024292,0.172974,-0.349854,0.835205,0.162354,-0.341675,0.762817,0.213623,-0.329468,0.807861,0.261353,-0.320679,0.885010,0.288696,-0.334717,0.954102,0.227173,-0.349854,0.945679,0.171509,-0.360840,0.852295,0.216309,-0.358521,0.864380,0.235962,-0.340820,0.928711,0.249756,-0.331543,0.951416,0.209961,-0.340210,0.921265,0.188354,-0.364746,0.846191,0.230347,-0.361938,0.847534,0.252930,-0.340698,0.885498,0.251343,-0.325806,0.929321,0.227539,-0.331909,0.918701,0.208862,-0.344116,0.873535,0.191895,-0.336304,0.844849,0.217896,-0.320312,0.865112,0.222290,-0.314453,0.898438,0.214966,-0.334106,0.944092,0.210693,-0.342896,0.922852,0.215576,-0.330566,0.859497,0.211182,-0.322266,0.864136,0.226685,-0.315796,0.909668,0.229736,-0.335449,0.922241,0.228516,-0.336426,0.907837,0.224243,-0.329712,0.884644
-0.727173,0.323364,0.719482,-0.610107,0.299927,0.719116,-0.504028,0.324829,0.880249,-0.538818,0.301758,0.727661,-0.687378,0.363647,0.959106,-0.804321,0.430176,1.085571,-0.676514,0.403076,1.150635,-0.464966,0.302368,0.772827,-0.784302,0.371704,0.662109,-1.294922,0.541992,0.728271,-1.255615,0.477051,0.820190,-1.055298,0.368408,0.849731,-1.082031,0.371460,0.458130,-1.154785,0.438843,-0.174438,-1.698608,0.601685,-0.305054,-1.139160,0.357544,-0.536133,-0.391479,0.300293,-0.874023,-0.517212,0.406616,-1.086426,-0.884521,0.420410,-1.085938,-0.624023,0.202393,-0.959961,-0.151733,-0.081421,-0.827515,-0.169800,-0.179565,-0.669800,-0.191528,-0.395630,-0.397949,-0.184814,-0.499268,0.293457,-0.245850,-0.274414,1.082031,0.284424,-0.300171,1.144409,0.693604,-0.495361,0.661987,0.555054,-0.604126,0.748413,0.758667,-0.849487,1.638672,0.674805,-1.209839,1.636230,0.129639,-1.371338,1.368774,-0.307373,-1.523315,1.563477,-0.547729,-1.225952,1.823486,-0.505981,-0.929077,2.095337,-0.396851,-0.964722,1.751465,-0.516479,-0.750122,0.786011,-0.535645,-0.632202,0.552734,-0.176636,-0.549194,0.870117,0.152222,-0.489502,1.306274,0.225830,-0.619141,1.120605,-0.030151,-0.532471,0.656372,-0.034058,-0.399414,0.516235,0.106079,-0.332031,0.830566,0.230591,-0.295044,1.128906,0.319092,-0.334717,1.061035,0.206665,-0.386841,0.789673,0.105347,-0.368530,0.651611,0.086792,-0.315674,0.786987,0.145508,-0.293823,0.999268,0.216187,-0.293579,1.115234,0.206055,-0.325928,0.981934,0.174561,-0.335571,0.774170,0.157471,-0.286499,0.710083,0.176636,-0.279297,0.842651,0.206665,-0.276855,0.992065,0.187988,-0.304077,1.045410,0.168701,-0.325562,0.932617,0.149048,-0.319214,0.803101,0.177368,-0.297119,0.814697,0.216797,-0.293945,0.897217,0.224854,-0.311768,1.017944,0.230347,-0.336060,1.053467,0.143555,-0.336304,0.939941,0.109253,-0.320557,0.821411,0.194214,-0.293823,0.835815,0.226440,-0.282959,0.899780,0.213623,-0.294312,0.933228,0.141968,-0.306641,0.958862,0.114868,-0.302124,0.943359,0.167603,-0.293945,0.916626,0.205200,-0.293823,0.915649,0.211914,-0.293945,0.892334,0.162354,-0.305786,0.892212,0.141968,-0.298218,0.894409,0.130371,-0.293823,0.932129,0.180786,-0.294067,0.952148,0.187378,-0.312134,0.927734,0.180298,-0.319458,0.889526,0.207886,-0.311768,0.898315,0.219360,-0.302856,0.917603,0.199463,-0.310669,0.937500,0.135986,-0.322266,0.943970,0.106201,-0.313965,0.927246,0.110962,-0.296997,0.914551,0.174316,-0.288208,0.907959,0.204590,-0.293945,0.910645,0.187134,-0.302856,0.904297,0.158569,-0.305176,0.913208,0.151245,-0.295654,0.917969,0.158691,-0.293823,0.920654,0.167847,-0.291260,0.902954,0.168579,-0.291382,0.911743,0.164917,-0.298706,0.936401,0.156860,-0.296265,0.921997,0.161499,-0.294800,0.903076,0.174805,-0.293823,0.887573,0.190308,-0.293945,0.906250,0.186523,-0.293945,0.905640,0.164185,-0.299805,0.902588,0.159424,-0.293945,0.911133
0.136841,-0.008667,0.998657,0.141357,-0.047119,0.823608,0.227539,-0.119141,0.724854,0.135254,-0.051147,0.743042,0.152710,-0.026367,0.846802,0.048218,-0.004272,0.897461,0.111572,-0.036011,1.267456,0.201538,-0.122192,1.340576,0.373779,-0.146973,1.307129,0.357788,-0.099731,1.010742,0.272827,-0.108521,0.860229,-0.058960,-0.142090,0.957764,-0.513184,-0.201660,1.172974,-0.735107,-0.162598,1.342896,-1.088379,-0.111084,1.642700,-1.043457,-0.239136,1.699829,-1.298950,-0.282349,1.452393,-1.071899,-0.450684,1.451660,-0.757446,-0.372314,0.917358,-0.797363,-0.195435,0.172607,-0.553589,-0.019653,-0.018921,-0.505249,0.240234,-0.278687,-0.497070,0.344604,-0.550537,-0.477783,0.296143,-0.792236,-0.211792,0.292358,-0.757324,-0.290894,0.219360,-0.554077,-0.176270,0.159790,-0.080078,-0.072510,0.095947,0.187134,-0.043213,-0.029419,0.411499,-0.123535,-0.079102,0.542847,0.004883,-0.166138,0.645996,0.295410,-0.298218,0.688843,0.647095,-0.516846,1.106201,0.900024,-0.759033,1.470581,0.553833,-1.062256,1.254761,0.207520,-1.257324,1.082520,-0.104126,-1.349976,1.388428,-0.334961,-1.218262,2.166992,-0.548096,-1.008423,2.239502,-0.767456,-0.890381,1.940308,-0.665771,-0.805298,0.996704,-0.333618,-0.582886,0.423828,-0.030518,-0.453491,0.473633,0.134155,-0.439453,1.135864,0.022583,-0.537231,1.167603,-0.226562,-0.451782,0.846313,-0.019775,-0.368408,0.785400,0.251587,-0.349976,0.936401,0.303833,-0.345459,0.950073,0.238525,-0.355591,0.898560,0.189453,-0.413208,0.881714,0.135376,-0.333984,0.817261,0.204102,-0.309937,0.807617,0.206177,-0.314575,0.805420,0.212158,-0.319458,0.907837,0.201660,-0.316528,0.963013,0.182861,-0.322510,0.940918,0.132690,-0.313721,0.854004,0.144897,-0.317017,0.803833,0.211548,-0.298462,0.926514,0.264526,-0.298096,0.960083,0.225952,-0.306274,0.912231,0.191284,-0.308228,0.813721,0.176392,-0.302490,0.824829,0.195068,-0.297119,0.902222,0.220215,-0.301147,1.002808,0.245972,-0.318848,0.964478,0.207031,-0.317383,0.850952,0.183472,-0.308105,0.836792,0.187622,-0.293945,0.912354,0.231323,-0.296753,0.995728,0.212280,-0.307861,0.947388,0.184692,-0.309082,0.849976,0.183472,-0.294922,0.828857,0.230591,-0.294067,0.883179,0.228882,-0.306274,0.939209,0.163208,-0.319702,0.987305,0.149902,-0.304565,0.925659,0.161743,-0.303345,0.863892,0.226562,-0.307739,0.873535,0.242310,-0.307129,0.920898,0.213867,-0.314087,0.947388,0.177734,-0.319702,0.928101,0.163574,-0.316162,0.883545,0.197388,-0.311401,0.879883,0.240356,-0.314819,0.922607,0.216919,-0.322388,0.919800,0.187988,-0.327393,0.905273,0.147461,-0.315063,0.901611,0.181519,-0.310059,0.907349,0.199707,-0.316162,0.906738,0.210083,-0.318848,0.933228,0.201050,-0.325317,0.937500,0.160278,-0.321167,0.888184,0.175903,-0.315186,0.880005,0.202759,-0.302979,0.873413,0.203613,-0.309326,0.883789,0.198242,-0.320190,0.927368,0.202881,-0.329346,0.950195,0.190674,-0.331421,0.928223
-0.030518,-0.103882,1.408936,0.197144,-0.155518,1.501465,0.295410,-0.155884,0.985718,0.634644,-0.241455,0.883667,0.492798,-0.219482,1.038330,0.386841,-0.201416,1.165039,0.265869,-0.161987,1.131470,0.329102,-0.148926,0.841187,0.361328,-0.140869,0.764893,0.316772,-0.183105,0.818848,0.078491,-0.171753,0.976807,-0.275635,-0.093140,0.737793,0.139160,-0.109985,0.698242,-0.050781,-0.054077,0.851562,-0.572388,-0.149536,1.656372,-0.668457,-0.260498,2.254150,-0.358154,-0.271240,1.777222,-0.486206,-0.293335,1.341431,-0.745605,-0.241577,1.128052,-0.790283,-0.218628,1.109375,-0.960083,-0.151855,1.218384,-0.559204,-0.005127,0.563843,-0.331421,0.205933,-0.097046,-0.446045,0.322266,-0.046631,-0.368530,0.413574,0.026733,-0.356445,0.367676,-0.163574,-0.259766,0.295654,-0.285889,-0.351807,0.144287,-0.178467,-0.216187,0.026245,0.012817,-0.103638,-0.102661,0.110718,0.177979,-0.197632,0.466431,0.239258,-0.351440,0.666382,0.222046,-0.446045,0.621704,0.673096,-0.748291,0.556885,1.099365,-1.105835,1.295044,0.925415,-1.295410,1.740112,0.215698,-1.328003,1.330566,-0.234253,-1.367676,1.241821,-0.197754,-1.217529,1.833130,0.168335,-1.061279,2.110474,0.174561,-0.959717,1.653442,0.003052,-0.952637,0.862793,-0.479492,-0.705322,0.369751,-0.366455,-0.603394,0.483643,0.013306,-0.561401,1.171753,0.185669,-0.551270,1.255249,0.012939,-0.582642,0.914795,-0.062256,-0.522461,0.585083,0.223389,-0.488892,0.678101,0.495972,-0.472046,0.836914,0.485718,-0.481323,0.842773,0.266357,-0.502197,0.791626,0.130371,-0.479004,0.737427,0.311279,-0.449951,0.737671,0.381470,-0.444336,0.807861,0.316406,-0.442749,0.803101,0.226807,-0.451782,0.839600,0.236938,-0.466064,0.840576,0.294189,-0.466187,0.803955,0.290405,-0.464600,0.750122,0.284546,-0.454834,0.735718,0.322754,-0.454468,0.763062,0.326904,-0.458130,0.836792,0.316162,-0.472412,0.848877,0.312256,-0.500000,0.794800,0.377441,-0.469849,0.790161,0.365601,-0.458862,0.714478,0.292358,-0.462891,0.762573,0.277222,-0.449585,0.888672,0.290771,-0.477051,0.907959,0.339233,-0.472290,0.842896,0.373657,-0.459961,0.776733,0.330444,-0.444580,0.763428,0.304810,-0.444458,0.771851,0.326904,-0.458008,0.813965,0.310181,-0.450928,0.778809,0.325439,-0.446533,0.796631,0.318115,-0.443970,0.811035,0.329590,-0.469849,0.772827,0.387573,-0.470947,0.807739,0.400879,-0.463501,0.817749,0.362183,-0.470825,0.813965,0.288330,-0.463623,0.784668,0.323242,-0.466064,0.779907,0.392212,-0.441162,0.786865,0.400635,-0.444336,0.792114,0.360107,-0.458374,0.803101,0.286133,-0.472290,0.808472,0.298828,-0.464355,0.829834,0.352295,-0.449951,0.821045,0.408569,-0.450439,0.769287,0.400146,-0.459839,0.763550,0.375732,-0.461426,0.805908,0.334351,-0.455322,0.793579,0.331055,-0.444458,0.784912,0.357544,-0.428833,0.770020,0.392334,-0.441895,0.753906,0.390503,-0.456177,0.765137,0.364136,-0.461304,0.793335,0.337036,-0.456665,0.801880
0.162109,-0.034668,0.490601,0.078369,0.046387,1.184448,-0.010254,0.040161,1.062866,0.168945,-0.023682,0.956543,0.337402,-0.067017,0.767944,0.282349,-0.095459,0.787354,0.353638,-0.096191,0.952148,0.411377,-0.128052,1.128906,0.557129,-0.221680,1.443481,0.465088,-0.268555,1.286621,0.043213,-0.212646,1.068604,-0.266235,-0.175049,1.167847,-0.857056,-0.013550,1.591187,-1.057617,-0.059326,1.625977,-0.923706,-0.173462,1.383545,-1.081665,0.004883,0.760620,-0.717285,-0.052979,0.807861,-0.739624,0.163086,0.413696,-1.017944,0.353027,-0.275635,-0.895752,0.393677,-0.481812,-0.845581,0.358643,-0.628662,-0.743774,0.242920,-0.575195,-0.637695,0.062622,-0.461060,-0.188110,-0.091309,-0.398438,-0.087402,-0.233154,-0.141479,-0.085449,-0.300903,0.205078,0.236084,-0.461914,0.600464,0.589233,-0.705566,1.089600,0.883545,-0.573975,1.171143,0.952271,-0.731079,1.247314,0.781738,-1.068970,1.077271,0.696533,-1.327515,1.151245,0.502197,-1.595093,1.685669,0.081055,-1.609009,1.865845,-0.667969,-1.380249,1.849487,-1.119263,-0.896606,1.750122,-0.748657,-0.709717,1.449829,0.225220,-0.704346,1.085449,0.534546,-0.734985,0.676147,0.181030,-0.644409,0.350708,-0.197876,-0.498291,0.507202,0.039551,-0.414551,0.812012,0.323242,-0.397217,1.084961,0.395264,-0.411011,1.106201,0.277344,-0.490479,0.891235,0.116577,-0.482544,0.687256,0.320312,-0.432129,0.649902,0.496460,-0.401611,0.779419,0.501587,-0.397583,0.875244,0.351685,-0.421875,0.937866,0.227905,-0.446289,0.913330,0.184937,-0.416870,0.789917,0.312866,-0.382446,0.777344,0.399048,-0.374390,0.810181,0.391846,-0.381348,0.830322,0.371826,-0.388794,0.851318,0.325073,-0.394653,0.844482,0.284912,-0.401123,0.805542,0.260864,-0.389771,0.830200,0.277100,-0.381592,0.918823,0.358276,-0.360718,0.968262,0.379761,-0.360596,0.867432,0.341919,-0.371704,0.777222,0.271606,-0.355347,0.747681,0.259277,-0.334351,0.800537,0.308960,-0.325439,0.870239,0.341797,-0.334106,0.890503,0.335449,-0.339233,0.878052,0.302246,-0.350342,0.807617,0.289307,-0.344238,0.825562,0.307983,-0.342407,0.870361,0.284180,-0.344360,0.889404,0.270508,-0.354370,0.899292,0.255371,-0.351929,0.923462,0.256104,-0.354736,0.905029,0.271362,-0.358276,0.875366,0.274658,-0.365234,0.852783,0.310913,-0.368042,0.859497,0.337158,-0.359863,0.870483,0.327026,-0.358643,0.867554,0.267700,-0.359863,0.851562,0.258789,-0.361572,0.864502,0.276245,-0.361572,0.906738,0.316284,-0.359619,0.938843,0.276001,-0.362793,0.902710,0.246582,-0.358032,0.835449,0.247192,-0.335693,0.823486,0.263672,-0.326416,0.851562,0.307129,-0.328491,0.890381,0.308472,-0.340210,0.873169,0.285034,-0.352173,0.837891,0.248901,-0.349609,0.831055,0.272095,-0.337891,0.890747,0.291504,-0.331421,0.932373,0.283569,-0.339233,0.885986,0.271606,-0.350830,0.827271,0.270508,-0.347534,0.835205,0.293701,-0.335571,0.882080,0.307739,-0.338013,0.911499,0.297974,-0.351074,0.892944
0.269043,-0.146240,1.269287,0.292236,-0.264038,0.757935,0.179321,-0.338745,0.660400,0.067017,-0.229492,1.181152,0.187134,-0.186279,1.200317,0.339600,-0.230347,0.977417,0.505493,-0.256470,1.022461,0.700928,-0.279053,1.408325,0.712646,-0.300537,1.597046,0.505859,-0.380493,1.436523,0.178955,-0.333252,1.371704,-0.127075,-0.296753,1.479736,-0.249390,-0.274292,1.544922,-0.098633,-0.239380,1.268677,-0.466553,-0.161377,0.443481,-0.747437,-0.017456,0.396240,-1.054077,0.181763,0.746094,-0.978394,0.283813,0.729614,-0.895386,0.240967,0.364014,-0.865967,0.237183,0.090454,-0.594360,0.115723,-0.068237,-0.506836,0.074463,-0.154663,-0.348755,-0.070312,-0.179810,-0.314331,-0.267944,-0.006348,0.068604,-0.372070,0.211182,0.629150,-0.444092,0.784546,0.820801,-0.538696,1.287231,0.442017,-0.496704,1.157593,0.333862,-0.610596,0.799927,0.878052,-0.766602,1.099854,1.035889,-1.004761,1.395508,0.330688,-1.132080,1.616211,-0.134155,-1.024902,1.419556,-0.265991,-0.905396,1.316040,-0.129639,-0.697998,1.374146,-0.216675,-0.649658,1.427734,-0.358032,-0.572998,1.372925,-0.080078,-0.624268,1.126099,0.130371,-0.620972,0.946167,0.224121,-0.558594,0.823608,0.280396,-0.519409,0.795044,0.185669,-0.482544,0.853882,0.194458,-0.491455,0.910156,0.214966,-0.471802,0.865601,0.295410,-0.457031,0.764893,0.425537,-0.451782,0.696655,0.424438,-0.455811,0.712524,0.342285,-0.448120,0.789307,0.195923,-0.427734,0.846069,0.191284,-0.405762,0.859619,0.270386,-0.405396,0.805298,0.421631,-0.414795,0.760132,0.429199,-0.415161,0.765625,0.311401,-0.428833,0.763184,0.243042,-0.415039,0.761841,0.299805,-0.414673,0.787964,0.374512,-0.414307,0.803101,0.420044,-0.432007,0.851562,0.348022,-0.434448,0.858765,0.294922,-0.437988,0.793457,0.299316,-0.436523,0.809326,0.326050,-0.408936,0.794678,0.384033,-0.409790,0.814697,0.402222,-0.408203,0.886230,0.378906,-0.426758,0.877075,0.312256,-0.435425,0.780396,0.297607,-0.419312,0.761108,0.312134,-0.400269,0.774048,0.349487,-0.398804,0.881226,0.358643,-0.400146,0.907593,0.340820,-0.417236,0.844482,0.330200,-0.411987,0.755737,0.307983,-0.405762,0.751343,0.334473,-0.400024,0.820190,0.391724,-0.410645,0.893555,0.383179,-0.421875,0.888550,0.340698,-0.432129,0.775146,0.320557,-0.427124,0.744995,0.334351,-0.420654,0.809326,0.374512,-0.419189,0.873779,0.362061,-0.429443,0.839233,0.338501,-0.430786,0.773193,0.338989,-0.429565,0.771362,0.355957,-0.431152,0.829712,0.341064,-0.435059,0.840698,0.338379,-0.434204,0.805542,0.361206,-0.432129,0.783569,0.367798,-0.432373,0.794067,0.356567,-0.429321,0.857788,0.351074,-0.431885,0.866699,0.338745,-0.436890,0.804199,0.358276,-0.429688,0.761230,0.360962,-0.416260,0.778076,0.360718,-0.419922,0.848633,0.350464,-0.426880,0.876465,0.343140,-0.428711,0.814575,0.341187,-0.429810,0.747803,0.362427,-0.416992,0.802368,0.376099,-0.411621,0.858276,0.377563,-0.418701,0.831787
0.525146,0.001831,0.984253,0.502563,-0.075317,0.603760,0.312988,-0.045044,0.502563,0.342163,-0.031372,1.028076,0.274902,-0.026367,1.214722,0.201416,0.063599,0.855957,0.373047,-0.060791,0.439697,0.202393,-0.030029,0.520996,0.230469,0.066528,0.836792,0.284912,-0.123779,1.324829,0.355225,-0.247925,1.478271,0.334229,-0.101440,1.717651,-0.099976,-0.041748,1.399414,-0.280762,-0.114624,1.146484,-0.290894,-0.103516,0.932739,-0.693604,0.085571,1.264893,-1.411743,0.000122,1.738281,-1.289429,-0.289062,1.731445,-0.544678,-0.370483,0.942993,-0.901978,-0.079834,0.471313,-1.046021,-0.213867,0.544556,-0.418335,0.105103,-0.113770,-0.535645,0.239624,-0.429688,-0.746216,0.201050,-0.655884,-0.375488,0.195068,-0.810913,-0.355469,0.082886,-0.877563,-0.677368,-0.084717,-0.769043,-0.309814,-0.203247,-0.151611,0.067871,-0.313599,0.187256,0.451782,-0.447754,0.454224,0.528076,-0.510986,0.796143,0.035645,-0.679688,1.178955,0.065918,-0.532715,1.734741,0.553223,-0.717651,1.281372,0.733521,-0.958618,1.042480,0.244385,-1.272095,1.210693,-0.123535,-1.411255,1.392944,-0.221558,-1.383667,1.707886,-0.331421,-1.312134,2.028931,-0.577637,-1.160767,1.779053,-0.820801,-0.947510,1.221436,-0.421631,-0.688965,0.797363,0.254272,-0.543213,0.862793,0.476685,-0.517334,0.893799,0.168823,-0.572021,0.618530,-0.139893,-0.499268,0.520508,0.072998,-0.407715,0.811035,0.339722,-0.377319,1.073364,0.432983,-0.371948,1.059204,0.472412,-0.464844,0.837158,0.311890,-0.441040,0.613281,0.223389,-0.397217,0.586670,0.333984,-0.347412,0.789185,0.438477,-0.351318,1.016602,0.517334,-0.347656,1.039307,0.431030,-0.370850,0.741943,0.256226,-0.393433,0.628784,0.252563,-0.349365,0.696167,0.358276,-0.320068,0.941284,0.400879,-0.328491,0.969727,0.403442,-0.367432,0.862427,0.349243,-0.363647,0.752563,0.309570,-0.344849,0.718750,0.375854,-0.322266,0.797119,0.446533,-0.334351,0.881836,0.459717,-0.349121,0.945190,0.384399,-0.364014,0.901611,0.366699,-0.361328,0.812256,0.339111,-0.338013,0.750732,0.405762,-0.327026,0.797607,0.427368,-0.332153,0.875977,0.402832,-0.335083,0.893555,0.364380,-0.344849,0.832642,0.374878,-0.342529,0.804565,0.378784,-0.330444,0.809814,0.392212,-0.324341,0.835693,0.411011,-0.321045,0.866699,0.403809,-0.330566,0.857666,0.375122,-0.339233,0.828247,0.373413,-0.328857,0.806396,0.401367,-0.322144,0.801758,0.419556,-0.315308,0.854492,0.408691,-0.332642,0.882202,0.408203,-0.347168,0.897827,0.385864,-0.343262,0.846924,0.379395,-0.322266,0.809937,0.388794,-0.309448,0.776978,0.450806,-0.308960,0.848267,0.428833,-0.319702,0.888184,0.384521,-0.325928,0.869263,0.378662,-0.318481,0.838623,0.382080,-0.311646,0.804077,0.431152,-0.310059,0.851318,0.426270,-0.310059,0.881226,0.373901,-0.315552,0.853027,0.372070,-0.307495,0.830078,0.383911,-0.306152,0.802734,0.406250,-0.311768,0.822021,0.413208,-0.319580,0.868530,0.395142,-0.321167,0.878540
0.399780,-0.277832,0.583862,0.456909,-0.293823,0.731201,0.533447,-0.294312,0.968262,0.560181,-0.331787,0.812500,0.510620,-0.367554,0.673706,0.444580,-0.393555,0.746826,0.461792,-0.383423,0.822266,0.555542,-0.385620,0.908813,0.752930,-0.471802,1.031250,0.603760,-0.522461,0.826782,0.436035,-0.475464,0.642334,0.211304,-0.387817,0.769653,-0.187622,-0.454468,1.399414,-0.322144,-0.558472,2.043579,-0.632568,-0.653564,1.876221,-0.753296,-0.734863,1.457520,-0.898193,-0.627197,1.087524,-0.459229,-0.489624,1.019653,-0.172485,-0.274170,0.585693,-0.511108,-0.024414,0.177124,-1.002808,0.141235,0.151245,-0.702026,0.170044,0.024414,-0.579346,0.226929,-0.102173,-0.623535,0.252686,-0.278076,-0.527710,0.233032,-0.353882,-0.571411,0.034790,-0.227173,-0.448120,-0.084961,-0.007324,-0.340820,-0.080933,0.229004,0.456909,-0.121338,0.581909,0.367798,-0.171143,0.660034,-0.272339,-0.254517,0.631348,0.145630,-0.442627,0.833618,0.893188,-0.643677,1.100708,1.028198,-0.819092,1.204102,0.176636,-1.281860,1.110962,-0.307007,-1.360962,1.167847,-0.069092,-1.300415,1.716064,-0.194214,-1.165649,1.877441,-0.521851,-1.133545,1.570068,-0.684570,-0.986938,1.028320,-0.442627,-0.822632,0.907227,-0.048462,-0.678223,0.969971,0.272827,-0.646973,1.001221,0.180786,-0.830200,0.809937,-0.202026,-0.713745,0.529785,-0.099365,-0.489380,0.497925,0.203857,-0.406250,0.755005,0.406738,-0.412231,1.048462,0.438232,-0.481445,0.931641,0.282715,-0.511353,0.648804,0.208618,-0.404907,0.533447,0.401489,-0.385010,0.755371,0.469360,-0.399780,0.892334,0.492432,-0.451294,0.962158,0.378296,-0.476929,0.874268,0.295776,-0.453735,0.720093,0.350830,-0.388062,0.720825,0.416138,-0.372925,0.740967,0.489014,-0.407349,0.842529,0.444214,-0.430054,0.890625,0.315918,-0.424316,0.777710,0.316284,-0.382568,0.735107,0.397339,-0.362793,0.747070,0.463745,-0.382935,0.796143,0.452881,-0.413086,0.871094,0.383179,-0.402466,0.821655,0.364136,-0.394409,0.790527,0.372192,-0.365723,0.783936,0.441284,-0.375366,0.788574,0.483521,-0.381958,0.858643,0.405029,-0.402100,0.871704,0.343018,-0.382446,0.815430,0.324219,-0.372803,0.784912,0.387451,-0.354126,0.789062,0.413208,-0.365845,0.818481,0.417358,-0.381226,0.840820,0.391602,-0.375366,0.816528,0.381836,-0.364990,0.796021,0.395264,-0.357788,0.782104,0.411743,-0.370605,0.776855,0.429321,-0.390015,0.852661,0.419922,-0.389404,0.867432,0.382690,-0.378662,0.822632,0.381592,-0.367920,0.789551,0.395630,-0.370239,0.788696,0.405640,-0.379883,0.837280,0.409546,-0.375366,0.850952,0.420410,-0.376221,0.819458,0.399414,-0.370361,0.783325,0.378174,-0.365845,0.773071,0.402710,-0.372559,0.853882,0.413818,-0.379150,0.897827,0.396851,-0.385498,0.840698,0.382935,-0.376099,0.774658,0.378662,-0.367310,0.768066,0.384033,-0.353394,0.817993,0.412354,-0.357666,0.853394,0.401367,-0.382568,0.842896,0.385254,-0.382324,0.809326,0.397217,-0.377563,0.792480
0.391113,-0.173828,0.709717,0.471313,-0.114258,0.529175,0.530640,-0.171875,0.848267,0.439819,-0.226074,0.904297,0.441162,-0.283081,0.800049,0.487427,-0.274658,0.953247,0.453857,-0.277954,0.876709,0.579102,-0.318359,0.830688,0.548828,-0.361084,0.854126,0.416992,-0.272949,0.790527,0.242554,-0.195190,0.946655,-0.065674,-0.236694,0.973633,-0.122437,-0.437134,1.293457,-0.417358,-0.211548,1.337158,-0.777588,-0.108398,0.941162,-0.284912,-0.206787,0.910522,-0.376221,-0.185791,0.922241,-0.972900,-0.155029,1.078491,-1.568604,-0.081787,1.149292,-1.454712,-0.177856,1.072510,-1.086426,-0.040649,0.896729,-1.032715,0.021973,0.546875,-1.046143,0.294800,0.137451,-0.894287,0.327393,0.096191,-0.872925,0.272705,0.186035,-0.345215,0.395020,-0.079346,-0.265137,0.448975,-0.439209,-0.118286,0.373047,-0.551270,-0.249512,0.254028,-0.070801,-0.070557,0.317383,0.024414,0.143555,0.059204,-0.415161,0.018433,-0.195557,-0.456543,-0.367432,-0.616577,-0.156738,-0.270264,-0.852295,0.631226,0.246826,-0.741577,1.273315,0.304688,-0.709229,1.065674,0.372314,-0.795532,0.849243,0.750854,-1.271973,1.509521,0.551025,-1.410889,1.894775,0.080688,-1.484863,1.394653,-0.192017,-1.502441,1.700684,-0.499146,-1.358521,1.819580,-0.701538,-1.079956,1.490601,-0.510254,-0.912231,1.219482,-0.374756,-0.932983,0.921143,-0.404907,-0.869019,0.658447,-0.300659,-0.724976,0.591675,-0.084473,-0.600952,0.718018,0.096313,-0.501953,0.849365,0.119995,-0.480347,0.891968,0.111694,-0.588623,0.909180,0.161621,-0.583130,0.636841,0.256714,-0.529663,0.628296,0.339233,-0.456299,0.690552,0.307617,-0.458130,0.786255,0.297119,-0.531494,0.930664,0.268799,-0.556641,0.760376,0.249023,-0.475708,0.668945,0.213013,-0.428589,0.694702,0.206787,-0.425293,0.800659,0.304932,-0.441406,0.835083,0.354126,-0.492676,0.837036,0.269531,-0.464966,0.774292,0.228760,-0.451904,0.745972,0.238525,-0.460938,0.838013,0.328491,-0.465942,0.844727,0.374390,-0.489746,0.877319,0.325806,-0.485474,0.827881,0.245728,-0.463379,0.767700,0.212524,-0.448730,0.752441,0.295288,-0.444458,0.806519,0.338989,-0.458618,0.843140,0.306519,-0.466797,0.822021,0.265747,-0.441895,0.801758,0.241333,-0.444946,0.807251,0.255005,-0.446655,0.827881,0.315674,-0.445557,0.825562,0.324707,-0.446289,0.835449,0.254883,-0.473755,0.820435,0.235962,-0.464355,0.801880,0.229004,-0.457520,0.843506,0.250366,-0.454712,0.860596,0.289185,-0.446777,0.872925,0.269897,-0.449707,0.780518,0.286987,-0.460083,0.745728,0.302490,-0.454834,0.795654,0.287476,-0.453125,0.851074,0.268799,-0.459473,0.910522,0.250977,-0.442749,0.852173,0.249268,-0.447510,0.819702,0.271118,-0.447021,0.802856,0.276001,-0.445923,0.808960,0.293091,-0.441284,0.841919,0.293335,-0.440063,0.845825,0.281006,-0.441895,0.823853,0.277954,-0.446167,0.890625,0.294556,-0.437256,0.913208,0.309937,-0.431152,0.836426,0.345215,-0.421997,0.747681,0.306885,-0.411255,0.753418
-0.440918,0.381104,0.840576,-0.296875,0.290283,0.786377,-0.225220,0.277100,0.718994,-0.199341,0.272705,0.741821,-0.110718,0.286377,0.937134,0.003662,0.283203,0.764282,-0.030640,0.295288,0.816040,0.090820,0.256592,1.164917,0.133423,0.241211,0.947144,-0.257690,0.322266,1.207764,-0.228516,0.200317,1.450928,-0.119507,0.039673,1.049438,-0.330444,0.485229,0.704834,-0.968628,0.334839,0.327393,-1.074219,0.505981,0.266846,-0.947754,0.535767,0.879150,-0.823853,0.409180,0.895508,-0.638062,0.477905,0.309814,-0.884033,0.696411,-0.556396,-1.162842,0.611084,-0.538696,-0.911255,0.630371,-0.560791,-0.699585,0.570801,-0.432861,-0.866089,0.784302,-0.504517,-1.301392,0.684082,-1.116821,-0.932983,0.446045,-1.507812,-0.643677,0.431519,-1.383545,-0.666382,0.294434,-1.390503,-0.517700,-0.009399,-1.418457,0.076050,-0.168823,-1.453491,0.495117,-0.309814,-0.673096,0.047852,-0.287720,-0.401611,0.249878,-0.373779,-0.340454,-0.044067,-0.452271,0.434448,-0.067139,-0.311401,0.949951,0.620850,-0.481934,0.609375,0.788574,-0.650879,1.034790,0.708618,-0.865112,2.363525,0.416870,-0.840088,2.801880,-0.005127,-0.879028,1.926880,-0.749634,-0.775513,1.469971,-0.641724,-0.640503,2.232422,-0.452515,-0.261719,2.848877,-0.462769,-0.569824,2.105835,-0.623291,-0.438110,0.575195,-0.843018,-0.047485,0.108276,-0.855347,0.117188,0.664185,-0.495117,0.213379,1.215210,-0.203125,0.052734,1.145508,-0.095825,0.013428,0.849609,-0.187500,0.101318,0.889893,-0.240356,0.155029,1.072632,-0.071411,0.132935,1.040283,0.137695,0.104126,1.078125,0.194824,0.078735,1.010010,0.132568,0.098389,0.843506,-0.023926,0.162354,0.969116,-0.029663,0.181763,1.017944,0.110718,0.145874,1.045166,0.170166,0.129150,0.929199,0.074951,0.180298,0.755005,0.029785,0.225098,0.776245,-0.005615,0.208740,0.901367,-0.036743,0.207520,1.050415,0.154785,0.183594,1.041992,0.114502,0.184570,1.004150,0.048584,0.208862,0.999268,0.031860,0.200073,0.894897,0.069458,0.208984,0.893677,0.106812,0.216675,0.998169,0.070190,0.221313,1.035156,0.055908,0.220215,0.951172,0.044434,0.217651,0.956909,0.044434,0.225220,0.950684,0.094727,0.229614,0.972900,0.082153,0.222778,0.923218,0.058228,0.213501,0.944336,0.042114,0.210693,1.039551,0.110840,0.214355,1.047729,0.124512,0.216431,0.998535,0.129150,0.217651,0.935303,0.097778,0.212280,0.852051,0.079468,0.218140,0.953979,0.078857,0.233643,1.045898,0.102417,0.232422,1.029541,0.113770,0.221313,0.937622,0.106934,0.215454,0.890259,0.110352,0.228027,0.944824,0.099487,0.236694,1.040161,0.108276,0.236328,1.012085,0.109985,0.219116,0.961182,0.122070,0.218140,0.930908,0.143921,0.233765,0.995117,0.136719,0.235840,1.018311,0.113037,0.231567,0.976196,0.111084,0.224487,0.923584,0.126587,0.239014,0.923462,0.121948,0.262451,0.946411,0.139526,0.258179,0.994141,0.147095,0.241821,0.927490,0.151245,0.241333,0.954346
-0.510498,0.823364,0.188232,-0.173462,0.789429,0.295654,-0.407837,0.829590,0.247925,-0.515381,0.851929,0.098511,-0.204468,0.802368,0.395508,-0.155518,0.798096,0.180420,-0.229858,0.815186,0.040771,-0.278564,0.785889,-0.297485,-0.139893,1.190796,-0.004028,-0.203979,0.632935,-0.485840,-0.588623,0.899414,-0.432861,-0.840332,0.481567,-0.574341,-0.664185,0.460938,-0.432129,-0.834351,1.085938,-0.193237,0.010498,1.582520,-0.432129,-0.515747,0.610962,-0.562744,-0.745239,0.524780,-0.661255,-0.368408,0.925415,-0.250244,-0.515625,0.970093,0.162720,-0.481201,0.856567,0.236694,-0.578003,0.954590,0.059692,-0.374146,0.730713,-0.259644,-0.624512,0.602783,-0.512329,-0.816406,0.550171,-0.764038,-0.839844,0.408936,-1.023804,-0.900879,0.355347,-1.330078,-0.902100,0.197754,-1.252686,-0.907104,0.085205,-1.403442,-1.124390,-0.039551,-1.958984,-0.926758,-0.060913,-1.657959,-0.558350,-0.022949,-0.987793,-0.516602,0.040527,-0.784912,-0.761841,-0.117432,-1.344238,-0.189575,-0.464844,-1.758057,0.352661,-0.691040,-1.436890,0.770874,-0.690918,0.253296,0.628906,-0.742554,0.929688,0.538330,-0.487549,0.457520,0.988770,-0.142334,1.081787,1.238647,-0.070557,1.520142,1.345947,-0.166138,1.463989,1.283325,-0.162109,2.028198,0.803711,-0.229004,2.763184,0.033325,-0.080444,2.795044,0.528931,-0.161865,2.083862,-0.027588,-0.029663,1.108032,-1.428101,0.287354,1.650024,-1.291748,0.257568,2.616089,-0.877686,-0.068359,1.152222,-0.312988,0.276123,0.109009,-0.462280,0.567993,-0.198242,-0.549194,0.579834,0.291016,-0.376099,0.704102,0.948486,-0.237915,0.673584,1.123047,0.140015,0.641357,0.646729,0.032837,0.656616,0.453247,-0.076782,0.634399,0.570557,-0.117798,0.681519,0.838135,-0.094238,0.710449,0.955200,-0.063477,0.673096,0.871460,-0.035522,0.614258,0.557007,-0.062622,0.647339,0.489380,-0.122803,0.670166,0.572632,-0.156616,0.712280,0.798584,-0.049927,0.741577,0.901611,0.015381,0.692505,0.847412,0.008667,0.701660,0.644775,-0.029907,0.739502,0.586548,-0.077271,0.757935,0.674683,-0.103760,0.745850,0.746826,-0.039062,0.710327,0.815308,-0.023071,0.721924,0.726196,-0.054199,0.742065,0.674927,-0.085205,0.731812,0.642700,-0.084595,0.708618,0.657227,-0.027222,0.711914,0.712646,0.010376,0.738892,0.803223,-0.075317,0.762817,0.766968,-0.064575,0.734497,0.686279,-0.072021,0.710449,0.627563,0.004028,0.726074,0.642456,0.028564,0.735107,0.768799,-0.034058,0.752563,0.797729,-0.062500,0.706177,0.742065,-0.034668,0.712891,0.689331,-0.003540,0.727295,0.664185,-0.008057,0.732178,0.637695,-0.032227,0.739014,0.656372,-0.001465,0.730957,0.666260,0.017578,0.755981,0.716553,0.038818,0.777954,0.714722,-0.000977,0.772461,0.646973,-0.006104,0.766113,0.640503,-0.007812,0.761719,0.710571,0.041504,0.756226,0.747314,-0.005859,0.756470,0.753418,-0.036987,0.761353,0.673828,-0.005737,0.743042,0.645630,0.022461,0.747070,0.640259,0.074097,0.768677,0.673950
0.432129,0.882812,0.109497,0.349121,1.030518,0.405396,0.239990,1.001465,0.178101,0.047607,1.071167,0.126953,0.363892,1.085205,0.347534,0.457520,1.038330,0.511719,0.108032,0.870728,0.325317,0.214111,0.958740,0.303955,0.032349,1.028687,0.269775,0.062866,0.880737,0.393311,0.049072,0.775391,0.335205,-0.430908,0.974731,0.458252,-0.359009,0.999023,0.253540,-0.083496,0.917725,0.324463,0.020142,0.835815,0.084351,-0.036133,0.667480,0.186279,-0.226318,0.723633,0.416748,-0.185791,0.512085,0.296143,-0.480835,0.400879,-0.115112,-0.836060,0.305542,-1.047363,-0.743286,0.354248,-1.589722,-0.581299,0.383423,-1.160645,-0.376465,0.297485,-1.129761,-0.511719,0.174072,-1.341675,-1.182861,0.209839,-1.698364,-1.539307,0.156372,-1.972534,-1.013184,0.065430,-1.979492,-0.370361,0.010864,-1.351562,-0.698608,0.056152,-1.085571,-0.950195,0.013306,-1.472046,-0.818604,-0.170898,-1.558594,-0.525757,-0.269043,-1.156128,-0.446411,-0.458496,-1.074707,-0.097534,-0.819092,-1.196045,0.739990,-1.102417,-1.151001,1.332764,-1.351807,-0.465576,1.553711,-1.126831,0.277222,1.932861,-0.971802,0.978516,2.170044,-0.308105,1.450195,2.121338,-0.117188,1.612549,1.640503,-0.192871,1.870605,1.209106,-0.046143,1.776978,0.837891,-0.010864,2.169067,0.223755,0.068726,3.010986,0.088989,0.085938,1.945923,-0.363525,0.257202,0.585815,-0.932007,0.658081,0.408569,-0.899902,0.573853,0.598755,-0.879883,0.536011,-0.036987,-0.852051,0.712280,-0.641235,-0.734497,0.779907,-0.707764,-0.556885,0.828979,-0.246460,-0.438110,0.794678,0.451538,-0.418457,0.763794,0.635742,-0.248779,0.797607,0.349976,-0.120972,0.837402,0.310547,-0.076294,0.853394,0.394165,-0.147095,0.859619,0.507812,-0.126587,0.823853,0.696899,-0.140625,0.832031,0.682373,-0.173218,0.874390,0.423584,-0.208984,0.870483,0.327393,-0.278442,0.847900,0.358276,-0.299805,0.843018,0.424194,-0.292236,0.840210,0.621704,-0.269531,0.880859,0.659058,-0.248535,0.875610,0.419922,-0.239868,0.868164,0.363770,-0.247803,0.875122,0.439941,-0.250610,0.877075,0.628296,-0.254883,0.872192,0.666748,-0.247925,0.859131,0.643921,-0.181763,0.843140,0.485840,-0.172974,0.857544,0.469604,-0.197632,0.864868,0.488647,-0.261230,0.862183,0.480225,-0.226318,0.837524,0.524048,-0.216431,0.813354,0.589111,-0.181030,0.847412,0.542847,-0.197510,0.859985,0.463135,-0.264893,0.860107,0.485596,-0.245483,0.841064,0.469727,-0.228027,0.841675,0.503296,-0.180542,0.856079,0.579224,-0.166504,0.858643,0.518188,-0.226440,0.843628,0.493530,-0.257935,0.832886,0.573242,-0.221191,0.847656,0.557617,-0.186646,0.866821,0.525146,-0.191895,0.857910,0.480591,-0.221436,0.847168,0.483643,-0.219482,0.837280,0.504639,-0.210327,0.858032,0.491943,-0.224731,0.874878,0.476562,-0.240356,0.866333,0.459839,-0.219238,0.852173,0.487427,-0.225952,0.847412,0.591187,-0.198608,0.861938,0.646118,-0.194214,0.855225,0.527710,-0.217407,0.849731,0.448853
-0.439453,0.862915,0.091431,-0.622192,0.931641,-0.481079,-0.472412,0.895142,-0.144897,-0.250610,0.879517,0.079712,-0.343750,0.972168,-0.061279,-0.181152,1.033325,-0.164551,0.088623,1.006470,-0.180298,0.221558,1.021606,0.137939,0.070923,1.155640,0.292969,-0.275513,1.142456,0.277100,-0.235229,0.830566,-0.014526,-0.066162,0.754761,-0.303223,-0.245728,0.933228,-0.204346,-0.577637,1.160889,0.118286,-0.258545,1.080078,0.306885,-0.256714,0.811646,-0.092285,-0.381836,0.481079,-0.593018,-0.733643,0.808472,-0.377441,-0.532227,0.693848,-0.551758,-0.380981,0.670898,-0.570801,-0.491577,0.725586,-0.565063,-0.518311,0.683228,-0.589111,-0.565186,0.852661,-0.606445,-0.575195,1.001831,-0.628052,-0.704712,1.065308,-0.842041,-0.888428,1.100098,-0.367065,-0.752441,1.126953,-0.201904,-0.685669,1.121094,-0.733398,-0.896118,0.999268,-1.175049,-0.939331,0.873291,-1.235229,-0.863892,0.702515,-0.727173,-0.696411,0.622681,-0.477661,-0.500854,0.511475,-0.690308,-0.395508,0.353760,-0.993042,-0.168579,0.272949,-0.701294,-0.020752,0.206909,-0.145386,-0.049316,0.167236,-0.042236,-0.062256,0.139404,-0.210449,0.099609,0.074341,-0.141479,0.179565,0.136108,0.195679,-0.098633,0.222534,0.526245,-0.223389,0.395630,1.046509,0.300293,0.420044,1.080688,0.361572,0.581421,1.022095,0.023560,0.835083,1.198730,-0.163330,1.040527,1.094482,-0.041992,1.055176,1.047241,-0.182129,1.142578,1.418091,-0.397095,1.269165,1.270020,-0.540161,1.419434,0.617676,-0.497925,1.355591,0.326050,-0.685669,1.283325,0.667847,-0.916626,1.146484,0.763550,-1.229736,0.944824,-0.028564,-1.174316,0.809204,-0.797363,-0.832153,0.714233,-0.715332,-0.627441,0.698242,-0.132935,-0.502930,0.713989,0.182617,-0.487305,0.718384,-0.264893,-0.434204,0.728271,-0.444580,-0.312622,0.774658,-0.156006,-0.388550,0.856812,0.329590,-0.630005,0.932251,0.277344,-0.626465,0.899170,-0.016968,-0.455078,0.922974,0.087036,-0.369751,0.929321,0.235596,-0.447510,0.932617,0.224487,-0.549316,0.907349,0.033081,-0.510132,0.876953,-0.028687,-0.410278,0.882935,0.115479,-0.350586,0.914185,0.254150,-0.417603,0.926270,0.205444,-0.466309,0.915527,0.136475,-0.419312,0.906006,0.221191,-0.395020,0.925293,0.278687,-0.454712,0.915771,0.228394,-0.469238,0.910156,0.171265,-0.449463,0.904175,0.134277,-0.394653,0.895142,0.223999,-0.410767,0.899658,0.239624,-0.414795,0.889893,0.182129,-0.432617,0.905640,0.140991,-0.387939,0.908813,0.235718,-0.420410,0.914185,0.209473,-0.461548,0.913330,0.136597,-0.462891,0.917969,0.134888,-0.381226,0.915405,0.169922,-0.360352,0.892822,0.197266,-0.424194,0.899902,0.252930,-0.516724,0.914673,0.150635,-0.524170,0.905762,0.085571,-0.447876,0.886597,0.104858,-0.388184,0.885376,0.148071,-0.412109,0.893799,0.142822,-0.453491,0.911011,0.146240,-0.437012,0.897217,0.142090,-0.411011,0.889404,0.196045,-0.410645,0.911743,0.225464,-0.449463,0.932495,0.182495,-0.444824,0.912109,0.120605
-0.001709,0.906738,0.063599,0.054199,0.835815,-0.067383,-0.036133,1.024170,0.238525,-0.129395,1.049805,0.166016,-0.287109,1.115845,0.136841,-0.161621,1.026245,0.104980,0.075439,0.909180,0.070190,0.038086,0.940186,-0.031982,-0.030396,0.939575,-0.005615,0.058838,0.881958,0.009888,0.149780,0.831787,-0.034058,-0.062622,0.931519,0.028076,-0.125854,0.941284,-0.199341,-0.292358,0.899414,-0.119019,-0.643188,1.191895,-0.470215,-0.736816,1.217285,-0.981445,-0.648560,1.111084,-0.947388,-0.793823,1.100586,-0.637573,-1.159302,1.099487,-0.685059,-1.125244,0.935547,-1.257690,-0.903931,0.760986,-1.324097,-0.687866,0.581787,-1.297485,-0.508545,0.427002,-1.065063,-0.380859,0.329468,-0.897827,-0.212524,0.181152,-0.876343,-0.075684,0.142578,-0.905151,-0.127319,0.106201,-0.816528,-0.142578,0.126465,-0.484375,-0.086060,0.088013,-0.386719,0.177002,-0.022339,-0.246704,0.360596,-0.040283,-0.046875,0.247192,0.046631,0.324097,-0.025024,0.204224,0.858521,0.023926,0.290405,1.312500,0.180542,0.305176,1.292847,0.312378,0.431030,1.214355,-0.016235,0.594971,1.238403,-0.146729,0.697754,1.432007,-0.106812,0.821045,1.316406,0.020142,0.791016,1.478149,0.116089,0.898926,1.456421,0.053955,0.913208,1.233887,-0.220093,0.935669,1.047607,-0.182007,1.093506,1.357788,-0.117798,1.133789,1.112915,-0.320679,1.011719,0.520874,-0.546265,0.926880,0.169189,-0.783447,0.903687,-0.043945,-0.932129,0.959961,-0.309692,-0.926147,1.081543,-0.270020,-0.687866,1.000488,-0.113647,-0.400024,0.842529,-0.235352,-0.318237,0.856689,-0.074097,-0.388306,0.915161,-0.017456,-0.393188,0.923218,0.001465,-0.394287,0.972046,0.339722,-0.218018,0.923340,0.373413,-0.146118,0.927368,0.190552,-0.251831,0.972534,0.109497,-0.307251,0.942871,-0.055176,-0.348877,0.952515,0.078369,-0.288696,0.995605,0.398193,-0.184082,0.991577,0.335938,-0.243652,0.982666,0.167236,-0.290771,0.952759,0.045044,-0.283691,0.950195,0.112549,-0.255615,0.959839,0.249146,-0.238403,0.995239,0.377075,-0.227905,0.975708,0.250854,-0.283447,0.942383,0.061890,-0.282593,0.945557,0.129639,-0.254028,0.950806,0.247803,-0.264893,0.954102,0.259399,-0.284912,0.958374,0.226685,-0.254639,0.940186,0.165649,-0.217285,0.934326,0.172852,-0.237305,0.950439,0.209229,-0.243652,0.960693,0.227539,-0.260010,0.959717,0.194458,-0.281616,0.971802,0.243530,-0.280151,0.973877,0.254517,-0.288818,0.986328,0.205322,-0.231445,0.979980,0.177979,-0.239868,0.970093,0.180176,-0.311890,0.967529,0.172852,-0.317993,0.990601,0.186401,-0.274780,0.991211,0.215576,-0.278564,0.979248,0.199707,-0.290161,0.965210,0.182495,-0.296875,0.968262,0.187134,-0.277710,0.978394,0.156128,-0.245728,0.962891,0.130737,-0.270874,0.965332,0.214966,-0.268921,0.969360,0.306030,-0.275391,0.971802,0.261108,-0.277588,0.960938,0.159912,-0.272583,0.948853,0.096680,-0.293457,0.959473,0.160034,-0.279785,0.974121,0.239990,-0.257812,0.980713,0.215088
-0.527954,1.029175,0.010376,-0.557373,1.007446,-0.046997,-0.489868,0.953735,-0.062256,-0.451050,1.057251,0.210327,-0.448853,1.017700,0.118042,-0.272583,0.949097,0.039795,-0.225220,1.063477,0.058594,-0.152832,0.879761,-0.173218,-0.223022,0.965576,-0.010620,0.037231,0.770508,0.054321,-0.139038,0.638550,-0.237183,-0.510132,0.715820,-0.417725,-0.347900,0.661377,-0.445801,-0.186890,0.628906,-0.588745,-0.439575,0.743408,-0.545654,-0.491333,0.697388,-0.573730,-0.427246,0.463135,-0.691040,-0.653809,0.394653,-1.022583,-1.009399,0.496582,-1.587646,-1.018799,0.501099,-1.914062,-0.621338,0.361450,-1.630981,-0.387451,0.321533,-1.228516,-0.374756,0.360474,-1.176270,-0.583130,0.423828,-1.567383,-0.609741,0.357056,-1.628174,-0.512085,0.340332,-1.196045,-0.270386,0.380859,-0.973022,-0.153564,0.448486,-1.011719,-0.067261,0.356567,-1.177856,-0.104004,0.094116,-1.028564,-0.134155,-0.120117,-0.642212,-0.237671,-0.140381,0.023193,-0.240967,-0.167969,0.289429,-0.065918,-0.037964,0.150757,0.152344,-0.162476,0.142456,0.266357,-0.371948,0.335938,0.084106,-0.448120,0.684204,-0.412598,-0.098511,1.761108,-0.178101,0.117676,2.589722,0.000977,0.187134,2.059326,-0.097534,0.204224,1.091919,-0.155273,0.242188,0.834961,-0.649902,0.360718,1.746582,-0.244507,0.228271,2.422119,-0.247559,-0.011597,2.035522,-0.771362,0.168579,1.123413,-0.733154,0.179443,0.828003,-0.760742,0.303467,0.591797,-1.016968,0.355591,0.304565,-1.399658,0.545044,0.173706,-1.299561,0.438354,-0.327881,-0.838135,0.532837,-0.574341,-0.902588,0.627441,0.009155,-0.926636,0.707031,0.332031,-0.858643,0.704712,0.217285,-0.716553,0.648926,0.290283,-0.633789,0.637573,0.406860,-0.668457,0.681641,0.423340,-0.611694,0.700806,0.384033,-0.560303,0.693970,0.220459,-0.627686,0.696899,0.256592,-0.544189,0.663818,0.427002,-0.510498,0.687256,0.490845,-0.529541,0.718628,0.397949,-0.529297,0.710205,0.304077,-0.552856,0.689331,0.295410,-0.557739,0.698486,0.376709,-0.628662,0.724731,0.515381,-0.639648,0.735718,0.454956,-0.625610,0.728271,0.344849,-0.650757,0.732788,0.298096,-0.642578,0.715698,0.393921,-0.618530,0.713013,0.485229,-0.585205,0.700195,0.471924,-0.564941,0.689697,0.389038,-0.556396,0.689819,0.335083,-0.496826,0.697021,0.320923,-0.503906,0.707397,0.379761,-0.598267,0.708740,0.463867,-0.672241,0.722168,0.406494,-0.648315,0.721680,0.377197,-0.581177,0.734131,0.357422,-0.503052,0.744995,0.333130,-0.492798,0.731079,0.330811,-0.557007,0.710693,0.387207,-0.625977,0.716431,0.383545,-0.605957,0.735962,0.396118,-0.553101,0.742920,0.344604,-0.520996,0.727417,0.361328,-0.531128,0.712769,0.365356,-0.575073,0.749390,0.417969,-0.625122,0.745605,0.435791,-0.626953,0.756104,0.379761,-0.574341,0.730225,0.348145,-0.539062,0.711426,0.363281,-0.537964,0.718384,0.344727,-0.563232,0.727173,0.333008,-0.581665,0.743530,0.338867,-0.609131,0.745972,0.416138,-0.609985,0.732910,0.418457
-0.652344,0.818604,0.185913,-0.754395,0.819946,-0.047607,-0.645142,0.773315,-0.153076,-0.464844,0.830811,0.351685,-0.533569,0.890991,0.340210,-0.565674,0.843872,0.127686,-0.452637,0.709473,0.095825,-0.528076,0.607910,-0.144775,-0.632935,0.606689,0.042969,-0.518677,0.411499,-0.133667,-0.662842,0.372437,-0.392578,-0.762329,0.298584,-0.818604,-0.769409,0.044800,-1.449219,-0.764893,0.102539,-1.503540,-0.909668,0.244141,-1.276367,-0.951050,0.250977,-1.143555,-0.918091,0.257446,-1.397583,-0.871704,0.241943,-1.502441,-0.769775,0.234619,-1.356323,-0.709106,0.136963,-1.315918,-0.568115,0.125732,-1.345337,-0.348389,0.121582,-1.194702,-0.229736,0.103271,-0.752197,-0.435547,0.290894,-0.705688,-0.630615,0.317749,-0.827515,-0.337769,0.238770,-0.688965,0.005249,0.206543,-0.291382,0.025269,0.206299,-0.053955,-0.142212,0.239380,-0.075928,0.038696,0.117188,-0.010010,0.143433,0.223145,0.089478,0.249023,0.177734,0.358643,0.289429,0.160278,0.464111,-0.059082,-0.027222,0.803589,-0.235596,0.179688,0.972778,0.156982,0.311035,0.982056,0.334229,0.284546,1.073486,0.215088,0.313477,1.197754,0.135742,0.212280,1.290649,0.145020,0.068481,1.651245,-0.173706,0.277100,1.585327,-0.178711,0.452271,1.403198,0.021606,0.427979,1.256958,-0.077026,0.425781,1.292725,-0.532959,0.384277,1.769043,-0.846069,0.365356,1.505493,-0.648315,0.411987,1.168579,-0.677368,0.418945,0.927246,-0.787842,0.325439,0.657227,-0.868774,0.484131,0.180664,-0.980347,0.619995,0.073120,-0.995972,0.571655,0.304321,-0.726685,0.621460,0.510864,-0.661255,0.603638,0.488281,-0.631104,0.618652,0.314697,-0.583130,0.642944,0.321045,-0.477295,0.613159,0.500244,-0.541382,0.624512,0.645630,-0.616455,0.614868,0.602417,-0.510498,0.630615,0.459961,-0.393066,0.667725,0.448120,-0.377319,0.674805,0.601318,-0.463867,0.677856,0.687866,-0.488403,0.667236,0.604858,-0.505493,0.666382,0.503418,-0.474854,0.681396,0.527832,-0.465576,0.667358,0.601929,-0.511353,0.680176,0.688110,-0.546143,0.678467,0.746948,-0.484619,0.679810,0.682983,-0.402466,0.683960,0.563599,-0.333740,0.706665,0.503662,-0.395630,0.693359,0.517090,-0.491211,0.688965,0.544678,-0.510010,0.689575,0.555664,-0.451538,0.693237,0.514526,-0.402344,0.698120,0.487549,-0.402954,0.688354,0.487061,-0.457153,0.685913,0.552368,-0.525391,0.699707,0.632935,-0.521973,0.702759,0.596313,-0.451050,0.708618,0.534546,-0.379517,0.704956,0.543213,-0.369873,0.696411,0.555298,-0.431641,0.692993,0.585327,-0.513550,0.706909,0.568970,-0.500366,0.715820,0.592163,-0.453735,0.707397,0.597656,-0.384766,0.691895,0.579346,-0.405151,0.683228,0.557617,-0.433960,0.690674,0.517212,-0.475220,0.710571,0.493164,-0.489868,0.722534,0.573853,-0.468994,0.707520,0.597656,-0.439697,0.697021,0.564941,-0.446777,0.694824,0.546509,-0.452393,0.710205,0.490967,-0.453857,0.718140,0.510864,-0.436157,0.713745,0.559692,-0.443604,0.711548,0.594482
-0.264893,0.980835,0.558594,-0.256714,0.914062,0.302979,-0.283936,0.957520,0.084229,-0.408325,0.944092,0.049927,-0.170776,0.933350,0.343384,-0.087769,0.972168,0.728882,-0.231445,0.926392,0.458618,-0.223022,0.825317,0.028564,-0.335083,0.921753,0.087158,-0.020020,0.617798,0.788208,-0.231445,0.835571,0.810913,-0.524536,0.817749,0.272217,-0.407959,0.741455,-0.162354,-0.337280,0.743164,0.217407,-0.349731,0.413452,0.772949,-0.557617,0.533203,0.593872,-0.598389,0.623047,0.007202,-0.517944,0.621582,-0.107056,-0.774414,0.639160,-0.619385,-0.673218,0.807739,-1.065308,-0.790527,1.169434,-1.385742,-1.017822,0.841675,-1.432739,-1.138916,0.873047,-2.056274,-1.199097,0.556030,-2.272827,-1.169189,0.329590,-2.149536,-0.760986,0.215210,-1.577881,-0.468140,0.246826,-0.958374,-0.365967,0.254883,-1.031250,-0.500122,0.143066,-1.229736,-0.492065,0.007202,-0.745239,-0.389038,0.015503,-0.144287,-0.010132,0.029541,0.020386,0.015625,0.009277,-0.414551,0.064209,-0.165894,-0.328613,0.297974,-0.167236,0.033813,0.499756,-0.364624,0.265503,0.404541,-0.533691,0.458252,-0.037354,-0.465698,1.132690,0.206421,-0.434204,1.597656,0.694824,-0.731934,1.374146,-0.060181,-0.718872,1.371826,-0.399414,-0.510376,1.801392,-0.489380,-0.543823,2.062622,-0.754639,-0.452393,2.405518,-1.264282,-0.169434,2.039429,-1.473633,-0.314697,1.163330,-1.018921,-0.068726,0.291138,-1.175171,0.076782,0.260620,-1.419922,0.174072,0.593628,-1.385498,0.174072,0.768921,-1.084351,0.169556,0.638794,-0.649780,0.281006,0.474976,-0.584595,0.377197,0.545288,-0.680298,0.345459,0.706299,-0.781860,0.251099,0.756226,-0.693237,0.216553,0.723877,-0.546753,0.222046,0.630249,-0.616333,0.339111,0.658447,-0.711426,0.310425,0.723633,-0.593994,0.255493,0.734375,-0.477539,0.256348,0.681519,-0.425781,0.318970,0.656982,-0.570068,0.344482,0.713745,-0.631592,0.348877,0.710938,-0.451050,0.284058,0.696655,-0.395874,0.274780,0.820923,-0.394897,0.326050,0.822021,-0.551636,0.364990,0.778442,-0.594604,0.325806,0.791260,-0.403809,0.228882,0.763550,-0.312866,0.320557,0.758301,-0.412598,0.308838,0.918457,-0.521851,0.316895,0.917114,-0.520142,0.318359,0.839478,-0.424683,0.270630,0.764404,-0.372559,0.306030,0.756836,-0.397949,0.335205,0.804443,-0.488037,0.323120,0.861206,-0.499756,0.286499,0.943237,-0.427490,0.287598,0.833130,-0.334595,0.309692,0.770874,-0.381348,0.329956,0.777832,-0.459351,0.331177,0.852905,-0.444824,0.315186,0.838501,-0.422485,0.294067,0.862305,-0.419067,0.313110,0.854980,-0.426025,0.336670,0.783569,-0.458252,0.357300,0.790649,-0.441040,0.333740,0.842773,-0.390259,0.317627,0.825317,-0.392822,0.339600,0.829834,-0.450562,0.332275,0.868164,-0.412354,0.344116,0.829590,-0.344116,0.326904,0.801147,-0.351074,0.339111,0.833984,-0.445557,0.327515,0.883789,-0.443481,0.363159,0.829346,-0.383667,0.348022,0.805054,-0.367920,0.356812,0.799194,-0.344482,0.345215,0.851318
-0.313843,0.366333,-0.891968,-0.802246,0.686157,-0.421021,-0.578979,0.660034,-0.371216,-0.660400,0.749878,-0.462280,-0.502686,0.748291,-0.533081,-0.376099,0.790039,-0.437988,-0.395386,0.804688,-0.531982,-0.233032,0.942383,-0.703613,-0.003418,0.837280,-0.609253,-0.246826,0.534302,-0.071777,-0.863770,0.413574,-0.270020,-0.824829,0.393188,-0.683838,-0.609375,0.314209,-1.025024,-0.767700,0.391724,-0.806396,-0.872925,0.483154,-0.720703,-1.522583,0.474365,-1.242432,-1.086914,0.342163,-1.639282,-0.687744,0.411743,-1.470825,-1.043457,0.258301,-1.256836,-1.183716,0.007568,-1.807129,-0.968506,-0.041870,-1.513794,-0.607544,0.007324,-1.099487,-0.509888,0.085449,-0.858276,-0.388428,-0.008423,-0.946411,-0.217529,-0.044922,-0.755371,0.185059,-0.188232,-0.301514,0.247437,-0.240967,0.050171,0.113647,-0.303589,0.293701,0.082764,-0.278320,0.292480,0.016602,-0.308228,0.717041,-0.132080,-0.375977,0.886475,-0.285034,-0.363281,1.247314,-0.176880,-0.243042,1.759277,-0.087769,-0.263428,1.263550,-0.394653,-0.243408,1.011597,-0.871704,-0.217285,1.986328,-0.984863,-0.181763,1.630981,-1.107666,-0.049805,1.301758,-1.499878,0.096069,0.556885,-1.680908,0.119019,0.592651,-1.674805,-0.002197,1.029053,-0.934448,-0.138794,0.105591,-1.176270,0.101929,-1.247192,-1.369507,0.388794,-1.525391,-1.043335,0.387695,-0.572144,-1.234863,0.517090,0.031006,-1.120361,0.507568,-0.353516,-0.893799,0.405640,-0.546753,-0.806396,0.414429,-0.466553,-0.653442,0.395630,-0.241577,-0.795776,0.403320,-0.217041,-1.029785,0.430298,0.149780,-0.883301,0.393433,0.073975,-0.756226,0.417725,-0.088989,-0.633545,0.431274,-0.088257,-0.744019,0.459717,-0.082886,-0.856323,0.479736,0.060669,-0.952148,0.470947,0.276611,-0.997437,0.455688,0.046997,-0.939819,0.461060,-0.016724,-0.912476,0.476440,-0.017944,-0.842407,0.472046,0.065552,-0.865723,0.481445,0.090698,-0.912231,0.487793,0.161011,-0.819458,0.475464,0.057861,-0.771240,0.495605,0.034546,-0.760620,0.475220,0.039307,-0.760620,0.464478,0.040405,-0.883301,0.518555,0.191284,-0.893555,0.511230,0.260010,-0.798706,0.480713,0.096802,-0.845337,0.464111,0.063721,-0.844482,0.462402,0.080688,-0.898560,0.484619,0.095337,-0.926147,0.501831,0.184448,-0.939575,0.479004,0.204956,-0.946045,0.477539,0.148804,-0.873169,0.497925,0.152100,-0.777954,0.547241,0.171021,-0.861694,0.595825,0.309204,-0.822266,0.600830,0.418457,-0.555176,0.582520,0.463013,-0.432617,0.650391,0.459717,-0.385498,0.692383,0.518555,-0.376343,0.709717,0.587646,-0.373169,0.695679,0.572632,-0.411865,0.673340,0.547974,-0.403198,0.684448,0.599365,-0.296265,0.718872,0.617188,-0.246704,0.720093,0.603516,-0.265015,0.710449,0.617065,-0.286865,0.700195,0.696411,-0.307617,0.707397,0.781372,-0.282715,0.705688,0.742920,-0.279785,0.692871,0.587036,-0.289551,0.683350,0.575928,-0.313477,0.687256,0.614868,-0.312012,0.703125,0.683594,-0.273193,0.709229,0.677368,-0.265381,0.694702,0.585571
