0.833008,0.662354,-0.187256,0.846069,0.564819,-0.138916,0.898071,0.656494,-0.103027,0.851318,0.629272,-0.279419,0.764893,0.671509,-0.266724,0.751465,0.693604,-0.247437,0.953491,0.586548,-0.132202,0.949707,0.467651,0.057007,1.134277,0.699219,-0.339233,1.107544,0.662720,-0.373291,1.017700,0.702881,-0.481445,1.170288,0.833618,-0.517334,0.962158,0.701782,-0.506592,0.967773,0.637329,-0.352905,1.168579,0.843262,-0.256104,0.951416,0.630371,0.023193,0.616943,0.681030,-0.208618,0.401001,0.832520,-0.498047,0.282349,0.842529,-0.416260,0.087524,0.695068,0.062866,-0.245483,0.598022,0.031982,-0.158203,0.599365,-0.003784,-0.055664,0.494873,-0.103271,-0.096680,0.378906,0.085327,-0.028564,0.237061,0.225952,0.134644,0.059814,0.121338,0.356079,0.197388,-0.535889,0.489624,0.289551,-0.750732,0.223145,0.322876,-0.853516,0.281860,0.282349,-0.883057,0.572144,0.243286,-0.920410,0.974121,0.458008,-1.516113,0.812256,0.432373,-1.964355,0.762939,0.427979,-1.967041,0.892578,0.406616,-1.847046,0.931396,0.455200,-1.633789,0.827515,0.471802,-1.695557,0.651245,0.410889,-1.624512,0.563477,0.319092,-1.318237,0.485352,0.297607,-0.992432,0.356689,0.331421,-0.928711,0.256226,0.416260,-1.021240,0.161377,0.370117,-0.917969,0.056641,0.250977,-0.653564,-0.368164,0.255615,-0.570068,-0.584473,0.320312,-0.587036,-0.038086,0.411499,-0.620483,-0.073364,0.323608,-0.294800,-0.122803,0.320435,0.083984,-0.184204,0.575562,-0.345947,0.252075,0.629028,-0.568848,0.792603,0.725952,-0.339600,0.753662,0.801758,0.110107,0.716919,0.695679,0.343018,0.824097,0.746338,-0.040161,1.301758,0.819946,-0.270874,1.300781,0.819702,-0.115845,1.123169,0.800049,-0.138550,0.722046,0.797729,-0.526367,0.541870,0.774902,-0.830811,0.553711,0.780640,-0.819580,0.576538,0.731689,-0.772583,0.554199,0.691162,-0.956299,-0.059204,0.574585,-1.267212,0.021240,0.617432,-1.305786,0.072021,0.615601,-1.083984,0.017822,0.539551,-0.957153,-0.061401,0.523804,-1.019409,-0.074585,0.544434,-1.108032,-0.053589,0.529175,-0.946899,0.006592,0.484497,-0.808350,0.089111,0.489014,-0.713989,0.201050,0.552734,-0.631348,0.179199,0.586182,-0.655029,0.321533,0.594849,-0.574829,0.450195,0.536499,-0.438721,0.610962,0.574707,-0.402222,0.689697,0.620239,-0.306763,0.688843,0.615845,-0.389526,0.749146,0.614258,-0.400635,0.698853,0.676880,-0.322998,0.791016,0.742065,-0.270996,0.971924,0.757446,-0.305176,0.975830,0.670532,-0.346558,0.829590,0.622192,-0.450073,0.824219,0.666748,-0.650757,0.929688,0.652710,-0.588501,0.856323,0.570312,-0.636597,0.756104,0.551270,-1.024048,0.660889,0.483398,-1.132324,0.604492,0.473755,-1.064209,0.451904,0.464844,-1.032349,0.419312,0.468018,-0.960815,0.407715,0.482910,-0.982178,0.512939,0.521362,-0.853516,0.432495,0.485107,-0.707153,0.349976,0.472778,-0.684082,0.501831,0.493164,-0.657593,0.625732,0.521606,-0.698853,0.654175,0.518066,-0.697998
0.821899,0.608276,0.060791,0.854004,0.616821,0.007935,0.892212,0.619263,-0.070068,1.021362,0.676147,-0.010254,0.910278,0.690552,-0.042358,0.942749,0.608276,-0.040894,0.966187,0.615845,-0.145264,0.951172,0.588257,-0.089722,1.263672,0.636108,-0.070435,1.477661,0.616089,-0.048828,1.103271,0.625488,-0.269775,0.894043,0.643799,-0.407715,0.966675,0.664429,-0.353149,0.963745,0.643677,-0.381104,0.622559,0.579346,-0.277344,0.309448,0.668701,-0.500000,0.138428,0.605469,-0.403198,0.219727,0.445435,-0.368652,0.423218,0.559814,0.041382,-0.075317,0.386597,0.032837,-0.128418,0.507324,-0.157104,0.021851,0.312256,-0.168457,0.062866,0.149536,-0.238281,0.566284,0.355225,-0.125366,0.271606,0.261597,-0.165527,0.143188,0.207275,-0.458252,0.342285,0.286133,-0.655029,0.771851,0.363892,-0.876099,1.117310,0.374634,-1.086792,0.893799,0.307861,-1.157593,0.885254,0.353271,-1.277954,1.130981,0.398315,-1.381592,1.268921,0.352417,-1.649292,1.266602,0.305298,-1.782715,1.100098,0.264160,-1.600830,1.058472,0.298340,-1.336548,1.060303,0.322876,-1.193359,0.942627,0.283325,-1.102539,0.692993,0.258179,-1.072754,0.539307,0.253052,-0.903320,0.457642,0.257690,-0.538940,0.297852,0.277100,-0.573120,0.196045,0.277222,-0.739990,0.162842,0.200928,-0.714355,0.050537,0.236938,-0.443115,-0.033447,0.356567,-0.330078,0.076294,0.450684,-0.561646,0.248779,0.500732,-0.663696,0.246216,0.501465,-0.561279,0.299805,0.539795,-0.221558,0.385498,0.577637,-0.188110,0.547363,0.637939,-0.128296,0.738403,0.743774,0.196045,0.742798,0.742310,0.332275,0.685913,0.694702,0.202637,0.945679,0.827637,-0.077026,1.041382,0.880859,-0.108765,0.958130,0.823364,0.091919,0.875732,0.771240,-0.050537,0.917725,0.787231,-0.345459,0.956909,0.747070,-0.588989,0.838013,0.663574,-0.649170,0.762329,0.595459,-0.788940,0.922729,0.575073,-1.029541,0.847656,0.504272,-1.209717,0.677002,0.428955,-1.211060,0.507812,0.375854,-1.083496,0.450562,0.360352,-1.050537,0.413452,0.345093,-1.012939,0.309082,0.322144,-0.923828,0.247925,0.306641,-0.811768,0.297241,0.328369,-0.781372,0.339844,0.383057,-0.724854,0.394775,0.456299,-0.560547,0.481079,0.460815,-0.494507,0.539551,0.460571,-0.455933,0.666260,0.541138,-0.294678,0.647949,0.608887,-0.141602,0.637451,0.613281,-0.228271,0.763794,0.650391,-0.269165,0.804688,0.720459,-0.232178,0.858032,0.748657,-0.181519,0.868652,0.716187,-0.142090,0.851074,0.651245,-0.288940,0.906250,0.700439,-0.373169,0.889160,0.682861,-0.342773,0.910278,0.596191,-0.393677,0.939453,0.526733,-0.456177,1.070190,0.485596,-0.648560,1.095215,0.465820,-0.747681,1.007080,0.438110,-0.627563,0.716919,0.310059,-0.721680,0.772217,0.290405,-0.935547,0.932373,0.354980,-0.898560,0.756714,0.302124,-0.786377,0.749268,0.258057,-0.795410,0.746704,0.272583,-0.694946,0.762207,0.305542,-0.649414,0.808716,0.311279,-0.601440,0.823975,0.299194,-0.567383
0.884033,0.638428,-0.321289,0.902344,0.726929,-0.284180,0.873413,0.701050,-0.298340,0.816040,0.722534,-0.258789,0.870117,0.727661,-0.316284,0.778442,0.619263,-0.211060,0.828735,0.571533,-0.219238,0.908569,0.679565,-0.261963,0.921021,0.708862,-0.461670,0.712769,0.686890,-0.701660,0.647705,0.685181,-0.553345,0.818481,0.760742,-0.432617,1.131714,0.817017,-0.333862,0.698242,0.718384,-0.482422,0.257446,0.658569,-0.757568,0.325684,0.671265,-0.586182,0.469604,0.681763,-0.311401,0.447998,0.640869,-0.176147,0.062988,0.457397,-0.087158,-0.142822,0.353760,0.023193,0.018066,0.290039,0.149658,0.244751,0.248291,-0.104126,0.264282,0.191162,-0.208862,0.247803,0.161621,-0.092285,0.124878,0.232300,-0.008301,0.526489,0.260742,-0.421509,1.048828,0.319336,-1.283691,0.987061,0.392334,-1.357178,1.114502,0.553711,-1.088013,1.309570,0.663818,-1.193237,1.493286,0.655884,-1.526245,1.365601,0.587769,-1.675537,1.284058,0.580078,-1.493164,1.173340,0.560913,-1.254028,1.130371,0.499634,-1.196411,0.978149,0.425537,-1.057129,0.790161,0.383301,-0.836182,0.621704,0.337524,-0.588379,0.582764,0.341309,-0.730347,0.533813,0.313843,-0.772949,0.282959,0.232788,-0.548828,0.062378,0.208008,-0.541138,0.217896,0.268677,-0.626343,0.105103,0.220093,-0.785645,-0.022827,0.244995,-0.685303,0.073364,0.363892,-0.467651,0.150757,0.401001,-0.582153,0.291138,0.411133,-0.512939,0.239258,0.506104,-0.245605,0.259277,0.582642,-0.007690,0.441406,0.620850,0.155396,0.660522,0.752197,0.515259,0.746460,0.871826,0.581787,0.736450,0.833374,0.078125,0.980347,0.938232,-0.379883,1.259888,1.003662,-0.587036,1.304810,1.042847,-0.600220,1.123657,0.920654,-0.591187,0.908325,0.754150,-1.041138,1.097534,0.692383,-1.359131,0.817139,0.582031,-1.224121,0.574707,0.488892,-0.936035,0.400391,0.401367,-0.908081,0.382080,0.309814,-1.080200,0.304443,0.267090,-1.054077,0.207153,0.256470,-0.828857,0.118896,0.299072,-0.773315,0.168701,0.299072,-0.780396,0.245728,0.288818,-0.828247,0.252563,0.378052,-0.614868,0.234741,0.449829,-0.367554,0.297729,0.477661,-0.372681,0.433594,0.481323,-0.495483,0.616699,0.602295,-0.358887,0.655273,0.708374,-0.044678,0.673096,0.706787,-0.065186,0.727417,0.691162,-0.283203,0.825928,0.733154,-0.254395,0.922974,0.835205,-0.081421,0.912109,0.805420,-0.082153,0.973633,0.758057,-0.375854,1.070312,0.750488,-0.567749,1.095215,0.757812,-0.493530,1.021362,0.689575,-0.487549,0.937622,0.581543,-0.642944,0.963989,0.518188,-0.842285,0.954468,0.497437,-0.818481,0.838745,0.439819,-0.765869,0.705566,0.399414,-0.708984,0.599243,0.365845,-0.792725,0.671021,0.377563,-0.886719,0.663574,0.412231,-0.757202,0.636719,0.416260,-0.607544,0.546997,0.378662,-0.619507,0.572266,0.440063,-0.659180,0.621948,0.472656,-0.622437,0.662964,0.485474,-0.584106,0.695557,0.474854,-0.544800,0.681763,0.483154,-0.540894,0.719727,0.518799,-0.580200
0.877441,0.699341,-0.102661,0.824219,0.718140,-0.161255,0.953003,0.652710,-0.282593,1.022583,0.742554,-0.367065,0.931641,0.715088,-0.428955,0.883057,0.613770,-0.231201,0.869507,0.672363,-0.321533,0.948120,0.657227,-0.239380,1.071655,0.753052,-0.261841,0.934448,0.742188,-0.442871,0.945679,0.754517,-0.498169,0.960083,0.779785,-0.254761,0.868896,0.754883,-0.183228,0.755859,0.786377,-0.400635,0.502197,0.744507,-0.511841,0.382935,0.704834,-0.455688,0.362305,0.692627,-0.283691,0.304688,0.644897,-0.167236,0.224243,0.570068,-0.132568,0.104492,0.500122,-0.327393,0.067749,0.418579,-0.414185,0.134521,0.357422,-0.241821,0.267822,0.371582,0.112061,0.249512,0.365234,0.205811,0.117065,0.315430,-0.038574,0.182007,0.314575,-0.312500,0.333984,0.372314,-0.324097,0.492798,0.468628,-0.416382,0.874146,0.515747,-0.829468,1.104492,0.624146,-1.279297,0.989624,0.761108,-1.028809,1.001831,0.845703,-0.894409,1.161255,0.844727,-1.093018,1.280029,0.801147,-1.431274,1.272583,0.785278,-1.354248,1.191284,0.749390,-1.072266,1.062256,0.690918,-0.862061,0.960083,0.621582,-0.866943,0.884888,0.581787,-0.831909,0.775024,0.527954,-0.628540,0.619995,0.506226,-0.570801,0.496826,0.461060,-0.679077,0.455444,0.398315,-0.780640,0.384277,0.354126,-0.702637,0.266602,0.320557,-0.561157,0.234131,0.307617,-0.700317,0.278931,0.331177,-0.772705,0.186157,0.391602,-0.686279,0.103638,0.431274,-0.594849,0.176636,0.510620,-0.550171,0.239990,0.541138,-0.499146,0.249634,0.564697,-0.391602,0.402832,0.685059,-0.066528,0.512207,0.690918,0.209595,0.483398,0.728516,0.128052,0.535522,0.811157,0.055054,0.765015,0.891602,0.065430,0.891113,0.905640,0.069824,0.960083,0.977905,-0.031006,0.927979,0.990234,-0.247803,0.898926,0.965454,-0.456055,0.885742,0.881592,-0.494141,0.930054,0.843262,-0.442749,0.921631,0.778076,-0.538940,0.823486,0.687988,-0.602539,0.658081,0.592529,-0.682129,0.607910,0.540283,-0.820801,0.675293,0.513794,-0.872803,0.602783,0.465698,-0.925049,0.500610,0.438477,-0.902466,0.432739,0.415771,-0.957886,0.500977,0.412231,-1.085205,0.471558,0.403931,-1.095093,0.382568,0.415771,-0.838013,0.332275,0.423340,-0.682251,0.341309,0.443115,-0.623169,0.386230,0.496582,-0.606812,0.447021,0.521606,-0.494385,0.492676,0.532349,-0.353149,0.477417,0.563965,-0.171509,0.487061,0.639771,-0.116333,0.555542,0.690796,-0.128296,0.642944,0.674438,-0.130493,0.754517,0.709839,-0.060059,0.752563,0.829468,0.062988,0.804199,0.804321,0.065918,0.896851,0.745605,-0.015015,1.023560,0.763306,-0.131592,1.160400,0.748535,-0.060425,1.132324,0.688599,0.018921,1.066528,0.584717,-0.055298,1.105225,0.524414,-0.364990,1.321777,0.532837,-0.516968,1.316284,0.511719,-0.256348,1.077881,0.381714,-0.068359,0.890503,0.270264,-0.108887,1.237305,0.410767,-0.656250,1.127197,0.382324,-0.690186,1.007690,0.321899,0.119263,0.869873,0.267822,0.127808
0.956909,0.675781,-0.283325,0.820312,0.623535,0.029419,0.914551,0.705322,0.022095,0.814087,0.705322,-0.261719,0.882202,0.730347,-0.345703,0.867798,0.709106,-0.156006,0.875610,0.687622,-0.152954,0.922119,0.640991,-0.094971,1.083008,0.764038,-0.118164,0.921387,0.817383,-0.233765,0.837036,0.780640,-0.152466,0.898193,0.748413,-0.123047,0.882202,0.684814,-0.133667,0.744995,0.630615,-0.153687,0.657471,0.591431,-0.091797,0.574951,0.511230,-0.108765,0.548950,0.435791,-0.106079,0.469727,0.349243,-0.007446,0.307129,0.304932,-0.073364,0.258667,0.286865,-0.062256,0.237671,0.291992,-0.068970,0.216797,0.329224,-0.005005,0.348145,0.392090,-0.092896,0.509277,0.407715,-0.207642,0.792236,0.523071,-0.238647,1.188232,0.636353,-0.282349,1.396118,0.709351,-0.375977,1.463379,0.759277,-0.428955,1.692261,0.824585,-0.420166,1.744141,0.855103,-0.529297,1.703125,0.830444,-0.548828,1.505981,0.743408,-0.468262,1.423218,0.664917,-0.376343,1.271851,0.603271,-0.395630,0.980591,0.494507,-0.313721,0.805298,0.427124,-0.213501,0.766724,0.387695,-0.198975,0.764038,0.354736,-0.287720,0.662476,0.323975,-0.373413,0.582764,0.303345,-0.450562,0.722412,0.317505,-0.452026,0.733521,0.342773,-0.450439,0.583252,0.333618,-0.378784,0.488647,0.374634,-0.351685,0.573242,0.451416,-0.331177,0.530640,0.521729,-0.306274,0.501831,0.572632,-0.122681,0.513428,0.580688,0.007446,0.554077,0.657349,0.124512,0.579102,0.716431,0.122559,0.617065,0.746826,0.197632,0.609985,0.740112,0.269897,0.820435,0.837402,0.203491,0.894043,0.867310,0.022949,0.906860,0.841309,0.006226,0.898438,0.799683,0.045410,0.967773,0.797852,-0.001465,1.103516,0.788818,-0.116211,1.063843,0.731567,-0.229248,1.071655,0.665283,-0.266968,1.035522,0.593506,-0.313599,0.970581,0.538940,-0.434937,0.913086,0.444946,-0.580566,1.070068,0.395752,-0.626343,1.110352,0.356934,-0.690918,0.908081,0.316895,-0.673706,0.820435,0.305542,-0.613892,0.797852,0.291016,-0.573364,0.774170,0.298096,-0.553589,0.735962,0.316772,-0.483032,0.678223,0.363892,-0.399902,0.623657,0.396851,-0.290161,0.660522,0.437134,-0.241699,0.679688,0.486572,-0.172607,0.686157,0.555298,-0.104248,0.713867,0.594604,-0.130737,0.696533,0.611084,-0.051514,0.744629,0.659302,0.028198,0.771606,0.702026,0.072632,0.777832,0.728760,0.068604,0.855103,0.730347,0.029297,0.815063,0.690796,0.087036,0.966675,0.702148,0.076538,1.064697,0.697632,-0.057617,1.069580,0.649292,-0.154175,1.058350,0.584839,-0.200562,1.063477,0.545166,-0.197388,1.072632,0.529663,-0.259766,1.025024,0.481934,-0.383179,1.027832,0.437500,-0.421021,1.020386,0.406250,-0.403076,1.154297,0.413330,-0.380371,1.009888,0.383179,-0.360840,0.991943,0.373535,-0.379883,0.932251,0.359497,-0.415771,0.900635,0.381470,-0.429199,0.907715,0.403809,-0.382568,0.855225,0.390747,-0.321289,0.870117,0.385010,-0.307739,0.869995,0.395996,-0.254028
0.766479,0.473633,-0.213135,0.773804,0.530884,-0.282227,0.919189,0.541870,-0.275879,0.909180,0.507568,-0.509277,0.897583,0.601318,-0.295044,0.812378,0.501343,-0.233032,0.875854,0.385620,-0.117554,0.871094,0.488281,-0.188232,0.873291,0.576172,-0.251709,0.917236,0.608521,-0.352173,1.055664,0.618042,-0.407715,1.315552,0.630981,-0.347046,1.277954,0.546875,-0.308472,1.113037,0.591064,-0.394653,1.070923,0.575928,-0.394043,1.208008,0.587280,-0.319580,1.111816,0.579590,-0.367798,0.919678,0.576294,-0.384644,0.872192,0.536743,-0.243774,0.848877,0.507080,-0.287354,0.788086,0.506714,-0.365479,0.666992,0.479248,-0.380981,0.519653,0.440796,-0.302002,0.475220,0.402832,-0.211670,0.394775,0.353760,-0.208496,0.299194,0.276611,-0.174438,0.176514,0.268555,-0.071533,-0.050171,0.233521,-0.015381,0.109375,0.250122,-0.051880,0.477661,0.286377,-0.280396,0.564941,0.303223,-0.374268,0.611694,0.367554,-0.406494,0.582520,0.425049,-0.409058,0.897949,0.430542,-0.411011,1.222412,0.454224,-0.595703,1.129883,0.510864,-0.641357,1.158081,0.615356,-0.581177,1.407104,0.607788,-0.655640,1.690063,0.634399,-0.794556,1.602051,0.640991,-0.849609,1.475342,0.624756,-0.744263,1.451050,0.588013,-0.665527,1.373901,0.551270,-0.671021,1.182495,0.497314,-0.545532,0.963257,0.446899,-0.482178,0.855835,0.413696,-0.468018,0.826050,0.346436,-0.522583,0.756592,0.310669,-0.535156,0.681152,0.247192,-0.484253,0.516113,0.239990,-0.503906,0.423950,0.237671,-0.468872,0.493042,0.238037,-0.514160,0.470703,0.261963,-0.614258,0.413696,0.276855,-0.607544,0.397095,0.325195,-0.506348,0.582275,0.406738,-0.435303,0.565308,0.453247,-0.448608,0.462158,0.536621,-0.330078,0.480347,0.579834,-0.188599,0.542480,0.630371,-0.146973,0.528076,0.695312,-0.038330,0.570801,0.792725,-0.013184,0.643311,0.828247,0.007935,0.723145,0.851440,-0.039307,0.760620,0.872070,0.026001,0.814819,0.904297,0.025024,0.961670,0.868164,-0.113647,1.025269,0.807739,-0.274414,1.021118,0.740356,-0.391113,1.107056,0.668945,-0.439453,1.067871,0.583008,-0.567261,0.992798,0.466431,-0.681641,1.000000,0.406250,-0.695312,0.985474,0.354736,-0.734497,0.877563,0.316406,-0.755493,0.832642,0.281616,-0.732056,0.796753,0.265625,-0.704956,0.808228,0.242432,-0.654907,0.742188,0.238892,-0.655151,0.718628,0.246216,-0.646240,0.663696,0.265991,-0.654419,0.700317,0.296753,-0.609985,0.738770,0.333252,-0.590454,0.681641,0.382690,-0.541504,0.679810,0.414673,-0.497559,0.671021,0.461792,-0.439209,0.663086,0.535034,-0.325928,0.696899,0.568726,-0.209961,0.680054,0.567627,-0.138306,0.674438,0.605225,-0.124512,0.676270,0.617798,-0.150879,0.744141,0.671631,-0.150757,0.758545,0.663696,-0.184204,0.781250,0.660645,-0.130493,0.702881,0.620117,-0.065918,0.767578,0.658325,-0.101929,0.956665,0.657104,-0.275757,1.080688,0.625122,-0.449829,1.091797,0.583862,-0.458374,1.092651,0.561401,-0.412720
0.877319,0.520630,-0.133545,0.729492,0.495850,-0.467651,0.960693,0.533936,-0.640137,0.946533,0.503052,-0.337158,0.932617,0.494507,-0.355957,0.995361,0.537476,-0.316772,0.925781,0.620483,-0.413330,0.952148,0.682861,-0.561279,0.975952,0.626953,-0.580566,1.086548,0.644043,-0.373047,0.968750,0.576172,-0.334473,1.009888,0.612671,-0.335693,0.988770,0.608643,-0.313599,0.849609,0.569702,-0.299194,0.740112,0.530273,-0.336792,0.784546,0.522339,-0.379761,0.749756,0.497803,-0.429321,0.662842,0.450195,-0.358276,0.509277,0.391357,-0.319580,0.312012,0.362793,-0.285034,0.284180,0.329956,-0.177612,0.245483,0.348389,-0.088501,0.032104,0.307007,-0.070068,0.234863,0.326782,-0.051147,0.383423,0.304199,-0.145020,0.495239,0.362671,-0.222534,0.539062,0.399780,-0.166382,0.724365,0.395508,-0.305420,1.021240,0.436279,-0.554443,1.134033,0.497314,-0.782593,1.057373,0.483154,-0.578979,1.247559,0.511475,-0.748291,1.474976,0.556152,-1.038452,1.539429,0.538574,-1.145996,1.459229,0.529785,-0.963989,1.423584,0.536621,-0.816284,1.304810,0.510620,-0.802734,1.220947,0.476196,-0.720825,1.061035,0.453003,-0.589478,0.962036,0.423218,-0.502686,0.855469,0.393433,-0.514648,0.765381,0.355591,-0.529907,0.708984,0.317505,-0.551636,0.701538,0.302734,-0.620483,0.629028,0.283325,-0.685547,0.532471,0.265625,-0.478149,0.459229,0.243408,-0.425781,0.517700,0.281372,-0.526611,0.453003,0.346802,-0.635010,0.353638,0.359253,-0.530640,0.371338,0.376465,-0.400391,0.417114,0.442505,-0.371338,0.476807,0.505005,-0.406494,0.498413,0.543213,-0.292725,0.551636,0.594238,-0.188843,0.610107,0.646973,-0.151611,0.641724,0.704224,-0.039429,0.687622,0.753662,-0.051514,0.771729,0.776001,-0.141113,0.734375,0.772095,-0.142456,0.670410,0.768311,-0.074463,0.850830,0.783325,-0.188110,0.954712,0.755249,-0.459473,1.041382,0.729126,-0.605225,1.031494,0.697632,-0.547119,1.056885,0.625000,-0.613525,1.058960,0.584473,-0.722412,1.030273,0.517822,-0.834473,0.982544,0.453857,-0.792847,0.923950,0.400391,-0.806030,0.799927,0.364624,-0.760986,0.734985,0.326782,-0.710083,0.701904,0.290039,-0.729736,0.697388,0.271973,-0.744507,0.598755,0.252075,-0.720581,0.580811,0.259644,-0.624512,0.593140,0.270020,-0.665405,0.653564,0.279907,-0.716553,0.630493,0.300415,-0.685425,0.586060,0.353271,-0.570068,0.527100,0.388062,-0.483032,0.587524,0.423706,-0.401855,0.662109,0.475098,-0.427368,0.622681,0.519287,-0.391479,0.612427,0.550659,-0.293701,0.663452,0.580566,-0.226807,0.700195,0.602661,-0.240356,0.773682,0.677002,-0.272095,0.825195,0.728882,-0.347168,0.892212,0.728638,-0.289917,0.900391,0.696899,-0.347412,0.865356,0.682861,-0.285767,0.850708,0.658325,-0.253662,0.820679,0.606201,-0.364014,0.886597,0.561279,-0.410767,0.944336,0.527344,-0.493530,0.968018,0.494629,-0.605835,0.936890,0.453003,-0.630737,0.917603,0.408203,-0.665527,0.922363,0.383911,-0.699707
0.813843,0.676270,0.479370,0.752197,0.663330,0.699341,0.674561,0.667480,0.461548,0.732300,0.645874,0.293091,0.706665,0.696655,0.504272,0.717896,0.688110,0.484863,0.724854,0.713867,0.460205,0.694946,0.733398,0.493652,0.684570,0.652832,0.294922,0.683716,0.691284,0.274536,0.776123,0.773926,0.501465,0.802612,0.839844,0.544800,0.743164,0.792725,0.433838,0.759521,0.785034,0.466919,0.807007,0.768921,0.535645,0.779297,0.743896,0.496216,0.671997,0.711060,0.431396,0.632324,0.664429,0.346924,0.528198,0.625732,0.486572,0.507202,0.576904,0.449341,0.474121,0.475952,0.265625,0.371826,0.414185,0.099121,0.322021,0.351318,0.040527,0.213013,0.339966,0.042603,0.210205,0.288574,0.064575,0.202148,0.254272,-0.091675,0.283447,0.287720,-0.048218,0.401855,0.492310,0.278198,0.533936,0.602539,0.538940,0.816406,0.586792,0.570068,1.158081,0.722412,0.918091,1.365601,0.931763,1.327515,1.227539,1.033081,1.323242,1.169434,0.905151,1.009277,1.180786,0.872314,1.105957,1.235962,0.828247,1.290649,0.980591,0.752197,1.106812,0.828247,0.651367,0.782715,0.623291,0.536987,0.577759,0.635498,0.474243,0.495483,0.623169,0.458984,0.395386,0.598999,0.399902,0.199341,0.638306,0.359009,0.119141,0.769409,0.344482,0.216309,0.778564,0.380127,0.405762,0.681030,0.349976,0.263794,0.675415,0.327026,0.032959,0.627075,0.390747,0.066895,0.587158,0.471313,0.290161,0.598999,0.511841,0.206665,0.257690,0.603516,0.112427,0.315308,0.684814,0.067871,0.115356,0.882812,0.311035,0.063843,0.947754,0.372559,0.039551,1.026978,0.468994,0.131226,1.089844,0.542847,0.093994,1.118896,0.605103,0.189819,1.139282,0.651611,0.306885,1.092041,0.706543,0.398071,1.017334,0.717651,0.562500,0.941650,0.665894,0.626831,0.833374,0.667603,0.626709,0.748901,0.681030,0.689819,0.654175,0.601318,0.916626,0.540405,0.510742,1.015137,0.482422,0.530151,1.008423,0.415039,0.420410,0.960938,0.379150,0.319824,0.992920,0.364014,0.305054,1.000244,0.354370,0.388062,0.964844,0.395996,0.360840,0.856934,0.456055,0.290771,0.645630,0.499268,0.215698,0.534180,0.533203,0.286499,0.455200,0.645386,0.400391,0.423706,0.725952,0.373047,0.318970,0.762207,0.376099,0.183594,0.824707,0.458618,0.092163,0.890259,0.472534,0.108032,0.917847,0.500366,0.216553,0.919678,0.615234,0.343872,0.892456,0.622314,0.424316,0.905151,0.663208,0.564697,0.891235,0.694214,0.572754,0.863647,0.708496,0.546875,0.828979,0.693726,0.666504,0.729004,0.566528,0.671753,0.706055,0.622314,0.739136,0.679810,0.651855,0.679077,0.628784,0.629395,0.703125,0.577026,0.578735,0.816895,0.549561,0.499268,0.780640,0.563110,0.502686,0.700684,0.541748,0.407471,0.693359,0.534058,0.453125,0.723389,0.534912,0.455200,0.751343,0.558228,0.424805,0.731079,0.592773,0.473511,0.676636,0.578979,0.440674,0.642578,0.595825,0.489746
0.743286,0.736694,0.400513,0.707520,0.708496,0.356812,0.668457,0.726318,0.343994,0.680298,0.730103,0.344238,0.708862,0.707886,0.289673,0.687622,0.717041,0.351196,0.657227,0.740234,0.336060,0.598633,0.759888,0.276001,0.702515,0.734375,0.433838,0.688721,0.689209,0.293701,0.642456,0.701660,0.276611,0.606934,0.711426,0.273804,0.655762,0.699707,0.321411,0.714600,0.693115,0.376099,0.722900,0.715332,0.379028,0.709839,0.716797,0.289551,0.704590,0.707031,0.307251,0.746094,0.693726,0.362793,0.730713,0.711182,0.388550,0.755981,0.717285,0.386475,0.732056,0.706787,0.325806,0.720825,0.713013,0.398438,0.704468,0.725098,0.379395,0.682373,0.709351,0.338135,0.665527,0.691895,0.343140,0.655518,0.653076,0.315674,0.636230,0.627686,0.303711,0.627197,0.591064,0.241821,0.564331,0.538086,0.191528,0.471313,0.488281,0.230103,0.360962,0.427368,0.276978,0.189209,0.378052,0.231201,0.153809,0.389771,0.133179,0.168945,0.432373,0.155762,0.557861,0.525635,0.276001,0.992798,0.625610,0.538696,1.215088,0.820190,0.883423,1.171509,0.921753,0.803467,1.263794,0.913330,0.557739,1.416138,0.971802,0.967163,1.404907,0.987549,1.095215,1.096680,0.912842,0.850586,0.889893,0.824585,0.629761,0.781738,0.762329,0.622314,0.713013,0.717773,0.623413,0.622314,0.665894,0.529175,0.612061,0.607056,0.428589,0.616211,0.563843,0.465088,0.675781,0.554077,0.390625,0.619751,0.542725,0.260986,0.595093,0.494019,0.149292,0.707031,0.469849,0.215210,0.780396,0.450439,0.266724,0.718262,0.458984,0.242432,0.660400,0.451904,0.170898,0.691650,0.446655,0.210815,0.762695,0.468140,0.271606,0.697754,0.488647,0.228149,0.632935,0.518311,0.085571,0.674927,0.576660,0.104370,0.664062,0.639038,0.245850,0.565918,0.700928,0.256714,0.387695,0.753052,0.165405,0.251831,0.795532,0.160767,0.220093,0.847900,0.332764,0.265381,0.975220,0.513916,0.243286,1.026855,0.515381,0.193359,1.019043,0.463745,0.251831,1.009277,0.544556,0.526978,1.016968,0.715698,0.610962,0.996338,0.774414,0.592896,0.899048,0.578857,0.561646,0.814941,0.460571,0.789795,0.741943,0.528320,0.891846,0.704956,0.624756,0.880005,0.654541,0.555298,0.829224,0.551758,0.385742,0.878540,0.502808,0.345825,0.985840,0.486816,0.420776,1.005615,0.474976,0.360474,0.969238,0.445557,0.244385,0.897095,0.429199,0.243652,0.928467,0.463013,0.286987,0.825073,0.502075,0.291748,0.741577,0.534424,0.216309,0.661865,0.568970,0.257690,0.578979,0.596313,0.289062,0.501831,0.677856,0.357056,0.400879,0.734863,0.361938,0.331787,0.757690,0.372437,0.349731,0.770508,0.419189,0.361694,0.809082,0.482178,0.338135,0.859741,0.484253,0.360352,0.874146,0.436523,0.383057,0.859863,0.485596,0.460815,0.845215,0.579468,0.532349,0.857666,0.590332,0.508911,0.822876,0.514648,0.489502,0.764893,0.454102,0.577148,0.735962,0.495117
0.693604,0.736694,0.366699,0.703247,0.737305,0.447998,0.660522,0.741333,0.392456,0.665649,0.763550,0.421387,0.622437,0.756592,0.324585,0.640015,0.730103,0.310547,0.686157,0.730225,0.418701,0.701538,0.794189,0.521606,0.654175,0.726196,0.291870,0.594482,0.720337,0.274658,0.648560,0.710205,0.324097,0.699341,0.733521,0.435059,0.689331,0.749756,0.386963,0.641968,0.736084,0.332275,0.659058,0.729736,0.329346,0.715088,0.748413,0.376343,0.725220,0.749023,0.396606,0.681641,0.720215,0.369019,0.662354,0.700317,0.365479,0.634644,0.675903,0.344238,0.605103,0.665405,0.285034,0.557861,0.624634,0.227783,0.530029,0.584106,0.210571,0.473755,0.541016,0.273315,0.393433,0.499634,0.227417,0.260498,0.500244,0.168579,0.277344,0.478760,0.057861,0.487183,0.497437,0.215698,0.599243,0.542847,0.480347,0.556396,0.624023,0.473145,0.684570,0.627808,0.294434,0.857300,0.668579,0.500732,1.010864,0.722900,0.730103,0.920288,0.761963,0.716187,0.897949,0.745361,0.476685,1.117798,0.778809,0.749634,1.240356,0.807495,0.946533,1.164429,0.798218,0.903809,0.960327,0.748291,0.689575,0.907593,0.736816,0.699585,0.853516,0.700317,0.735962,0.802124,0.675293,0.633545,0.723755,0.660156,0.546997,0.684570,0.629761,0.463013,0.700439,0.604492,0.444214,0.717163,0.609985,0.499146,0.690186,0.591553,0.385376,0.645264,0.573120,0.337891,0.700928,0.553467,0.343262,0.691650,0.527954,0.370605,0.638550,0.515503,0.328369,0.598389,0.495972,0.268066,0.603394,0.474854,0.219238,0.682007,0.484131,0.246582,0.718506,0.548584,0.244385,0.596191,0.567627,0.199219,0.624878,0.568481,0.143433,0.632568,0.627197,0.232178,0.562988,0.697266,0.284668,0.484497,0.724731,0.196533,0.380005,0.721802,0.156250,0.341187,0.733765,0.221924,0.333008,0.842041,0.364868,0.293335,0.903442,0.384521,0.237427,0.902832,0.384888,0.258423,0.906372,0.508911,0.284302,0.942749,0.603027,0.439697,0.974854,0.611450,0.488403,0.938843,0.544556,0.553223,0.895508,0.542480,0.503540,0.837769,0.543213,0.682739,0.785278,0.519531,0.804932,0.757080,0.601440,0.871582,0.709473,0.566162,0.924316,0.634399,0.466064,0.994141,0.620728,0.515381,1.000000,0.584961,0.488892,0.927979,0.526489,0.374512,0.881470,0.483887,0.320068,0.837158,0.464600,0.298218,0.836426,0.476318,0.275635,0.776001,0.496216,0.243530,0.711914,0.497070,0.253906,0.725464,0.521484,0.310425,0.722412,0.582520,0.340454,0.650391,0.636230,0.324463,0.600830,0.649414,0.288208,0.523315,0.654175,0.332031,0.470581,0.702881,0.381470,0.397461,0.748413,0.381714,0.310303,0.751587,0.362061,0.296997,0.763306,0.450684,0.309570,0.808838,0.570557,0.375122,0.853638,0.547852,0.454712,0.873413,0.593994,0.491333,0.857788,0.597168,0.519653,0.836426,0.633179,0.473145,0.813110,0.574707,0.528442,0.786499,0.524902,0.621338,0.747559,0.580078
0.654907,0.785889,0.423096,0.598633,0.788940,0.303955,0.665161,0.724487,0.276123,0.729614,0.727539,0.367432,0.661499,0.735107,0.376221,0.644287,0.736328,0.351562,0.695679,0.697876,0.296509,0.645874,0.691895,0.261963,0.673096,0.708496,0.343750,0.677612,0.752075,0.409424,0.679321,0.736694,0.318970,0.678711,0.727051,0.331055,0.673340,0.723389,0.384033,0.675781,0.718384,0.362793,0.669189,0.726929,0.331787,0.679321,0.711426,0.294922,0.686768,0.700439,0.337769,0.666016,0.691406,0.353271,0.689331,0.714600,0.338135,0.682617,0.703125,0.286621,0.715332,0.706787,0.335693,0.753174,0.704712,0.365967,0.725464,0.728271,0.362183,0.682129,0.735840,0.330200,0.676880,0.715332,0.278076,0.670410,0.717651,0.349243,0.665894,0.707153,0.378174,0.657349,0.677612,0.344971,0.631104,0.651978,0.282471,0.564087,0.559082,0.135254,0.460693,0.479980,0.090698,0.310547,0.464233,0.182861,0.222290,0.442505,0.063965,0.363525,0.428101,0.037842,0.600586,0.495361,0.385986,0.709229,0.633057,0.467896,0.798218,0.677246,0.347534,0.983765,0.718750,0.468140,1.094727,0.811157,0.747070,0.948975,0.870605,0.796753,0.768311,0.841553,0.618164,0.879883,0.845215,0.682495,1.014648,0.858643,0.866333,1.019653,0.858765,0.837646,0.880737,0.812622,0.647583,0.816284,0.780518,0.592651,0.841309,0.730347,0.589966,0.800415,0.711792,0.588501,0.774780,0.683105,0.519287,0.759521,0.635498,0.449341,0.758545,0.609741,0.461792,0.695801,0.605591,0.442383,0.615234,0.583130,0.318726,0.650024,0.556641,0.283325,0.680420,0.556274,0.328735,0.709351,0.551758,0.227417,0.688599,0.546997,0.197632,0.654419,0.543945,0.206177,0.677002,0.541626,0.306396,0.734985,0.547729,0.301514,0.720825,0.566895,0.264648,0.654053,0.556030,0.123779,0.617920,0.564697,0.146606,0.682861,0.591675,0.176147,0.663452,0.687744,0.299561,0.547729,0.709595,0.158203,0.423218,0.715576,0.077026,0.288452,0.729370,0.186279,0.321411,0.796997,0.302246,0.353394,0.879272,0.429565,0.289917,0.882202,0.389893,0.288696,0.887573,0.383667,0.274658,0.885376,0.452393,0.365112,0.921997,0.529663,0.485840,0.930054,0.627075,0.530029,0.887329,0.541504,0.558228,0.847778,0.486450,0.727295,0.846436,0.516602,0.797363,0.829590,0.584351,0.854492,0.770508,0.508179,0.774536,0.699829,0.474243,0.894531,0.704590,0.513306,0.863892,0.680908,0.496216,0.840332,0.626465,0.381714,0.808838,0.577271,0.348145,0.859131,0.549805,0.373047,0.885742,0.555786,0.407593,0.840088,0.532593,0.298096,0.785034,0.507324,0.224121,0.808838,0.501953,0.280640,0.815552,0.517944,0.344482,0.721558,0.547729,0.279785,0.674072,0.566772,0.283081,0.647461,0.565186,0.266846,0.639526,0.620728,0.354004,0.598633,0.680298,0.394409,0.528442,0.710083,0.329712,0.501831,0.717651,0.335083,0.422852,0.724854,0.381226,0.421997,0.783447,0.447632
0.418701,0.470947,0.797363,0.594482,0.448364,0.776123,0.467529,0.371216,0.946655,0.380371,0.424194,0.894043,0.387451,0.510864,0.945557,0.474976,0.598389,1.189941,0.588257,0.641479,1.172363,0.498047,0.500610,1.152954,0.836304,0.442505,1.068237,0.789307,0.520264,0.887085,0.334473,0.616089,0.814209,0.270142,0.655518,0.724121,0.128174,0.704712,0.657104,0.248291,0.745850,0.560181,0.319946,0.784058,0.417358,0.314331,0.782471,0.498535,0.202881,0.680786,0.478149,0.109863,0.544922,0.256958,-0.233154,0.411133,-0.114746,-0.678467,0.271118,-0.265503,-0.588379,0.262085,-0.455811,0.197021,-0.054810,-0.637207,0.098755,-0.218262,-0.410889,-0.382446,-0.155029,0.128906,-0.479980,-0.112183,1.021729,0.369629,-0.102661,1.658936,0.918091,-0.169678,1.968872,0.442017,-0.091675,2.510376,0.015747,-0.057251,2.874146,0.516602,-0.192505,3.108887,0.844727,-0.255981,2.810059,0.568481,-0.273926,2.308228,0.210938,-0.428711,1.580933,0.291992,-0.389648,0.892090,0.528564,-0.293701,0.543213,0.455200,-0.116333,0.174683,0.075806,-0.229736,-0.128174,0.171265,-0.150146,-0.460815,0.579834,-0.026123,-0.439819,0.700439,0.134766,-0.170410,0.154297,0.081787,0.210938,-0.983276,0.244873,0.693604,-0.737793,0.479492,0.726440,-0.586792,0.677490,0.570923,-0.992065,0.627808,1.130737,-1.043701,0.652588,1.351440,-0.780518,0.483154,1.765991,0.391602,0.394897,1.877686,1.094971,0.411011,1.776611,1.212891,0.262695,1.505615,1.349976,0.135010,1.114258,1.359375,0.044067,0.760376,1.495605,0.099854,0.713623,1.492432,0.064941,0.813965,1.164795,-0.131470,0.501343,0.486938,-0.002197,0.141846,0.466553,0.081299,-0.098999,0.215698,0.126953,-0.152588,-0.451172,0.160034,-0.179810,-0.700317,0.179932,0.142578,-0.680298,0.293945,1.115112,-0.540527,0.375366,1.616943,-0.537109,0.396973,1.607422,-0.481934,0.356323,1.667603,-0.465698,0.258301,1.680054,0.269531,0.223022,1.566772,0.781860,0.271973,1.427979,0.518799,0.266724,1.289185,0.433960,0.245605,0.991455,0.255615,0.257446,0.739624,0.928467,0.260254,0.709961,0.778687,0.267822,0.870850,0.310059,0.270020,1.053955,0.437378,0.306641,0.782715,0.356567,0.308838,0.543701,0.424194,0.333984,0.561157,0.439209,0.362549,0.711548,0.374512,0.402954,0.926147,0.400024,0.397217,0.851074,0.355713,0.379150,0.749146,0.379272,0.393311,0.726196,0.377808,0.402466,0.888062,0.405396,0.411499,1.056274,0.331665,0.372192,0.938110,0.305786,0.362061,0.825684,0.291016,0.382080,0.802734,0.310547,0.410278,0.807617,0.367554,0.408447,0.844971,0.353760,0.396606,0.873657,0.367065,0.393677,0.874756,0.365601,0.404297,0.863647,0.398071,0.395386,0.831787,0.391357,0.400879,0.852173,0.386230,0.391846,0.892334,0.301514,0.395630,0.903442,0.308105,0.400024,0.890137,0.342529,0.405151,0.843628,0.333252,0.391357,0.839844,0.305420,0.380371,0.893066,0.323486,0.393555,0.943604
0.154419,0.411865,0.581421,0.107544,0.363525,0.427734,0.072510,0.382568,0.642456,0.127930,0.447998,0.841309,0.037354,0.499878,0.945068,0.084961,0.596191,0.812744,0.156128,0.687012,0.891357,0.303711,0.718384,1.475098,0.380249,0.762695,1.805908,0.532349,0.738525,1.737671,0.512817,0.684814,1.590820,0.463989,0.561279,1.359253,0.566040,0.510010,1.257812,0.259155,0.571899,0.861328,0.233521,0.470581,0.553711,0.263550,0.391846,0.260010,0.042725,0.325562,-0.138428,-0.258179,0.172241,-0.822876,-0.305664,0.108521,-1.249512,-0.348511,0.097046,-1.340454,-0.280273,-0.288818,-1.100220,-0.316040,-0.636719,-0.646606,-0.597168,-0.650513,0.832397,0.271484,-0.322144,1.988525,1.272217,0.089844,2.453491,0.260010,-0.025024,1.871582,-0.008301,0.001831,2.224365,0.530762,0.099487,2.715454,1.079956,0.314819,3.144409,0.805298,0.140137,2.943115,0.655151,-0.218384,2.579102,0.717651,-0.173584,1.693115,0.831909,-0.140259,0.855591,0.921875,-0.244751,0.243530,0.591309,-0.595581,-0.448730,0.052734,-0.418823,-1.106567,-0.073120,-0.091309,-1.245850,-0.308350,0.051147,-0.651123,-0.761353,0.240479,-0.058228,-0.975098,0.351685,0.783203,-0.694092,0.592896,1.275879,-1.103516,0.674805,1.514648,-0.817993,0.731567,1.332886,-1.006836,0.615723,1.687866,-0.379883,0.484863,1.741211,0.386597,0.242065,1.168213,0.983643,0.062134,0.779907,1.797363,0.169189,0.718140,2.732666,0.198120,0.906250,2.031006,0.028687,1.185791,1.758301,0.037109,0.885864,1.515259,-0.112427,0.370605,1.168701,-0.202148,-0.024170,0.147217,-0.211914,-0.411743,-1.084473,-0.019165,-0.066772,-1.268799,0.189575,0.679321,-1.063354,0.230469,0.822632,-1.085083,0.227417,0.671265,-0.838013,0.301147,0.945557,-0.669434,0.294312,1.659790,-0.606079,0.099976,2.073486,-0.003662,-0.032593,1.982178,1.331909,-0.030640,1.593384,1.583984,0.082886,1.277222,1.017822,0.268188,1.184326,0.784180,0.162354,0.970459,0.754639,0.211670,0.855225,0.884888,0.183960,0.831177,0.597290,0.233032,0.767578,0.390015,0.250488,0.688354,0.239746,0.293945,0.732178,0.295288,0.315552,0.836426,0.505615,0.360596,0.874023,0.531494,0.322021,0.717773,0.309937,0.299072,0.670410,0.304077,0.340210,0.723755,0.403320,0.359253,0.868896,0.489380,0.377930,0.937988,0.453735,0.342529,0.943481,0.384033,0.305908,0.835083,0.372437,0.323853,0.790405,0.394775,0.343384,0.801025,0.458862,0.347168,0.875000,0.432495,0.357300,0.983887,0.369995,0.331665,0.890015,0.299194,0.335815,0.790894,0.359619,0.357666,0.777710,0.448608,0.357544,0.840942,0.393311,0.362061,0.949707,0.365967,0.365601,0.918945,0.366211,0.351074,0.860718,0.391602,0.345825,0.823975,0.400391,0.360107,0.821533,0.360596,0.367188,0.885132,0.356567,0.371582,0.906494,0.337646,0.369629,0.946045,0.427490,0.361328,0.926392,0.415161,0.332153,0.875244,0.415527,0.316895,0.834839,0.519165,0.363037,0.878540
-0.150024,0.627319,1.224854,-0.291382,0.643066,0.863525,-0.180908,0.605469,0.884277,-0.179565,0.629883,1.008057,0.074829,0.597656,1.207642,0.132812,0.781372,0.960449,0.175781,0.789307,0.820068,0.094849,0.801147,0.991943,0.273315,0.837524,1.256836,0.411133,0.816040,1.429932,0.529419,0.761475,1.480469,0.551514,0.653442,1.512573,0.387451,0.525391,0.974121,0.335083,0.601562,0.596802,0.149048,0.668213,0.476929,0.099854,0.507080,0.145142,0.171387,0.356689,-0.056519,0.061890,0.359741,-0.442749,-0.168457,0.184692,-1.332886,-0.252075,-0.031860,-1.695068,-0.188477,-0.296265,-1.142944,-0.314453,-0.521851,-0.548096,-0.386597,-0.693604,-0.422607,-0.874390,-0.710449,0.389038,-0.473022,-0.845337,1.671509,0.312500,-0.703369,2.144165,-0.834717,-0.165527,2.237305,-0.802979,-0.332153,2.410767,-0.040894,-0.422119,2.602539,0.102295,-0.293213,3.388916,0.078003,-0.505493,3.446289,-0.114380,-0.534912,2.726074,-0.092529,-0.368164,2.513428,0.131470,-0.406616,2.054199,0.178833,-0.412598,1.208130,0.368896,-0.461060,0.733276,0.671265,-0.475830,0.374634,0.616577,-0.391846,0.102051,0.939453,-0.298218,0.043213,0.622681,-0.313721,0.346436,-0.005371,-0.192993,-0.491943,-0.226929,-0.019775,-0.793945,-0.131104,0.093872,-0.983765,-1.209961,0.436401,-0.528320,-1.594238,0.543823,-0.570190,-1.921997,0.538086,-0.472046,-2.191162,0.566772,0.110107,-1.903442,0.618652,0.555908,-1.230957,0.544556,0.645752,-0.434570,0.366821,1.108765,0.099365,0.133545,1.795654,1.273438,0.019287,2.372314,2.468140,0.129639,2.275146,1.813965,-0.094727,1.783203,1.296387,-0.029175,1.109253,1.464478,-0.090576,0.885376,1.611572,-0.041260,0.692993,0.645020,-0.146362,0.533081,0.188354,-0.187012,0.368652,-0.427002,-0.011963,-0.036133,-1.353760,0.280640,-0.514038,-1.410522,0.363281,-0.595703,-1.497437,0.311279,0.322876,-1.695190,0.314087,0.865112,-1.567993,0.379028,0.855469,-1.170898,0.311157,0.623413,-0.750488,0.206665,0.659546,-0.199585,0.168579,1.102051,0.898682,0.143555,1.724854,0.408203,0.317871,1.838989,-0.014038,0.202515,1.368164,0.161865,0.180176,1.079346,1.299072,0.222168,1.327271,1.281738,0.259521,1.479492,0.276611,0.172974,1.291382,0.129639,0.188721,1.023804,0.249878,0.245361,0.829468,0.337280,0.268677,0.716064,0.342651,0.291382,0.572266,0.184937,0.271362,0.669312,0.125122,0.301392,0.953979,0.214966,0.320312,1.122803,0.329224,0.334351,0.864136,0.298706,0.302246,0.637451,0.216309,0.317505,0.667603,0.163452,0.344482,0.980225,0.235474,0.365356,1.160522,0.291382,0.352417,1.045898,0.289307,0.317749,0.777832,0.265137,0.325806,0.756104,0.225952,0.353271,0.936401,0.193115,0.353516,0.990967,0.239502,0.327759,0.849976,0.229126,0.327393,0.819214,0.261475,0.339844,0.967407,0.302002,0.352173,1.050171,0.301514,0.342285,0.972534,0.274536,0.325928,0.887329,0.253906,0.319092,0.849976,0.264771,0.345947,0.892212
-0.104736,0.756104,0.860352,-0.117065,0.664551,0.762939,-0.022095,0.701782,0.342041,-0.060303,0.710815,0.825439,0.013306,0.727051,0.894653,0.099487,0.766479,0.702881,0.119263,0.800537,0.704224,0.161011,0.905640,0.865112,0.074341,0.916382,0.888184,0.132812,0.792358,0.564453,0.162354,0.906616,0.374146,0.051270,0.997192,0.648926,0.073486,1.141724,1.247925,0.122681,0.833740,1.090820,0.094482,0.853271,0.692993,0.293091,1.043945,0.121582,0.311646,0.816528,0.274048,0.243286,0.639648,0.365967,0.212646,0.535278,0.097290,0.084839,0.464233,-0.064575,0.015259,0.350342,-0.334351,-0.119751,0.081177,-0.549927,-0.260620,-0.136475,-0.846191,-0.574097,-0.351196,-0.809937,-0.733643,-0.305908,0.001831,-0.286743,-0.144531,1.200684,0.080444,0.118042,1.534424,-0.229980,0.090454,1.710815,-0.204834,0.131714,2.380005,0.303589,0.258789,2.909790,0.467896,0.198730,2.732056,0.512085,0.092529,2.813843,0.254517,-0.051758,2.932739,0.195801,-0.079468,2.655029,0.131836,-0.148804,1.740845,0.094849,-0.294678,0.959717,0.137451,-0.291138,0.380615,0.281616,-0.255249,0.115601,0.578735,-0.255005,0.110718,0.693970,-0.218506,0.235596,0.462769,-0.160767,0.253174,0.142578,-0.103394,-0.010498,0.024048,0.006470,-0.334839,-0.476196,0.302490,-0.512817,-0.781128,0.605469,-0.360596,-1.114868,0.855469,-0.034668,-1.776123,0.997681,0.320190,-1.877808,1.221436,0.486084,-1.144409,1.160889,0.781006,-0.634399,0.977539,1.316772,-0.454590,0.675537,1.785645,0.236328,0.250732,2.158691,1.210693,0.090820,2.324585,1.175659,-0.111206,1.999634,1.096313,-0.303101,1.156372,1.315674,-0.339844,0.968994,1.194214,-0.328491,0.908936,0.844604,-0.299072,0.681763,0.770752,-0.226196,0.358398,0.559814,-0.078857,0.182129,0.155396,0.178467,0.058716,-0.341553,0.316406,0.173828,-0.827148,0.491821,0.284180,-1.260498,0.731079,0.309570,-1.344482,0.935791,0.402100,-1.275513,0.988525,0.450317,-1.119141,0.960693,0.471680,-0.785034,0.948853,0.854614,-0.100464,0.775757,1.500000,0.222534,0.685913,1.628418,0.261353,0.487305,1.506470,0.610840,0.322144,1.240967,0.906250,0.248047,1.296021,0.883789,0.186646,1.359009,0.694092,0.153687,1.229980,0.603149,0.158936,0.971069,0.517822,0.188232,0.741821,0.439331,0.282837,0.536133,0.391846,0.311768,0.533447,0.342651,0.341675,0.652832,0.276245,0.374878,0.753540,0.284302,0.402588,0.807983,0.362427,0.428589,0.860107,0.308716,0.439087,0.880127,0.261108,0.457520,0.889526,0.217773,0.480835,0.882446,0.194214,0.487427,0.863159,0.223145,0.489868,0.851440,0.200195,0.483276,0.845703,0.200073,0.478394,0.840942,0.232056,0.489624,0.847778,0.272827,0.479492,0.898315,0.319214,0.464966,0.911621,0.297119,0.454834,0.870972,0.248901,0.449829,0.863159,0.264648,0.465454,0.863159,0.282349,0.464600,0.866211,0.319702,0.455811,0.855103,0.297241,0.439453,0.858521,0.260742,0.444946,0.852173
0.263428,0.514893,0.698975,0.192505,0.480957,0.910889,0.320312,0.453735,1.323120,0.179932,0.486328,0.947632,0.186035,0.507202,0.707031,0.319702,0.484619,0.842773,0.329956,0.520386,0.769043,0.324951,0.640991,0.841553,0.449951,0.698975,0.942627,0.515991,0.690308,1.091919,0.491455,0.678467,1.242432,0.490479,0.731934,1.342773,0.448364,0.726196,1.244019,0.442383,0.729248,1.024780,0.404297,0.727173,0.745239,0.250732,0.675049,0.721069,0.353516,0.647949,0.783447,0.381592,0.548950,0.734741,0.268555,0.458618,0.525146,0.193970,0.348145,0.112183,0.195801,0.237305,-0.171631,0.075439,0.149048,-0.399658,-0.151489,-0.036743,-0.503296,-0.375488,-0.143921,-0.267456,-0.667603,-0.143311,0.064575,-0.575195,-0.003906,-0.040039,-0.063843,0.062256,-0.128052,0.326904,0.003052,0.431519,0.435913,0.130005,1.572388,0.369019,0.223999,2.499146,0.488770,0.230591,2.826904,1.064575,0.211914,2.704346,1.252808,0.207153,2.820068,0.978149,0.132324,2.818115,0.703857,0.056641,2.446777,0.622437,0.004272,1.905884,0.515015,-0.131104,1.176147,0.391113,-0.213745,0.608765,0.387573,-0.334351,0.229736,0.662842,-0.374512,0.202148,0.674072,-0.340454,0.184570,0.429810,-0.309204,0.143799,0.289429,-0.189819,0.063354,0.210571,0.033447,-0.067383,-0.227539,0.283447,-0.187866,-0.861328,0.584473,-0.216553,-1.255615,0.702637,-0.032959,-1.453125,1.008545,0.373535,-1.470825,1.263916,0.499023,-1.366821,1.254639,0.590454,-0.910278,1.008423,1.164185,-0.450195,0.791260,1.613647,-0.078369,0.598999,1.721558,0.412964,0.281616,1.453247,0.915894,0.034180,1.473511,1.237183,-0.092651,1.489746,1.454956,-0.207031,1.213135,1.659302,-0.263062,1.037842,1.495728,-0.295166,0.903931,1.000244,-0.231445,0.652222,0.735107,-0.135010,0.468994,0.605103,0.014282,0.400757,0.140137,0.144775,0.368652,-0.482544,0.381592,0.465820,-1.040283,0.682617,0.428101,-1.276489,0.757812,0.385132,-1.223022,0.779541,0.608765,-1.158447,0.838013,0.782715,-0.889648,0.774048,0.797607,-0.363647,0.660522,0.870117,0.101807,0.517822,1.148071,0.240723,0.400024,1.299194,0.526611,0.341309,1.335205,0.683472,0.310425,1.503784,0.638062,0.272705,1.517700,0.572388,0.265259,1.289062,0.353882,0.267700,1.026489,0.232056,0.290649,0.828491,0.179565,0.314453,0.774536,0.182739,0.321777,0.828979,0.145752,0.322876,0.880005,0.128906,0.350464,0.843994,0.169800,0.373901,0.841675,0.229004,0.383545,0.879272,0.209229,0.372803,0.952759,0.178467,0.375000,0.984375,0.130859,0.391724,0.924561,0.068359,0.387451,0.873779,0.112061,0.387817,0.892334,0.117432,0.385864,0.968506,0.093750,0.395264,0.941406,0.082764,0.407471,0.877319,0.067383,0.377930,0.809692,0.102905,0.398926,0.855103,0.134888,0.390259,0.946777,0.145752,0.398071,0.977661,0.106689,0.391357,0.931274,0.143311,0.398682,0.881836,0.147339,0.385376,0.914551,0.139771,0.380737,0.962402
0.091553,0.452026,0.924927,0.022705,0.409302,0.879272,0.036011,0.441528,0.742188,0.022949,0.420532,0.839355,-0.011841,0.384277,0.997925,0.164917,0.443726,1.168213,0.202637,0.604980,1.213257,0.097290,0.742798,1.130859,0.030396,0.717773,1.108154,0.006958,0.639893,1.085938,0.054077,0.676025,1.201660,0.105591,0.639648,1.342041,0.158325,0.668945,1.327271,0.227051,0.664307,1.061035,0.217529,0.641968,0.709839,0.087646,0.549805,0.466309,0.100342,0.537598,0.231079,0.129028,0.483887,0.074097,0.179443,0.363159,0.050659,0.141113,0.163696,-0.085815,-0.078613,0.019165,-0.535889,-0.307495,-0.191772,-0.970337,-0.564453,-0.360474,-0.763794,-0.385742,-0.504272,0.166016,0.036499,-0.159790,0.952515,-0.157471,0.004272,1.276245,-0.066895,0.148315,1.398071,0.208252,0.214233,1.911377,0.423340,0.299805,2.713135,0.416016,0.370850,3.184692,0.367310,0.253296,2.887939,0.567993,0.210449,2.580322,0.509644,0.149170,2.388428,0.293091,0.044312,1.854004,0.311523,-0.113159,1.272461,0.406372,-0.195435,0.631836,0.571289,-0.294312,0.294800,0.750854,-0.290283,0.125244,0.776978,-0.447266,0.122681,0.660156,-0.449341,0.133667,0.454468,-0.297729,0.239868,0.510620,-0.236694,0.178833,0.208496,-0.218872,0.195068,-0.986206,0.037598,0.196777,-1.833008,0.641113,-0.144775,-1.366577,1.002441,-0.592407,-1.410400,0.953979,0.194092,-1.275635,1.129395,1.129761,-1.236084,1.217163,1.286133,-1.102173,0.958130,1.608154,0.043457,0.691162,2.017578,0.205566,0.490723,2.195190,0.217285,0.144775,1.554810,0.869873,-0.156738,1.031372,1.564331,-0.296265,1.053223,1.660034,-0.328369,1.061646,1.363281,-0.304688,0.694092,1.423950,-0.202759,0.380981,1.039185,-0.122559,0.215332,0.528931,0.039795,0.176880,0.010010,0.144775,0.255615,-0.784546,0.173828,0.549072,-1.269897,0.360718,0.979614,-1.659790,0.691040,0.794312,-1.682129,0.837402,0.545288,-1.501221,0.737549,0.552002,-1.107666,0.592285,0.987671,-0.154175,0.504517,1.323975,0.184570,0.417603,1.478027,0.371094,0.181885,1.349121,0.806885,0.078613,1.387817,1.067871,0.062134,1.561646,0.947876,0.081787,1.453491,0.668213,0.067627,1.134399,0.447632,0.139404,0.847046,0.160156,0.229004,0.709717,0.075195,0.267822,0.671753,0.060913,0.287964,0.718262,0.078125,0.285767,0.858887,0.142700,0.295532,0.954834,0.143799,0.308838,1.026001,0.084595,0.311035,0.994629,0.070923,0.309326,0.964722,0.164917,0.336426,0.940918,0.208740,0.354004,0.938354,0.186401,0.353394,0.948242,0.150146,0.343018,0.911499,0.102905,0.333984,0.874634,0.055664,0.333862,0.844971,0.117920,0.339478,0.925415,0.138428,0.348145,0.966797,0.145386,0.345093,0.944092,0.106201,0.333496,0.919067,0.119751,0.338013,0.931030,0.180298,0.339722,1.022949,0.206299,0.340942,1.016357,0.179321,0.336792,0.992920,0.133301,0.337036,0.913208,0.116821,0.351807,0.877808,0.139282,0.347778,0.882446
-0.817749,0.497314,-0.289062,-0.935791,0.508545,0.186157,-0.992065,0.465942,0.469116,-0.893433,0.440918,-0.030640,-0.904175,0.486938,0.172607,-0.837402,0.521484,0.390869,-0.854370,0.484619,0.427124,-1.142212,0.411987,0.336426,-1.412720,0.517944,0.279297,-1.279419,0.555786,0.186890,-0.971191,0.556152,-0.066040,-1.103516,0.533447,0.169189,-1.010986,0.484497,0.430908,-0.154663,0.484497,0.581543,-0.105469,0.474731,0.755859,-0.119873,0.314087,0.770996,0.584595,0.110840,-0.029541,0.879883,0.102051,-0.778931,0.730957,-0.107178,-0.858765,0.331787,-0.088623,0.072266,0.329102,-0.062378,0.343872,-0.470947,0.035645,-0.241211,-1.021606,0.201904,-0.593506,-2.048950,0.220581,-0.069336,-2.335205,0.478760,0.879639,-1.815918,0.693604,0.596313,-2.239258,0.645264,0.073975,-2.727051,0.513794,0.435425,-2.460571,0.577881,0.803223,-2.095825,0.527222,0.760254,-1.704712,0.452393,0.507568,-1.492920,0.327759,0.285522,-1.203857,0.207275,0.259033,-0.729858,0.073486,0.245728,-0.596436,-0.025757,0.403320,-0.595215,-0.213867,0.755371,-0.207153,-0.326050,0.818726,-0.116821,-0.399170,0.719849,-0.002930,-0.418945,0.385620,-0.159668,-0.202026,0.221191,0.120483,-0.034058,0.071899,0.116943,0.180908,-0.200439,-0.204102,0.383545,-0.567871,-0.139526,0.728760,-0.879883,-0.314941,1.045288,-1.370361,-0.516846,0.981567,-1.795288,-0.956787,1.026855,-1.996338,-1.290405,1.035156,-1.238647,-1.390259,0.925659,-0.593506,-1.570068,0.665039,-0.144531,-2.039307,0.407471,0.718018,-1.834229,0.245117,1.434814,-1.168579,0.151245,1.758301,-0.928223,-0.034058,1.205811,-0.971069,-0.169678,1.117676,-0.706665,-0.195435,1.527344,-0.474365,-0.209106,1.346436,-0.382935,-0.173828,1.014526,-0.302002,-0.045654,0.627808,-0.248657,0.155029,0.153687,-0.446045,0.292603,-0.192505,-0.546997,0.339844,-0.482056,-0.590088,0.393921,-0.855957,-0.661255,0.546143,-1.268677,-0.631226,0.679443,-1.514038,-0.664307,0.697388,-1.660767,-1.113403,0.645386,-1.134155,-1.082275,0.667480,-0.570801,-1.086426,0.616089,-0.227295,-1.122070,0.485352,-0.055054,-1.280151,0.447021,0.067749,-1.501221,0.374634,0.384277,-1.391357,0.326782,0.711670,-1.247437,0.309448,0.693726,-1.036377,0.292969,0.451416,-0.893066,0.301025,0.126465,-0.875244,0.305786,0.021606,-0.821045,0.295776,-0.029541,-0.726318,0.341187,0.008179,-0.878296,0.312378,0.199341,-0.880737,0.369751,0.215332,-0.796509,0.384644,0.324829,-0.843262,0.381104,0.485962,-0.890625,0.370728,0.404053,-0.831909,0.402466,0.200317,-0.793945,0.457275,0.091309,-0.800903,0.453491,0.094482,-0.861328,0.411377,0.223267,-0.932495,0.398071,0.232300,-0.931641,0.399414,0.069458,-0.920288,0.401367,0.045654,-0.897705,0.397705,0.089600,-0.893799,0.387939,0.143188,-0.925415,0.383667,0.166748,-0.905151,0.395142,0.181152,-0.812988,0.406006,0.112061,-0.911133,0.389771,0.093628,-0.964600,0.362915,0.209717,-0.820801,0.410278,0.112305,-0.798950,0.409546,0.094116
-1.052612,0.429688,0.201904,-0.977539,0.535278,0.215332,-1.078125,0.360107,0.071655,-1.146484,0.425537,0.357788,-1.100586,0.439209,0.245605,-1.199707,0.385498,0.156738,-1.382935,0.366211,0.189941,-1.489868,0.356689,0.414673,-1.560791,0.397095,0.432617,-1.363403,0.515869,0.154541,-1.201050,0.515625,0.323242,-0.863647,0.447388,0.930176,-0.612183,0.389038,0.952026,-0.620972,0.465576,0.409912,-0.465088,0.553467,0.230835,-0.179810,0.631104,0.075928,-0.088989,0.556030,0.089478,-0.063110,0.442383,0.380615,0.131104,0.317993,0.574219,0.480103,0.228516,0.299438,0.443237,0.123535,-0.264648,0.303589,-0.042236,-0.972046,0.049194,-0.161621,-1.208496,-0.123657,-0.306030,-0.352539,-0.191528,-0.163574,0.415771,-0.243530,0.031494,-0.017944,-0.460205,0.157837,0.101440,-1.208008,0.117310,1.477539,-1.594971,0.133179,2.719238,-1.533203,0.282837,3.999878,-1.598755,0.316772,2.511475,-1.464600,0.408691,1.658447,-1.088989,0.302612,2.185303,-0.820190,0.095703,1.854980,-0.569824,-0.026978,1.325439,-0.242188,-0.164551,1.030640,-0.043091,-0.244019,0.823120,-0.002075,-0.297974,0.692505,0.301636,-0.378174,0.516235,0.449951,-0.385986,0.446655,0.352905,-0.268799,0.346069,0.192383,-0.178223,0.376221,0.177490,-0.057739,0.211182,-0.189819,0.134155,-0.059814,-0.655518,0.460449,-0.447388,-0.866211,0.739624,-0.743408,-1.033936,0.797241,-0.761108,-1.547485,0.960571,-0.415039,-1.706787,1.071411,-0.461670,-1.477417,0.998779,-0.292847,-1.395020,0.788330,0.674072,-1.135498,0.472046,1.438232,-0.864868,0.390625,1.926880,-0.454224,0.184692,1.894409,0.000244,0.055176,1.455933,0.315674,-0.026855,1.876709,0.526489,-0.081421,1.895386,0.574829,-0.117676,1.454468,0.504517,-0.164551,0.948975,0.597046,-0.062744,0.753052,0.312500,0.057861,0.496338,-0.092285,0.098633,0.186401,-0.360596,0.104614,0.116455,-0.771606,0.172119,0.071777,-1.587280,0.437622,-0.166382,-1.705933,0.572998,-0.509766,-1.649292,0.562866,-0.349731,-1.588501,0.504028,0.097046,-1.308472,0.490723,0.488037,-1.218140,0.388428,0.998779,-0.782104,0.314697,1.179077,-0.191895,0.284912,1.332520,-0.264404,0.179932,1.607422,0.158203,0.154297,1.651733,0.153687,0.153564,1.661011,0.019287,0.090332,1.556763,0.042114,0.146240,1.202637,-0.046753,0.207764,0.874756,-0.084717,0.234375,0.660522,-0.234009,0.260010,0.652466,-0.364746,0.309692,0.723389,-0.411865,0.331787,0.692871,-0.348022,0.311523,0.674561,-0.306152,0.271606,0.950684,-0.340820,0.265137,1.066772,-0.395630,0.271240,0.964966,-0.346313,0.288330,0.804199,-0.321167,0.301758,0.785400,-0.301514,0.307007,0.823242,-0.339722,0.296143,0.833862,-0.369751,0.299805,0.822754,-0.319580,0.311279,0.835083,-0.311401,0.306030,0.922485,-0.295288,0.296509,0.945190,-0.359863,0.270874,0.963623,-0.377319,0.281982,0.949463,-0.340088,0.294067,0.887695,-0.346069,0.293579,0.857910,-0.387573,0.287964,0.830566,-0.378052,0.310791,0.801758
-0.438843,0.237671,0.975708,-0.467773,0.169434,0.102295,-0.214111,0.291138,0.550781,-0.777832,0.167969,1.079590,-0.680176,0.318604,0.986084,-0.584351,0.355835,0.803833,-0.558838,0.409790,1.143677,-0.344604,0.412842,1.145264,-0.530518,0.380859,1.238525,-0.412964,0.561646,1.130615,-0.402466,0.677246,0.898804,-0.499878,0.633911,1.051880,-0.393066,0.535767,1.018555,-0.177612,0.592285,0.918213,-0.299072,0.621094,1.001587,-0.187134,0.533203,0.833252,-0.075439,0.479980,0.688965,-0.120239,0.560059,0.456787,-0.039185,0.595947,0.387573,0.033203,0.496826,0.588013,-0.190552,0.348877,0.674438,-0.011597,0.233643,0.608032,0.039795,0.145508,0.317993,0.074707,0.182861,-0.010620,0.081909,0.162720,-0.343994,-0.052246,-0.004028,-0.693604,-0.101318,-0.096802,-0.860474,0.002930,-0.141968,-0.564453,-0.085938,0.050171,-0.087769,-0.295898,0.081055,0.341309,-0.304321,0.035889,1.153687,-0.354004,-0.048950,2.741821,-0.708130,0.344849,3.999878,-1.089355,0.396118,2.860962,-0.957153,0.363892,2.547607,-0.667114,0.284668,2.869141,-0.519897,0.120850,2.067627,-0.190552,0.048218,1.375366,0.088989,-0.056763,1.057373,0.265991,-0.205688,0.791992,0.380371,-0.237793,0.529297,0.618164,-0.217773,0.230103,0.812378,-0.255127,0.235107,0.897339,-0.184937,0.319580,0.791626,-0.098145,0.351685,0.775391,0.031372,0.581299,0.419434,0.083984,0.592285,-0.108032,0.164673,0.463257,-1.162354,0.566040,0.000732,-1.666382,0.727905,-0.678711,-1.753540,0.729858,-0.383057,-1.781128,0.696411,0.405273,-1.489136,0.755615,0.426025,-1.133301,0.732544,0.420044,-0.786255,0.640503,0.927124,-0.335938,0.561523,1.242798,-0.182251,0.463257,1.249390,0.151001,0.370483,1.352173,0.527100,0.300903,1.605347,0.718994,0.160156,1.722534,0.823486,0.035767,1.557861,1.045532,-0.006348,1.494385,0.885254,-0.054077,1.359375,0.661011,-0.084351,1.067749,0.472900,-0.086548,0.738281,0.171753,0.035767,0.604614,-0.106323,0.253052,0.414917,-0.614868,0.322388,0.088745,-0.996582,0.330688,-0.110229,-1.353149,0.425537,-0.204102,-1.717773,0.493774,-0.087769,-1.516968,0.508789,0.083252,-1.192261,0.471558,0.585693,-0.472290,0.450928,1.238647,-0.314453,0.384766,1.765381,-0.114746,0.397949,1.876831,-0.117310,0.356201,1.582642,0.068237,0.321655,1.317261,0.167603,0.303467,1.403687,0.157837,0.283081,1.410034,0.040527,0.253296,1.184692,-0.018555,0.262085,0.880615,-0.077026,0.264038,0.803711,-0.118652,0.293701,0.741455,-0.116333,0.316895,0.726807,-0.126221,0.327148,0.765137,-0.177124,0.313477,0.770020,-0.136108,0.339111,0.833008,-0.084351,0.358032,0.923706,-0.130371,0.352173,0.923218,-0.166870,0.346191,0.879883,-0.183960,0.363281,0.910400,-0.180786,0.373901,0.940308,-0.244751,0.358032,1.019165,-0.255005,0.345703,1.011475,-0.277832,0.343384,0.871460,-0.202637,0.368042,0.809570,-0.200195,0.362427,0.877441,-0.184937,0.360107,0.902710,-0.196167,0.345215,0.894653
-0.250122,0.272949,0.987305,-0.210327,0.330811,0.820312,-0.180176,0.306885,1.146973,-0.204346,0.313965,0.980347,-0.238281,0.352173,1.166504,-0.227905,0.378662,1.374146,-0.181274,0.425903,1.396729,-0.367676,0.472168,1.028076,-0.347290,0.498047,1.069336,-0.394409,0.609985,1.254517,-0.415039,0.716309,1.203735,-0.429443,0.806885,1.070312,-0.482056,0.784546,0.979126,-0.186035,0.784546,0.844360,-0.043213,0.677124,0.957275,-0.074219,0.611694,1.091919,-0.053345,0.493286,0.706909,0.005493,0.457764,0.420654,0.099731,0.461792,0.384155,0.049927,0.372314,0.485474,0.090454,0.291504,0.434570,0.146362,0.163452,0.049805,0.202148,0.089844,-0.134521,0.116943,0.005737,-0.189941,-0.210815,-0.133789,-0.215210,-0.159058,-0.110718,-0.353394,-0.161499,0.013428,-0.265625,-0.171143,0.102783,-0.158081,-0.261353,0.265503,0.119629,0.052490,0.461670,1.115356,-0.205200,0.576782,2.244507,-0.773193,0.754150,3.002441,-0.946411,0.760986,2.560303,-1.129272,0.508423,2.608398,-1.073853,0.352783,2.889893,-1.008667,0.166870,2.530518,-0.673706,0.121460,1.776978,-0.246826,0.043701,1.137207,0.237549,-0.011353,0.740723,0.519897,-0.051514,0.540283,0.631226,-0.201782,0.446289,1.001953,-0.322266,0.287354,1.233765,-0.255005,0.253662,0.883301,-0.103638,0.265259,0.801270,-0.028809,0.118774,0.466675,-0.018921,0.136475,-0.645996,0.167236,-0.056396,-1.779053,0.485107,-0.583496,-2.289551,0.664917,-1.057251,-2.309814,0.763184,-0.160400,-2.070190,0.920044,0.403687,-1.606079,1.007812,0.424805,-1.075317,0.864014,0.988281,-0.652222,0.604126,1.528076,-0.003052,0.414185,1.633545,0.711670,0.270264,1.908691,0.983032,0.196167,2.108276,1.126953,0.072632,1.671631,1.262695,0.047241,1.289429,1.009399,0.018188,0.982666,0.538452,0.024414,0.537720,0.364136,0.120850,0.259277,0.118652,0.174927,0.030029,-0.302124,0.285522,-0.041870,-0.893311,0.409180,0.006714,-1.298218,0.511475,-0.135864,-1.602051,0.492920,-0.068237,-1.666992,0.456543,0.456543,-1.658691,0.521240,0.784790,-1.463867,0.600342,1.050171,-1.136597,0.501587,1.087280,-0.285767,0.397461,1.191406,0.268677,0.390869,1.645020,0.406982,0.354858,1.846313,0.376343,0.310303,1.424072,0.312866,0.302002,1.071167,0.173950,0.297729,0.939819,0.089478,0.328857,0.908447,0.016113,0.342773,0.833252,-0.091675,0.338013,0.729004,-0.193604,0.341553,0.759033,-0.253052,0.361328,0.874268,-0.209106,0.398926,0.958252,-0.253662,0.386841,1.010742,-0.255737,0.377808,0.985229,-0.264038,0.380371,0.960938,-0.210938,0.403564,0.883911,-0.212524,0.411621,0.871948,-0.220459,0.401611,0.857300,-0.211060,0.381592,0.856079,-0.229614,0.402710,0.836304,-0.228760,0.460327,0.841553,-0.312378,0.454834,0.828735,-0.309448,0.421875,0.899170,-0.296021,0.390137,1.011475,-0.288330,0.379639,0.996582,-0.254883,0.388794,0.895752,-0.231689,0.389526,0.818848,-0.208984,0.381348,0.804932,-0.177490,0.403442,0.833130
-0.284180,0.390869,1.309082,-0.186157,0.454224,0.922119,-0.201416,0.450439,1.009033,-0.134644,0.522705,1.066406,-0.222900,0.509033,1.184692,-0.275269,0.502075,0.890869,-0.397217,0.596680,0.885132,-0.415527,0.685913,0.963013,-0.344971,0.947144,1.020142,-0.312988,0.978882,1.118164,-0.275391,0.957397,1.256958,-0.316162,0.789185,1.181396,-0.316284,0.726562,0.874146,-0.312256,0.669922,0.724731,-0.174438,0.551636,0.579102,-0.079102,0.512939,0.442261,-0.043091,0.417725,0.483154,-0.127808,0.267578,0.452026,-0.140015,0.213501,0.184937,0.128540,0.006836,-0.265381,0.126831,-0.165161,-0.503052,0.038086,-0.168701,-0.847900,-0.052490,-0.281616,-0.821655,-0.029175,-0.172119,-0.535767,-0.047852,0.082764,-0.404297,-0.231201,0.186646,0.158081,-0.437378,0.141357,1.420044,-0.579956,0.362549,2.593262,-0.951172,0.706665,3.648193,-1.150757,0.738647,3.458374,-1.041992,0.687866,2.930664,-0.601074,0.617920,2.363281,-0.255859,0.493042,1.916382,-0.134521,0.328369,1.472412,0.129272,0.175415,1.141113,0.395142,0.013916,0.799927,0.672607,-0.110962,0.715698,0.711792,-0.174194,0.670410,0.672485,-0.261963,0.421997,0.979248,-0.248047,0.224365,0.726562,-0.205200,0.299805,0.226929,-0.156860,0.171143,-0.195679,0.034180,-0.328491,-0.640137,0.252686,-0.302612,-1.139526,0.594849,-0.280029,-2.099976,0.731812,-0.672852,-2.526245,0.744019,-0.793945,-2.359497,0.826050,-0.305542,-1.485718,0.861694,0.560913,-0.982788,0.701782,1.253296,-0.489502,0.449097,1.871582,0.304321,0.313477,2.213379,1.131958,0.271484,2.526489,0.976807,0.148193,2.289673,1.213379,0.006470,1.636108,1.056641,-0.047241,1.241455,0.763794,-0.027100,0.777344,0.508423,0.005737,0.295776,0.211792,-0.006592,0.073608,-0.327881,0.133057,0.097412,-0.646118,0.408569,0.210327,-1.239258,0.443848,-0.094360,-2.066895,0.292847,-0.845215,-2.281494,0.397827,-0.916138,-1.805176,0.511719,-0.353149,-0.911011,0.528076,0.481689,-0.769043,0.373535,1.277466,-0.502441,0.351440,1.640625,0.137573,0.340698,1.878784,0.611816,0.356934,2.216309,0.178101,0.329590,2.251709,0.055176,0.373047,1.629761,-0.211670,0.357178,0.981323,-0.196777,0.354126,0.678833,-0.086426,0.398804,0.745483,-0.191772,0.385498,0.788818,-0.181641,0.391113,0.706055,-0.171387,0.407959,0.653809,-0.090820,0.423828,0.747559,-0.044800,0.441040,0.909180,-0.078369,0.428589,0.946289,-0.136108,0.418457,0.886475,-0.183716,0.429932,0.830078,-0.264038,0.425293,0.790039,-0.219238,0.438843,0.874023,-0.239380,0.436279,0.947510,-0.245728,0.431152,0.910767,-0.251831,0.445068,0.833008,-0.255371,0.450928,0.830688,-0.238770,0.455200,0.854248,-0.210083,0.435669,0.877686,-0.207642,0.431152,0.872192,-0.221924,0.442871,0.845093,-0.200806,0.459961,0.830200,-0.186890,0.462036,0.863647,-0.176636,0.457397,0.845337,-0.213013,0.447144,0.850708,-0.216309,0.450317,0.874512,-0.206787,0.456665,0.862793,-0.215332,0.446899,0.849854
-0.991943,0.676270,0.347900,-0.503540,0.573975,0.392334,-0.533691,0.595215,0.133911,-0.855347,0.719360,0.339844,-0.794556,0.711670,0.224609,-0.788696,0.719482,0.125366,-0.723633,0.678711,0.169434,-0.636719,0.824097,0.053101,-0.690308,0.918579,0.168701,-0.598022,0.940430,0.370728,-1.032349,1.299316,0.822998,-0.992676,1.062866,0.876831,-1.000488,1.098633,0.762695,-1.138306,1.123413,0.329346,-0.987549,0.926758,0.448364,-0.717651,0.963013,0.810791,-0.671631,0.949707,0.883667,-0.636230,0.806274,0.673584,-0.388062,0.737915,0.435303,-0.290894,0.595581,0.111816,-0.052124,0.476074,-0.033081,0.181641,0.304565,0.031860,0.236938,0.194458,0.115723,0.324585,0.008423,0.119141,0.424561,-0.166992,-0.238647,0.498169,-0.314575,-0.736938,0.690308,-0.403809,-0.733643,0.657349,-0.499146,-0.419434,0.230225,-0.457031,-0.110352,-0.664795,-0.148071,0.771851,-1.288940,0.385132,1.878906,-1.285522,0.505981,1.680298,-1.860840,0.695312,1.548218,-2.244263,0.986206,2.154053,-1.958130,1.042358,2.220215,-1.837402,0.985962,1.921753,-1.359619,0.887451,1.874878,-0.682617,0.502808,1.835815,-0.540161,0.390625,1.332886,-0.306519,0.118774,1.091187,0.067261,-0.002075,0.837036,0.211060,-0.279053,0.631104,0.540405,-0.248535,0.426270,0.551880,-0.157837,0.261963,0.690063,-0.124756,0.332275,0.426758,0.067749,0.006226,0.185303,0.044067,-0.270264,-0.055786,-0.034302,-0.575928,-0.580078,0.257568,-1.334961,-1.073975,0.542725,-1.498779,-1.505249,0.724243,-1.153076,-1.948730,0.965088,-0.560669,-2.109619,1.175293,-0.229248,-2.015991,1.246948,0.507812,-1.374512,1.155151,1.015015,-0.965454,0.998535,1.337646,-0.396362,0.777588,1.655518,0.089844,0.639648,1.874146,0.260132,0.528809,1.719849,0.366821,0.334961,1.262085,0.496338,0.210571,1.110352,0.550415,0.161377,0.903198,0.567261,0.144897,0.580200,0.329346,0.094238,0.419678,0.019043,0.164062,0.201660,-0.308350,0.211304,-0.160645,-0.574463,0.300903,-0.574585,-0.831909,0.405884,-0.858032,-1.161743,0.514648,-0.669312,-1.651001,0.822876,-0.410034,-1.630127,0.959106,-0.511108,-1.446289,1.006104,-0.127563,-1.424316,1.026978,0.254883,-1.207886,1.090332,0.764404,-1.013062,1.036499,1.176514,-0.686401,0.904419,1.233276,-0.436646,0.754883,0.997559,-0.206177,0.644531,0.846069,0.008545,0.570190,0.900024,0.048950,0.536377,0.917358,-0.073486,0.528198,0.752197,-0.157227,0.539185,0.594849,-0.097534,0.577881,0.655151,0.060669,0.576538,0.617554,0.096436,0.622192,0.544556,-0.062500,0.714722,0.579468,-0.230957,0.750488,0.663818,-0.190796,0.784912,0.678955,-0.053101,0.731567,0.683716,-0.077271,0.764404,0.610352,-0.252197,0.781982,0.572998,-0.344116,0.782349,0.609253,-0.338501,0.778931,0.641235,-0.211914,0.749390,0.626709,-0.194946,0.758667,0.638550,-0.235229,0.782104,0.631104,-0.220093,0.766602,0.556030,-0.251221,0.757080,0.602783,-0.221680,0.760010,0.711426,-0.189331,0.784180,0.704468
-0.337280,0.841309,0.295776,-0.603882,0.904297,0.346436,-0.535034,0.894531,0.362305,-0.306152,0.849243,0.383179,-0.434692,0.897705,0.404541,-0.353027,0.810913,0.394897,-0.523193,0.902344,0.468872,-0.481079,0.942139,0.339844,-0.619995,1.281738,0.300293,-0.363281,1.250977,0.815918,-0.570801,1.298950,0.686768,-0.816895,1.362427,0.733521,-0.696045,1.237305,0.536499,-0.754639,1.315308,0.512207,-0.568481,1.100342,0.613892,-0.460449,1.078247,0.668823,-0.301392,0.935181,0.516113,-0.123657,0.756348,0.286011,0.072266,0.616821,0.167969,0.015259,0.573975,0.365112,-0.171387,0.522705,0.439575,-0.040283,0.381592,0.180298,0.208252,0.184326,0.126587,0.411133,-0.161377,-0.109375,0.480347,-0.309937,-0.389771,0.472412,-0.363770,-0.323242,0.179321,-0.300781,-0.022339,0.219727,-0.414062,-0.542236,0.134399,-0.359009,-0.687866,-0.391602,0.039185,0.146484,-0.758911,0.275757,0.963745,-1.372559,0.856201,2.165039,-1.476318,1.180542,1.598145,-1.643433,1.353638,1.927856,-1.593018,1.369141,2.724976,-1.426758,1.377319,2.753906,-1.224976,1.223145,2.268311,-0.942505,0.923950,1.719238,-0.736450,0.722534,1.212280,-0.537354,0.550293,0.859009,-0.296753,0.255005,0.594238,-0.117432,0.149658,0.436279,-0.066040,0.177734,0.482300,0.323730,0.044067,0.700562,0.378784,0.066528,0.476440,0.482422,0.043457,0.505249,0.711060,-0.172852,1.009888,0.426392,-0.159790,0.965210,0.250610,0.003662,0.316650,0.375610,0.060059,0.162354,0.057251,0.087891,0.007935,-0.575317,0.237061,-0.807007,-0.989502,0.598511,-1.561646,-1.234985,0.880615,-1.650269,-1.713013,1.050415,-1.308594,-1.992798,1.226318,-0.891724,-1.947876,1.306885,-0.160767,-1.444214,1.162476,0.714966,-1.130859,1.023315,1.065063,-0.266357,0.889282,1.568726,0.127563,0.789917,2.340332,0.149658,0.676025,1.920776,0.370483,0.446289,1.502319,0.652954,0.282715,1.473022,0.660522,0.208008,1.248535,0.519531,0.172119,0.682983,0.445068,0.155762,0.539551,0.332520,0.180054,0.465210,0.174561,0.404297,0.289795,-0.103027,0.487061,-0.006958,-0.528564,0.474487,-0.278442,-0.870361,0.457275,-0.484619,-1.021240,0.594238,-0.520630,-1.182129,0.810059,-0.699829,-1.412109,0.852417,-0.876953,-1.555542,0.898926,-0.662109,-1.473022,0.971558,-0.023926,-1.134888,0.948242,0.834717,-0.666626,0.882812,1.233887,-0.548828,0.773804,1.437744,-0.482788,0.708862,1.246582,-0.238159,0.667236,1.179688,-0.065796,0.599609,1.234253,0.018555,0.546021,1.135254,0.003052,0.508179,0.889893,-0.076660,0.546997,0.703979,-0.176514,0.583496,0.631958,-0.215210,0.593262,0.610107,-0.171021,0.595215,0.643433,-0.208984,0.630615,0.632690,-0.240723,0.687744,0.643433,-0.266479,0.730347,0.792725,-0.303833,0.736450,0.785156,-0.319824,0.721802,0.714722,-0.301758,0.718262,0.622803,-0.356323,0.726318,0.521851,-0.365234,0.726440,0.481201,-0.370972,0.716064,0.574463,-0.371460,0.714355,0.628418,-0.332031,0.710205,0.575562
-0.074097,0.808105,0.240601,-0.698120,1.009521,0.580444,-0.761353,1.061646,0.421875,-0.151001,0.987915,0.598999,-0.098389,0.901489,0.317505,-0.061401,0.936035,0.423828,-0.206787,1.062744,0.513306,-0.152710,1.075684,0.453857,-0.108154,0.975342,0.311401,-0.165527,1.143433,0.604858,0.038940,1.209839,0.543823,-0.128784,1.218140,0.509277,-0.388794,1.237427,0.619263,-0.301147,1.068237,0.446411,-0.073364,0.954834,0.406250,0.270142,0.773438,0.320435,0.492920,0.601440,0.076294,0.423462,0.346313,0.216309,0.335205,0.041260,-0.197388,0.342651,-0.145020,-0.187500,0.381104,-0.421143,-0.502808,0.266357,-0.522217,-0.591187,0.046265,-0.555054,-0.293213,-0.499268,-0.116699,0.283813,-0.331543,0.214722,0.867310,-0.453125,0.458862,1.478027,-0.828369,0.740723,1.710327,-1.697266,1.287109,2.108154,-1.898804,1.407104,2.213501,-1.661255,1.233887,2.167480,-1.481323,1.154419,2.181641,-1.281372,1.078247,2.021362,-0.927124,0.853027,1.741943,-0.531372,0.447021,1.325073,-0.194092,0.287720,0.827026,0.031006,0.246582,0.727295,0.107422,0.237061,0.774292,0.027588,0.049561,0.580933,0.392822,-0.121948,0.363281,0.767822,-0.122925,0.369751,0.636475,-0.020630,0.564087,0.531128,0.074951,0.529907,0.314209,0.173096,0.583862,0.277832,0.094238,0.432739,-0.047607,0.160034,-0.139404,-0.083252,0.303345,-0.866821,-0.510376,0.668701,-0.702637,-0.901001,0.784424,-0.907471,-1.319336,0.875000,-0.756714,-1.716064,1.262573,-0.410034,-1.869019,1.514038,0.123169,-1.481079,1.526978,0.741577,-0.607422,1.409546,1.650879,-0.220337,1.439331,2.193115,0.235840,1.214233,2.250122,0.279175,0.831543,1.751343,0.508545,0.460571,1.257324,0.752686,0.231323,0.916382,0.840332,0.167725,0.797852,0.598145,0.118652,0.660767,0.455811,0.079590,0.322144,0.532349,0.117920,0.207397,0.497070,0.220581,0.196899,0.068604,0.329590,0.120728,-0.174683,0.365356,0.027588,-0.484253,0.493652,-0.199219,-0.894531,0.712524,-0.410400,-1.074829,0.837158,-0.272095,-1.290405,0.907471,-0.155151,-1.588501,1.016846,-0.143188,-1.585571,1.127075,0.093750,-1.235596,1.042480,0.635010,-0.637817,0.967529,1.190918,-0.253296,0.969482,1.516235,0.138306,0.938721,1.728516,0.198120,0.851685,1.687988,0.251465,0.714844,1.426636,0.254517,0.593628,1.182007,0.176025,0.543823,0.894409,0.159180,0.565308,0.723267,0.068481,0.549072,0.579224,-0.046875,0.558838,0.536255,-0.156982,0.615601,0.480225,-0.149292,0.636108,0.519531,-0.136963,0.671753,0.611450,-0.146729,0.676270,0.635010,-0.152710,0.714355,0.647827,-0.207642,0.768799,0.667236,-0.211792,0.797729,0.688110,-0.204468,0.798340,0.679199,-0.190430,0.782104,0.689331,-0.170044,0.767822,0.669556,-0.215454,0.786255,0.658936,-0.273926,0.801636,0.679688,-0.234009,0.771118,0.669800,-0.222412,0.754883,0.655273,-0.191284,0.743774,0.643799,-0.194458,0.760132,0.592163,-0.214111,0.772217,0.588501,-0.222778,0.773926,0.629761
-0.454468,0.856689,0.466064,-0.350952,0.843018,0.330322,-0.226562,0.837158,0.526123,-0.288452,0.831177,0.458496,-0.430664,0.918457,0.566162,-0.420532,0.916870,0.472412,-0.505615,0.974121,0.581421,-0.354614,1.072510,0.619629,-0.392456,1.411621,0.547119,-0.300415,1.410156,1.164185,-0.542725,1.386475,0.985474,-0.623413,1.315674,0.731201,-0.543945,1.349121,0.676758,-0.522827,1.300415,0.565796,-0.274658,1.116455,0.415771,0.094604,1.000610,0.776978,-0.013428,0.848145,0.536377,0.195190,0.703369,-0.036133,0.112427,0.562012,0.070312,0.004272,0.436401,0.176636,-0.012451,0.236084,0.212524,0.184570,-0.043579,-0.058228,0.374023,-0.212158,-0.446533,0.403198,-0.433472,-0.355957,0.350098,-0.690186,-0.716553,0.325439,-0.748413,-0.613647,0.221558,-0.533203,-0.339722,0.005127,-0.165039,-0.139038,-0.636475,0.273560,0.297485,-0.877075,0.717651,1.709595,-1.146240,1.069092,2.692749,-1.846191,1.516602,2.558716,-1.706665,1.703247,2.362061,-1.424194,1.646973,2.624390,-1.146484,1.474487,2.424927,-0.803955,1.151611,1.823608,-0.621582,0.892578,1.389526,-0.435913,0.619019,0.833130,-0.178223,0.404297,0.609375,-0.091187,0.309814,0.637207,0.201050,0.130981,0.613159,0.431396,-0.095947,0.659424,0.746094,-0.278198,0.667114,0.680542,-0.198975,0.713623,0.823608,-0.173950,0.476807,0.939575,-0.181763,0.414429,0.606445,-0.249634,0.131470,0.393921,-0.044922,-0.565186,-0.168701,0.122803,-1.177124,-1.371582,0.384521,-1.029541,-2.232544,0.780396,-1.194458,-2.278564,1.222412,-1.279663,-1.759521,1.528564,-0.239746,-1.559448,1.583008,0.601440,-1.428223,1.471680,1.021240,-0.619629,1.264648,1.397949,0.060913,1.037964,2.111206,0.303101,0.758423,2.129883,0.654419,0.478760,1.628784,0.866333,0.282349,1.807373,0.854248,0.105103,1.578735,0.611572,0.073486,1.039795,0.553711,0.074219,0.770996,0.414429,0.082275,0.775269,0.183716,0.144043,0.472290,-0.089722,0.269409,-0.127808,-0.514771,0.435669,-0.741333,-0.848022,0.445190,-0.940063,-1.055664,0.531982,-0.981323,-1.296021,0.750244,-1.236572,-1.421753,0.882568,-1.171021,-1.351685,0.962891,-0.363525,-1.118042,1.062622,0.766968,-0.864624,1.155151,1.549316,-0.649292,1.048706,1.260132,-0.491577,0.966064,0.941772,-0.133789,0.888916,1.171509,0.133179,0.792114,1.476318,0.202148,0.723022,1.282471,0.056519,0.658936,0.895630,-0.122681,0.604736,0.681519,-0.203979,0.610840,0.616577,-0.209473,0.669312,0.529419,-0.146851,0.717896,0.487915,-0.147583,0.717529,0.461060,-0.261475,0.726440,0.486328,-0.315552,0.768555,0.639893,-0.211060,0.800049,0.723633,-0.191772,0.844482,0.799194,-0.264160,0.825195,0.778442,-0.335815,0.792114,0.623535,-0.408325,0.770142,0.552124,-0.420654,0.771729,0.537964,-0.331299,0.791504,0.493774,-0.185303,0.789673,0.549683,-0.182495,0.782227,0.600464,-0.229370,0.767700,0.513916,-0.309570,0.780151,0.401123,-0.276611,0.793701,0.450806,-0.247192,0.802124,0.556152
-0.625854,0.816772,0.327637,-0.411011,0.828369,0.315918,-0.390381,0.851074,0.381592,-0.647461,0.896729,0.376831,-0.827515,0.952515,0.261353,-0.617798,0.989868,0.335327,-0.624756,1.051514,0.312988,-0.546631,1.076660,0.359009,-0.585205,1.213013,0.493408,-0.665039,1.332275,0.519043,-0.550659,1.182495,0.413086,-0.541260,1.231079,0.602783,-0.678101,1.311646,0.472168,-0.605469,1.258057,0.393677,-0.525513,1.019897,0.140381,-0.259155,0.793579,0.014648,-0.225220,0.794312,0.147705,-0.012939,0.764160,0.512207,-0.060303,0.717041,0.586060,0.060669,0.488037,0.337280,0.354004,0.294312,0.078491,0.329468,0.176514,0.087524,0.233765,-0.055542,0.015869,0.194702,-0.220703,-0.138672,0.288452,-0.375000,-0.448120,0.334229,-0.503052,-0.660767,0.060303,-0.369385,-0.343384,-0.271240,-0.019043,-0.089111,-0.418335,0.318604,0.023560,-0.824829,0.635864,0.695435,-1.618164,1.243164,1.346802,-1.749268,1.717407,1.720947,-1.848267,1.817749,1.878052,-1.875122,1.741699,1.727661,-1.672241,1.679199,1.833252,-1.428833,1.474731,1.864990,-1.122314,1.085327,1.368164,-0.794067,0.704834,0.961914,-0.469971,0.449585,0.717163,-0.154419,0.298706,0.640991,0.010620,0.189819,0.528687,0.258789,-0.026855,0.655518,0.495117,-0.177856,0.608521,0.487549,-0.095703,0.542236,0.582153,-0.028320,0.515869,0.509033,-0.010986,0.336670,0.300903,-0.047119,-0.070557,0.033691,0.199707,-1.041870,-0.604004,0.302368,-1.425659,-1.391846,0.408813,-1.356567,-1.711182,0.753540,-1.319702,-1.508911,1.052002,-1.088257,-1.414429,1.267700,-0.417969,-1.300781,1.410278,0.513184,-1.084229,1.492554,1.291626,-0.799438,1.441528,2.049072,-0.373291,1.158569,2.122803,-0.146362,0.820557,1.777832,0.048828,0.598022,1.355713,0.233398,0.456177,1.219238,0.310913,0.339722,0.973755,0.344971,0.285889,0.685059,0.336548,0.277344,0.545654,0.129883,0.381348,0.312378,-0.069336,0.395630,0.229980,-0.207642,0.351685,0.054565,-0.494751,0.414429,-0.194580,-0.633301,0.635498,-0.599365,-0.925781,0.697632,-0.949707,-1.237183,0.681030,-1.113525,-1.356079,0.766357,-0.853027,-1.265259,0.978394,-0.506714,-1.088745,1.088623,0.160522,-0.982422,1.133301,0.675659,-0.877930,1.033447,0.988037,-0.644531,0.936401,1.149902,-0.343628,0.917847,1.405762,-0.305542,0.893677,1.484985,-0.201904,0.773560,1.158325,-0.171021,0.678955,0.895142,-0.179199,0.631592,0.725586,-0.108276,0.596802,0.572510,-0.172363,0.596924,0.502075,-0.149780,0.586426,0.435913,-0.161621,0.633301,0.453125,-0.203979,0.691162,0.473145,-0.248779,0.725342,0.563599,-0.258423,0.730469,0.584839,-0.286743,0.745605,0.542847,-0.271118,0.786987,0.495361,-0.271606,0.822876,0.472900,-0.288330,0.837524,0.538696,-0.360596,0.832275,0.610352,-0.335327,0.819214,0.597046,-0.323364,0.818481,0.565796,-0.313599,0.823730,0.544434,-0.306885,0.823120,0.552490,-0.315796,0.822754,0.610962,-0.293701,0.809692,0.615601,-0.275635,0.800293,0.564209
-0.870361,0.804321,-0.060059,-0.700806,0.748291,-0.177490,-0.782227,0.732056,-0.387939,-0.748169,0.802734,-0.126221,-0.568237,0.837769,-0.128418,-0.626831,0.883789,-0.102295,-0.566162,0.856812,-0.099487,-0.604492,0.907837,0.080811,-0.627930,0.959839,0.001953,-0.686646,1.064819,-0.251587,-0.565674,0.782104,-0.494385,-0.964478,1.138794,-0.040649,-0.774536,1.013062,-0.387085,-0.631470,0.949341,-0.728149,-0.449829,0.892212,-0.626587,-0.450928,0.859131,-0.529053,-0.463501,0.785889,-0.748657,-0.383057,0.804443,-0.732422,-0.262939,0.856201,-0.722168,-0.432617,0.880493,-0.394043,-0.612061,0.834473,-0.340210,-0.423462,0.698730,-0.480225,-0.189819,0.668945,-0.422852,-0.242798,0.609009,-0.215210,-0.415527,0.463989,-0.232788,-0.416992,0.253418,-0.216797,-0.150513,0.054688,-0.149902,0.180054,-0.143799,-0.092773,0.329102,-0.301025,0.176758,0.356934,-0.334229,0.211548,0.339844,-0.259521,0.092041,0.398438,-0.011597,0.077759,0.135620,0.284790,0.009033,-0.694702,0.776001,-0.450195,-1.471436,1.327881,-0.582275,-1.324707,1.600586,-0.624023,-1.096558,1.754639,-1.521973,-1.777222,1.912109,-1.374512,-2.014282,1.983521,-1.033325,-1.709717,1.808960,-0.843140,-1.485718,1.552002,-0.816895,-1.327393,1.300781,-0.731812,-1.052246,1.004028,-0.601074,-0.769409,0.819458,-0.455566,-0.717163,0.727173,-0.384766,-0.832886,0.725464,-0.064819,-0.742798,0.605713,0.120850,-0.584961,0.306274,0.007690,-0.476440,0.023804,0.027466,-0.426270,-0.097290,0.079712,-0.499756,-0.173096,0.170288,-0.371704,-0.143799,0.296021,-0.516113,-0.079468,0.310425,-0.344971,-0.052002,0.284546,-0.181885,-0.045532,0.214111,0.042480,-0.015137,0.116089,0.480835,0.362427,-0.247192,0.892578,0.751709,-0.519287,0.885132,0.940674,-0.576294,1.166016,1.314453,-1.045166,1.234009,1.626343,-1.494751,0.921631,1.711670,-1.575562,-0.394775,1.759888,-1.408569,-0.691528,1.637817,-1.503662,-0.749878,1.398560,-0.950562,-0.670166,1.090210,-0.607422,-0.640381,0.850098,-0.589722,-1.266235,0.683472,-0.262695,-1.278931,0.732666,0.234985,-1.334717,0.710571,0.507568,-1.166748,0.589844,0.303589,-1.271729,0.462646,0.215576,-1.180298,0.377075,0.170776,-0.864380,0.364014,0.322876,-0.706787,0.323364,0.198853,-0.531250,0.355469,0.079468,-0.239990,0.419189,-0.036255,-0.134399,0.526001,0.095215,0.114746,0.631348,0.164062,0.516968,0.505737,-0.332397,0.975098,0.529785,-0.943481,0.882935,0.796875,-0.841431,0.614136,1.023071,-0.661499,0.251587,1.020752,-0.795776,0.088867,1.069092,-0.965820,-0.198853,1.204956,-1.064575,-0.533325,1.335449,-0.821899,-0.797607,1.331421,-0.570679,-0.770752,1.216797,-0.504639,-0.738647,1.141724,-0.523071,-0.876099,1.109375,-0.436890,-0.926147,1.060425,-0.243774,-0.858765,0.960327,-0.205078,-0.700317,0.864624,-0.234741,-0.574097,0.818359,-0.295898,-0.447021,0.794556,-0.374268,-0.516846,0.789795,-0.277710,-0.499023,0.771362,-0.247803,-0.406128,0.769043,-0.323242,-0.326660,0.776367,-0.390991
-0.359741,0.880005,0.059937,-0.261475,0.938721,-0.097534,-0.259155,0.917114,-0.072876,-0.271606,0.892944,-0.156250,-0.330811,1.053345,-0.168457,-0.335449,1.155273,-0.243896,-0.348877,1.209106,-0.134033,-0.471313,1.209961,-0.205078,-0.569458,1.307251,-0.169312,-0.489258,1.350220,-0.116211,-0.392090,1.238403,-0.269897,-0.342285,0.939697,-0.079102,-0.219360,0.641846,-0.247070,-0.071533,0.337646,-0.108887,0.115479,0.037354,-0.025391,0.194458,-0.301758,0.147827,0.260620,-0.457520,0.193115,0.491333,-0.438110,-0.098389,0.076050,-0.295532,0.063354,-0.015137,-0.032837,0.039307,0.172241,0.567017,-0.391113,-0.432983,1.543823,-0.589355,-1.356934,1.905396,0.008057,-1.542725,2.090088,0.042358,-1.144043,2.326416,-0.828369,-1.472412,2.398315,-0.839478,-1.952026,2.335083,-0.317383,-1.808716,2.007935,-0.394775,-1.443970,1.661499,-0.488281,-1.047974,1.319092,-0.331543,-0.751709,1.026001,-0.376099,-0.595459,0.728149,-0.447021,-0.690430,0.528564,-0.185425,-0.480591,0.439209,-0.062378,-0.195435,0.292358,-0.150146,-0.412598,0.117798,-0.191895,-0.553589,0.025024,-0.151611,-0.558350,0.053955,0.125610,-0.319580,-0.035767,0.229492,-0.062012,-0.155640,0.055298,-0.012085,-0.077271,-0.098511,-0.242310,0.300415,0.140259,-0.217407,0.704712,0.434204,0.180176,0.803345,0.440186,0.982422,0.851929,-0.034790,1.266357,0.916382,-0.035278,1.293945,1.071899,-0.192505,1.313110,1.303955,-0.721680,1.186523,1.534668,-1.225952,0.055420,1.785156,-1.147095,-0.874146,1.796631,-0.775513,-1.133545,1.648560,-0.359741,-0.901855,1.371338,-0.485962,-0.840698,1.137573,-0.619141,-1.261719,0.942749,-0.099365,-1.289429,0.790894,0.043945,-1.135132,0.706055,0.031128,-1.129761,0.638672,-0.020752,-1.076904,0.581299,-0.058716,-0.905029,0.539795,-0.013184,-0.622803,0.589966,0.110474,-0.384155,0.613647,0.057983,-0.058105,0.605103,-0.048950,0.434082,0.638184,-0.006714,0.647339,0.687866,0.051880,0.919678,0.601440,-0.237183,1.222656,0.633301,-0.554443,0.950317,0.770264,-0.200806,0.788452,0.985474,-0.137573,0.387573,1.041626,-0.532471,-0.089722,1.206909,-0.615845,-0.732788,1.407837,-0.329956,-0.946045,1.449463,-0.199707,-0.842773,1.377441,-0.203735,-0.734497,1.211548,-0.351807,-0.679077,1.121948,-0.317749,-0.631836,1.090942,-0.180908,-0.614136,0.998169,-0.091431,-0.555054,0.943726,-0.012329,-0.504028,0.890259,-0.027344,-0.406616,0.845215,-0.157349,-0.320435,0.874146,-0.243042,-0.432617,0.909180,-0.010742,-0.350220,0.918457,-0.026733,-0.322876,0.906982,-0.051392,-0.291626,0.915771,-0.179932,-0.357788,1.006470,-0.158081,-0.548340,1.030273,0.050537,-0.411865,1.028320,-0.087402,-0.310181,0.970703,-0.249146,-0.331177,0.919067,-0.193115,-0.427368,1.011841,0.132812,-0.413940,1.017944,0.184082,-0.322510,0.959961,-0.007812,-0.285889,0.896118,-0.172607,-0.241211,0.870605,-0.264160,-0.292480,1.020874,0.264282,-0.303833,1.046753,0.588379,-0.197632,0.964355,0.326172,-0.148071,0.862671,-0.226074
-0.252686,0.981689,0.163208,-0.223633,0.927612,-0.035645,0.057739,0.967163,0.245361,-0.094238,1.009521,0.314941,-0.122803,0.991333,0.160889,-0.202026,1.082153,0.246704,-0.124146,1.055908,0.330078,0.261353,0.845947,0.316284,0.013672,1.159790,0.391235,-0.081055,1.149780,0.211670,-0.281738,1.100098,0.129883,-0.138550,1.019043,-0.036377,-0.063354,0.999146,0.088745,0.373779,1.059814,0.418213,0.426880,0.911987,0.290039,0.658081,0.503052,0.131958,0.435791,1.371216,1.156250,0.535767,0.967773,0.436890,0.293213,0.926514,0.264771,0.770264,1.013916,0.636353,1.068970,0.945557,0.471558,-0.200317,0.546753,-0.236694,1.273193,0.787964,0.342407,1.116699,1.057007,0.436279,0.495239,0.521240,0.020508,1.354492,0.732788,-0.007935,1.166504,1.279907,0.100464,0.870483,0.955322,0.046387,0.703857,0.635132,-0.131348,0.480469,0.412598,-0.128906,-0.115234,0.696533,-0.098755,-0.839233,0.010254,-0.121216,-0.412598,-0.242188,0.194458,-0.718018,-0.340088,0.483276,-0.917236,-0.635986,0.360474,-0.945679,-0.945801,0.212402,-0.155029,-0.586060,0.084839,1.058350,-0.078491,0.115356,2.087158,0.369507,-0.080566,2.633545,0.565796,-0.219360,3.171753,1.054077,-0.160889,3.202637,1.012329,-0.408203,2.892334,0.812744,-0.499268,2.852539,0.877197,-0.639893,2.578247,0.850342,-0.482910,1.960693,0.513794,-0.283569,1.351929,0.182251,-0.304810,1.036621,0.145020,-0.431030,0.822754,0.045654,-0.453857,0.648560,-0.106812,-0.572266,0.462036,-0.360840,-0.716553,0.000000,-0.436646,-0.471680,-0.437500,-0.432007,-0.327271,-0.594238,-0.367798,-0.239990,-0.556396,-0.202759,0.204712,-0.720337,-0.011841,1.004272,-0.683716,0.284180,1.481323,-0.289795,0.406860,1.383667,0.570435,0.753540,1.447876,1.344238,1.185913,1.562256,1.712280,1.285889,1.250000,2.182617,1.189453,0.535767,2.715698,1.404053,-0.089233,2.534424,1.343994,-0.288452,1.827271,0.882080,-0.492188,1.350586,0.601074,-0.543335,1.092407,0.398560,-0.748047,0.703979,0.231323,-0.817749,0.462769,0.143433,-0.816650,0.318359,0.118164,-0.725098,0.218262,0.184570,-0.484863,0.152710,0.175537,-0.278687,0.075928,0.179565,0.000854,-0.064453,0.199951,0.261597,-0.135254,0.405396,0.754150,0.092041,0.630371,1.365967,0.288086,0.720215,1.404175,0.480957,0.873047,1.222046,0.825317,1.101929,1.178345,1.042725,1.098755,1.079590,1.279541,1.064575,0.730591,1.592285,1.054321,0.404541,1.676392,0.987061,-0.052612,1.462646,0.895386,0.075806,1.082642,0.695679,0.108643,0.926758,0.610596,0.047241,0.797607,0.580322,0.035767,0.718994,0.586792,0.059326,0.666382,0.529297,0.097656,0.546631,0.522095,0.165527,0.553589,0.590576,0.185669,0.678955,0.671143,0.177124,0.795166,0.723755,0.142700,0.752808,0.710938,0.172729,0.655518,0.711792,0.240723,0.633179,0.719604,0.327148,0.675781,0.728271,0.347656,0.708496,0.753418,0.360107,0.794922,0.788574,0.405884,0.654297,0.693726,0.300781
0.807495,0.394897,0.606201,0.961548,0.557861,0.425659,0.861328,0.377197,0.449341,0.807739,0.400879,0.513794,0.777222,0.520508,0.331421,0.865845,0.517334,0.316528,0.877197,0.372803,0.562744,0.970459,0.400391,0.573486,1.056396,0.510254,0.586304,1.234619,0.641846,0.673096,1.306641,0.222412,0.723755,1.063965,0.656250,0.587402,1.289062,0.964233,0.711426,1.291748,0.795776,0.994507,0.599854,0.638916,0.833130,0.533813,0.780029,0.925659,0.664429,0.813110,0.840576,0.640625,0.668823,0.567505,0.478638,0.607788,0.327393,0.348022,0.674072,0.182251,0.462036,0.806274,0.002319,0.536133,0.751099,-0.081665,0.386230,0.590942,-0.039062,-0.000854,0.430908,-0.104614,-0.129395,0.265747,-0.239014,-0.191528,0.189209,-0.384644,-0.128906,-0.133789,-0.119385,-0.533936,-0.370117,0.170288,-0.723877,-0.570190,0.193848,-0.514404,-0.409668,-0.098999,-0.106201,-0.242798,-0.009644,0.602539,-0.185181,0.215698,1.383179,0.246094,0.177002,2.079590,0.787109,-0.138428,2.433228,1.084229,-0.085327,2.843506,1.156494,0.002686,3.383179,1.316772,-0.122192,2.943726,1.182251,-0.225830,2.533203,1.142944,-0.178589,2.083740,0.930664,-0.189575,1.753174,0.744263,-0.242310,1.350342,0.501343,-0.171143,0.975952,0.321167,-0.202271,0.664795,0.237549,-0.510986,0.472656,-0.035400,-0.741577,0.518066,0.135986,-0.730469,0.371338,0.010254,-0.777344,0.052856,-0.005005,-0.907349,-0.188110,-0.172852,-0.524414,-0.434814,-0.247803,-0.451416,-0.551880,-0.258911,0.166382,-0.309326,-0.112793,1.000244,-0.344116,0.099854,1.677979,-0.226074,0.223511,1.874634,0.518433,0.499756,1.662964,1.214722,0.640869,1.806152,1.513306,0.849121,1.666016,1.442261,0.861328,1.238281,1.545776,0.986328,0.542358,1.900879,1.088135,-0.426025,1.836182,1.042114,-0.886475,1.394653,0.948975,-1.009033,1.110962,0.769409,-1.042969,0.960083,0.645874,-1.175781,0.655884,0.431641,-1.082764,0.334106,0.265747,-0.896240,0.234741,0.195679,-0.645996,0.178345,0.134644,-0.380737,0.078125,0.179810,-0.080078,0.039185,0.065674,0.241821,0.046875,0.048950,0.791138,0.229248,0.263184,1.647339,0.401978,0.340820,1.877197,0.668457,0.467773,1.720825,1.150635,0.659424,1.460815,1.367188,0.838623,1.165161,1.280396,0.853882,0.775513,1.234375,0.793945,0.362305,1.325684,0.821289,0.097656,1.319336,0.822510,-0.071289,1.181885,0.756348,-0.086914,1.018921,0.657593,-0.014282,0.862183,0.517212,0.077271,0.717896,0.483765,0.174438,0.605225,0.495239,0.213989,0.621094,0.552124,0.246460,0.701538,0.523804,0.385376,0.750244,0.517578,0.467163,0.745483,0.506470,0.554932,0.734741,0.547729,0.527710,0.728760,0.577637,0.462280,0.750732,0.602051,0.430786,0.786865,0.604126,0.446289,0.761108,0.582397,0.472534,0.720215,0.583374,0.476440,0.695435,0.598145,0.462280,0.721558,0.616333,0.400391,0.741699,0.613159,0.404419,0.759277,0.589722,0.442505,0.759033,0.591064,0.452393
0.671631,0.577026,0.560791,0.874390,0.733032,0.530884,0.839722,0.757690,0.248413,0.534058,0.552002,0.367554,0.628784,0.585938,0.506592,0.692993,0.656128,0.397461,0.721191,0.743164,0.270996,0.833862,0.829224,0.345825,0.946167,0.963257,0.414673,1.012573,0.899658,0.584473,1.012329,0.925659,0.373169,1.021606,1.139282,0.363525,0.913452,1.188599,0.412842,0.828857,1.165894,0.477173,0.838501,0.891846,0.541382,0.764282,0.856445,0.519287,0.651855,0.880493,0.324585,0.667603,0.819092,0.143066,0.647583,0.742920,0.094116,0.553711,0.679688,0.082397,0.359985,0.649780,-0.012817,0.297485,0.650879,-0.185547,0.333008,0.629761,-0.297241,0.188354,0.459351,-0.310669,-0.019409,0.166382,-0.258667,-0.259277,-0.129883,-0.135254,-0.711792,-0.312378,0.064575,-0.821777,-0.557983,0.305176,-0.547974,-0.700439,0.497925,-0.157837,-0.519775,0.493408,0.535400,0.078979,0.004883,1.193726,0.281372,-0.515747,1.953613,0.332397,-0.468384,2.484985,0.635376,-0.056152,2.787964,0.918457,-0.165527,2.901733,1.055054,-0.416992,2.983765,1.062134,-0.676270,2.570557,0.855347,-0.547119,2.462891,0.953003,-0.485840,2.135620,0.778809,-0.462158,1.509155,0.625000,-0.350464,1.204956,0.572144,-0.429199,0.893433,0.139404,-0.623901,0.734863,0.147095,-0.775757,0.490234,-0.041260,-0.967651,0.088867,-0.343140,-1.043579,-0.162842,-0.447754,-0.599487,-0.216675,-0.383789,-0.496094,-0.287109,-0.396240,-0.582520,-0.127197,-0.307129,-0.279175,-0.098389,-0.061035,0.727173,-0.479004,0.138672,1.384399,-0.170898,0.004150,1.343872,0.252319,0.291992,2.011353,0.641968,0.488647,2.255737,1.264648,0.655396,1.589355,1.822632,0.822144,0.901123,1.943237,0.796753,0.491943,1.860840,0.841309,-0.009155,1.910156,1.049072,-0.742310,1.966064,1.116455,-1.098999,1.637817,0.884399,-1.114624,1.027466,0.571777,-1.244019,0.937500,0.589722,-1.354980,0.833008,0.513306,-1.203125,0.530762,0.333252,-1.059326,0.401855,0.288696,-1.042114,0.397705,0.262085,-0.815430,0.411011,0.286621,-0.441406,0.429688,0.269409,-0.179810,0.498413,0.170410,-0.046631,0.517090,0.232422,0.266479,0.425293,0.380127,0.792236,0.227295,0.415771,1.132446,0.276978,0.302734,1.255005,0.313599,0.371582,1.467773,0.521973,0.560913,1.702026,0.658813,0.568970,1.469727,0.870850,0.562012,1.087891,1.377441,0.644409,0.583374,1.670654,0.629150,0.272461,1.566406,0.669922,0.075439,1.522217,0.651123,-0.222412,1.602783,0.708740,-0.784180,1.582520,0.727905,-0.853027,1.335571,0.615234,-0.610840,1.069336,0.475098,-0.350952,0.864868,0.410767,-0.182739,0.762817,0.396240,-0.151978,0.820068,0.426025,-0.082031,0.790161,0.378052,0.015991,0.718506,0.438110,0.080078,0.662842,0.443604,0.175293,0.671387,0.479492,0.340332,0.665649,0.548706,0.372681,0.550781,0.515869,0.311523,0.481445,0.614746,0.388794,0.603271,0.661743,0.511475,0.692017,0.694946,0.555908,0.534912,0.742432,0.404175
0.610474,0.727295,0.340454,0.662354,0.750000,0.345215,0.626099,0.724731,0.304443,0.569702,0.648193,0.358887,0.636475,0.691895,0.345825,0.734741,0.756348,0.340576,0.680908,0.718384,0.408691,0.660767,0.752930,0.367920,0.675903,0.789185,0.274536,0.902100,0.913208,0.375000,1.097534,0.991455,0.427856,1.059692,0.963013,0.393188,1.068848,0.845337,0.336914,0.873169,0.955811,0.367920,0.590820,0.914795,0.427002,0.576538,0.809326,0.488037,0.578613,0.890015,0.572632,0.806763,1.045898,0.430298,0.784912,1.062378,0.161255,0.603516,0.905029,-0.040039,0.346558,0.753418,0.082275,0.169678,0.780640,0.152710,0.105835,0.828491,0.125244,0.041992,0.711426,0.075073,-0.018799,0.651489,-0.054810,0.098755,0.700195,-0.142456,0.288330,0.709839,-0.197021,0.184204,0.553223,-0.226318,-0.073364,0.242920,-0.129150,-0.493042,-0.213989,-0.069336,-0.634155,-0.382202,-0.041504,-0.525513,-0.561890,0.193604,-0.341675,-0.583618,0.257446,0.096802,-0.413574,0.156372,1.162231,0.028198,-0.100220,1.885742,0.363037,-0.268677,2.322388,0.511108,-0.147583,2.963013,0.896240,-0.208984,3.143799,1.106201,-0.329956,2.891479,1.004517,-0.281860,2.543457,0.916138,-0.240356,2.231934,0.918457,-0.326904,1.875000,0.770020,-0.413574,1.453857,0.502930,-0.286865,1.210938,0.411621,-0.320068,1.212280,0.293945,-0.509766,0.844727,0.070923,-0.706177,0.581787,0.141968,-0.882202,0.595093,0.014771,-1.001343,0.335083,-0.129150,-0.826416,-0.063232,-0.115845,-0.650879,-0.133301,0.032227,-0.575684,-0.043335,0.080566,-0.324585,-0.085815,-0.019043,0.351318,-0.484741,-0.280518,1.181519,-0.510620,-0.377563,1.845337,-0.113770,-0.036377,2.220337,0.494507,0.276611,2.058594,0.969727,0.488770,1.551758,1.494873,0.784302,0.837402,1.987183,0.991699,0.413818,1.896729,0.934448,0.174438,1.753296,0.951904,-0.262817,1.721680,0.971924,-1.054565,1.528198,0.956909,-1.459473,1.109497,0.723389,-1.365723,0.930664,0.572632,-1.187378,0.724243,0.454102,-1.153076,0.464722,0.284302,-0.903442,0.328247,0.197876,-0.725708,0.341187,0.201050,-0.603027,0.353394,0.280396,-0.287964,0.276367,0.325073,0.083252,0.244751,0.234253,0.550903,0.331055,0.152466,0.926270,0.160522,0.163940,1.644043,-0.027344,0.184082,2.234619,0.280518,0.176270,1.820312,0.904907,0.425537,1.320557,1.409302,0.700317,0.839478,1.363525,0.738892,0.514771,1.470703,0.771606,0.254517,1.739746,0.892578,-0.218994,1.576172,0.850708,-0.506592,1.341309,0.722168,-0.274170,0.967773,0.560181,-0.093018,0.859131,0.519287,-0.025269,0.866211,0.500610,-0.015625,0.797974,0.443604,0.069824,0.724731,0.434937,0.132935,0.728638,0.422852,0.277710,0.795776,0.484009,0.289795,0.899780,0.515747,0.273682,0.909058,0.551270,0.226685,0.806396,0.548096,0.288330,0.706909,0.543579,0.306152,0.771973,0.556641,0.309814,0.907837,0.597534,0.270264,0.970459,0.586792,0.275269,0.840454,0.557007,0.307129
0.799805,0.469482,0.453247,0.691162,0.530518,0.335083,0.726440,0.626343,0.354492,0.714478,0.609497,0.352539,0.746338,0.623901,0.258667,0.849854,0.627686,0.351807,0.843750,0.643433,0.293335,0.837280,0.597900,0.357178,0.934326,0.710571,0.309814,1.139648,0.780273,0.512451,1.111450,0.887939,0.484009,1.160522,0.779419,0.621948,1.050537,0.778442,0.796387,0.889160,0.927979,0.828247,0.867798,0.814819,0.774658,0.787231,0.784180,0.605835,0.777588,0.766602,0.525146,0.730347,0.787720,0.504517,0.590576,0.763306,0.418335,0.370972,0.732544,0.213135,0.317749,0.772827,0.010864,0.209839,0.740601,-0.247314,0.151489,0.645142,-0.229248,0.107666,0.622925,-0.187134,-0.005859,0.507080,-0.253052,-0.222290,0.363281,-0.364136,-0.345215,0.080078,-0.280518,-0.471191,-0.246460,0.106445,-0.696533,-0.625000,0.588745,-0.644531,-0.628418,0.632568,-0.417603,-0.566040,0.213989,0.326660,-0.296387,-0.033569,1.388550,-0.101318,0.053101,2.180176,0.272339,-0.490845,2.575317,0.533936,-0.736816,3.091187,0.918701,-0.718994,3.163574,0.971436,-0.729126,2.855225,0.794189,-0.480713,2.414795,0.695435,-0.487793,2.193481,0.730713,-0.591431,2.099609,0.702026,-0.757324,1.636963,0.412964,-0.723999,0.830444,-0.010986,-0.445312,0.601807,0.157471,-0.841797,0.697754,0.109619,-1.506104,0.640991,-0.015747,-1.191772,0.130615,-0.159058,-0.573486,-0.371826,-0.050781,-0.509766,-0.391357,-0.105957,-0.298462,-0.521973,-0.145752,0.111450,-0.568848,-0.286987,0.885498,-0.545166,-0.317261,1.523071,-0.439819,-0.145020,1.994995,0.148926,-0.013062,1.880371,0.575317,0.083008,1.574585,1.027100,0.322510,1.353516,1.684326,0.708740,1.029419,1.959961,0.855591,0.630005,1.840820,0.957764,0.191772,1.801147,0.994263,-0.539062,1.897339,0.973755,-0.868896,1.678223,0.915771,-0.953979,1.267334,0.727783,-1.215576,1.098022,0.692383,-1.334106,0.768433,0.510620,-0.913452,0.492676,0.369263,-0.782837,0.327637,0.303101,-0.709595,0.186035,0.314697,-0.397461,0.126709,0.380981,-0.089233,0.123779,0.295410,0.227417,0.272705,0.147583,0.733032,0.293579,0.083496,1.178589,0.209229,0.107056,1.473022,0.193970,0.155762,1.618164,0.315063,0.201172,1.606201,0.604370,0.286133,1.345215,0.978271,0.435181,1.083374,1.185059,0.551392,0.843140,1.543945,0.690063,0.379395,1.698364,0.777466,0.188477,1.542358,0.723022,0.143677,1.339600,0.598877,0.164795,1.268188,0.601807,0.075806,1.145874,0.597900,-0.046143,0.948975,0.579834,0.007324,0.769409,0.515137,0.167114,0.671143,0.434570,0.329346,0.686890,0.397461,0.434937,0.759033,0.453613,0.397339,0.775024,0.476074,0.415649,0.708252,0.449097,0.455933,0.683594,0.440552,0.481812,0.732422,0.450806,0.515137,0.839233,0.525269,0.472900,0.839233,0.558594,0.416504,0.762329,0.526001,0.430176,0.750854,0.498413,0.460693,0.812500,0.519775,0.454956,0.836792,0.536011,0.430420,0.787109,0.511353,0.424683
0.679810,0.550537,0.503906,0.628174,0.600952,0.399170,0.674805,0.687622,0.338379,0.716553,0.674316,0.393066,0.724121,0.656982,0.460083,0.759155,0.655151,0.492432,0.678223,0.645386,0.387695,0.608643,0.784546,0.324219,0.781128,0.744141,0.405396,0.935791,0.762573,0.495361,0.896240,0.722290,0.523804,1.050781,0.862549,0.627197,1.053833,1.051392,0.662354,0.940063,1.077881,0.661255,1.451538,0.906250,0.884521,1.176880,0.819336,0.717285,0.742188,0.720093,0.583496,0.588379,0.708984,0.419800,0.455688,0.743164,0.092773,0.432617,0.735596,-0.184082,0.401855,0.699585,-0.200806,0.243286,0.489136,-0.156128,0.000854,0.476562,-0.215820,-0.203735,0.348145,-0.138306,-0.400635,0.119751,-0.060425,-0.754883,-0.313232,0.041016,-1.074585,-0.447754,0.309570,-1.053223,-0.431274,0.398438,-0.515869,-0.549072,0.168213,0.114868,-0.693237,-0.079956,1.418091,-0.475952,0.028442,2.797729,0.076904,-0.380737,3.035156,0.555176,-0.940186,2.872925,0.598633,-0.875122,2.971191,0.650391,-0.715820,3.042358,0.691406,-0.674194,2.516602,0.563110,-0.683350,2.079590,0.543091,-0.738770,1.693726,0.498291,-0.757080,1.310669,0.399780,-0.592651,1.106934,0.253296,-0.414673,0.637817,-0.469604,-0.685547,0.205322,-0.073486,-1.335205,0.232056,0.033325,-1.285889,-0.081909,-0.126587,-0.729370,-0.382690,-0.147583,-0.709106,-0.494873,-0.288330,-0.448242,-0.498047,-0.330078,0.244873,-0.448364,-0.292847,0.947021,-0.452393,-0.288940,1.778198,-0.181152,-0.090210,2.301636,0.421387,-0.022827,2.221924,1.387573,0.309692,2.022095,2.197876,0.681885,1.260498,2.189453,0.819458,0.602783,2.091675,1.093506,0.021484,2.170044,0.966431,-0.684937,1.900391,0.815918,-1.099243,1.357300,0.751831,-1.270264,0.956055,0.725586,-1.290405,0.783203,0.670044,-1.312866,0.589111,0.476562,-0.958374,0.382446,0.388672,-0.729736,0.257080,0.310913,-0.524170,0.198853,0.347900,-0.320923,0.201782,0.360962,0.042236,0.062988,0.272705,0.433594,-0.107910,0.029541,0.905029,-0.235474,-0.064575,1.628174,-0.081177,0.049316,2.202637,0.614990,0.216431,2.124390,1.075562,0.267090,1.538696,1.472290,0.468262,0.865967,1.650146,0.697632,0.141724,1.767334,0.741089,-0.072021,1.870850,0.761841,-0.090454,1.598999,0.684204,-0.058472,1.247192,0.620483,-0.070801,0.939941,0.586304,-0.085938,0.872681,0.540527,-0.049438,0.916138,0.533569,-0.006592,0.814941,0.477417,0.120972,0.702515,0.475464,0.205078,0.677124,0.464966,0.260498,0.799316,0.476929,0.298096,0.934692,0.553101,0.348633,0.899658,0.567505,0.362183,0.782715,0.542725,0.370239,0.758057,0.546997,0.356445,0.796997,0.549194,0.380127,0.882935,0.624756,0.370972,0.832397,0.582764,0.389038,0.734619,0.523071,0.393677,0.617310,0.466797,0.400757,0.738525,0.528076,0.411499,0.887817,0.583374,0.432739,0.793213,0.516479,0.392212,0.737427,0.524048,0.367310,0.774536,0.533081,0.340210,0.821533,0.547974,0.359741
0.728027,0.593994,0.221680,0.676880,0.615723,0.295410,0.705444,0.594971,0.415894,0.702148,0.608765,0.372925,0.707397,0.611816,0.345947,0.704468,0.679565,0.280884,0.807495,0.730591,0.322266,0.841187,0.657837,0.279785,0.954346,0.793701,0.239136,1.086792,0.740601,0.247070,1.040283,0.820312,0.252197,1.062988,0.939941,0.256836,1.154541,0.923340,0.421753,1.196045,0.890503,0.580200,0.978760,0.998413,0.417358,0.885986,0.975952,0.532959,0.873169,0.888062,0.601562,0.690063,0.858276,0.342773,0.514771,0.838867,0.068481,0.404175,0.820557,-0.138062,0.372559,0.719116,-0.147461,0.159424,0.581421,-0.214600,-0.168945,0.308838,-0.120605,-0.802734,-0.131836,0.081421,-1.192139,-0.345703,0.020630,-1.040161,-0.572510,0.127686,-0.982666,-0.730591,0.134521,-0.663940,-0.705933,-0.008789,0.088745,-1.041870,-0.262451,1.612549,-0.495239,-0.181763,3.025024,-0.104248,0.082397,3.583740,0.592529,-0.008911,2.885864,0.480225,-0.296509,2.892334,0.560547,-0.117310,3.096558,0.782104,-0.089600,2.892456,0.642578,-0.015381,2.495117,0.637939,-0.239624,1.826782,0.491089,-0.447510,1.134888,-0.028564,-0.458862,0.680420,-0.079346,-0.956543,0.261841,-0.167725,-1.178955,0.082031,0.123901,-1.097778,0.310669,0.225952,-1.090698,0.062378,-0.136841,-0.620728,-0.392090,-0.454468,-0.326050,-0.627686,-0.407593,0.535522,-0.578613,-0.371704,1.345581,-0.294312,-0.383179,2.175049,0.316040,-0.114136,2.139282,0.881470,0.115601,1.766235,1.313721,0.338501,1.297241,2.071289,0.493164,1.014404,2.678955,0.954346,0.290527,2.291626,0.927002,-0.243896,1.514038,0.537476,-0.647827,1.193481,0.610962,-0.863525,1.026001,0.783447,-1.450073,0.618408,0.695679,-1.852051,0.543579,0.562988,-1.409302,0.420044,0.418579,-1.069946,0.343384,0.478394,-0.776123,0.043457,0.308350,-0.522461,-0.047119,0.043945,-0.058228,0.159546,-0.115234,0.389771,0.549316,0.165527,1.179199,0.749023,0.191528,1.603027,0.643066,0.157227,1.794312,0.728394,0.153564,1.630737,1.154419,0.345215,1.319702,1.577637,0.397827,0.999268,1.600708,0.550781,0.296387,1.499512,0.596802,0.029053,1.429199,0.554565,-0.115845,1.285889,0.569092,-0.262695,1.168823,0.550537,-0.223145,1.060303,0.505981,-0.086060,0.928711,0.440918,-0.020142,0.894043,0.436646,0.054688,0.847656,0.447510,0.089600,0.777588,0.384888,0.244507,0.754517,0.369629,0.316772,0.824463,0.423340,0.306274,0.928955,0.513672,0.268799,0.919067,0.511353,0.314087,0.848145,0.445923,0.377808,0.802979,0.403442,0.386475,0.842041,0.443481,0.427856,0.891968,0.538940,0.353027,0.847046,0.510010,0.337402,0.831421,0.457520,0.386841,0.819946,0.418701,0.406128,0.845337,0.481934,0.291138,0.899414,0.580322,0.203979,0.890015,0.482178,0.385620,0.863770,0.433960,0.432983,0.832153,0.453979,0.331299,0.855469,0.497070,0.268311,0.890503,0.535767,0.264160,0.893677,0.514160,0.285522,0.868286,0.465454,0.333374
0.720215,0.535522,0.350708,0.736938,0.612793,0.407227,0.690796,0.629761,0.291138,0.640137,0.617188,0.270874,0.773560,0.656982,0.323608,0.953125,0.666382,0.568237,0.897949,0.660889,0.523071,0.937622,0.799316,0.344604,1.124268,0.936646,0.316895,1.370972,0.809082,0.366455,1.561768,0.802490,0.459106,1.329590,0.797363,0.369019,1.041504,0.850830,0.442627,0.955444,1.014526,0.491821,0.769897,0.828857,0.131104,0.587280,0.717896,0.249634,0.370361,0.637207,0.024536,-0.025757,0.602295,-0.246338,-0.223389,0.416504,-0.155151,-0.581177,0.184814,0.006836,-1.124023,-0.139160,0.092163,-1.172974,-0.349609,0.192383,-1.031494,-0.766968,0.322998,-0.440186,-0.597290,0.106445,0.110840,-0.756836,-0.181885,0.942261,-1.018677,-0.341797,2.877808,-0.147949,-0.506958,3.226318,0.426392,-0.882324,2.522217,0.224365,-0.703735,2.299683,0.089600,-0.480469,2.659790,0.232544,-0.252686,2.924316,0.506226,-0.356201,2.444458,0.307373,-0.478394,2.080811,0.342773,-0.581421,1.933838,0.350830,-0.505859,1.578003,-0.026367,-0.357422,1.094849,-0.513672,-0.443970,0.063477,-0.755249,-1.016724,-0.394165,-0.170044,-1.471558,-0.287598,0.166748,-0.949951,-0.633545,-0.170166,-0.963623,-0.562622,-0.284302,-0.356079,-0.401855,0.112061,1.230347,-0.208496,-0.088013,1.229614,0.462402,-0.242676,1.269165,1.596436,0.071289,1.602173,2.192017,0.351074,1.388428,1.967896,0.335083,1.005737,1.741821,0.270020,0.467041,1.897217,0.550171,-0.178955,2.073242,0.789429,-0.898193,1.669434,0.776367,-1.401733,0.768433,0.154785,-1.895020,0.460327,0.571167,-2.247437,0.739624,0.748047,-1.635864,0.644165,0.658936,-1.337402,0.408936,0.351440,-1.034302,0.211304,0.054077,-0.262085,0.164307,0.159546,0.181396,0.280762,-0.016357,0.807495,0.490601,-0.033691,1.130005,0.567505,-0.014282,1.310425,0.632080,0.154297,1.395264,0.800293,0.060181,1.318237,1.069824,0.041748,1.282227,1.882446,0.174438,0.921021,2.250244,0.360107,0.358521,2.028564,0.421631,-0.095947,1.570801,0.400635,-0.406860,1.426147,0.463257,-0.491699,1.271240,0.484619,-0.446655,1.147827,0.547241,-0.210205,1.116089,0.490112,0.020264,0.982788,0.416504,0.091919,0.796997,0.350464,0.178467,0.700928,0.403931,0.217407,0.711914,0.401733,0.286499,0.831299,0.380249,0.410767,0.878784,0.352417,0.466553,0.814331,0.371948,0.454590,0.804199,0.446411,0.376221,0.819336,0.458374,0.386108,0.847290,0.416748,0.489624,0.808472,0.402710,0.468994,0.739014,0.425903,0.393555,0.773926,0.486206,0.361450,0.869141,0.482056,0.453857,0.884033,0.433350,0.451294,0.856323,0.449341,0.372559,0.830078,0.461548,0.357422,0.854980,0.461548,0.460571,0.854980,0.435791,0.489136,0.856567,0.437378,0.411865,0.841431,0.475708,0.343018,0.815308,0.484375,0.383545,0.814453,0.455200,0.478882,0.816284,0.436401,0.463257,0.829712,0.443115,0.445679,0.819336,0.453003,0.387329,0.852783,0.484985,0.372070
0.776245,0.468994,0.255249,0.733521,0.446411,0.369019,0.844971,0.578979,0.407104,0.919067,0.634399,0.406738,0.744263,0.521851,0.291626,0.750122,0.571533,0.267700,0.881714,0.641968,0.322876,1.001831,0.654541,0.354126,1.055542,0.722900,0.482056,1.074341,0.697388,0.409058,1.126587,0.689331,0.244507,1.236450,0.837402,0.214478,1.204468,0.905029,0.268188,1.254028,0.866577,0.499268,1.118530,0.819702,0.476562,0.383301,0.906250,0.228271,0.517578,0.796509,0.231934,0.493652,0.822876,0.306519,0.260742,0.697510,0.129395,0.158081,0.728882,-0.166260,0.059692,0.647949,-0.248657,-0.155762,0.462402,-0.150513,-0.492798,0.331421,-0.121338,-0.714233,-0.028076,0.231812,-0.874023,-0.336792,0.246460,-0.852661,-0.557251,0.112671,-0.421997,-0.614136,0.043823,-0.000610,-0.747314,-0.029175,0.562134,-0.952026,-0.323975,2.106323,-0.859375,-0.249634,3.087402,-0.232544,-0.568726,3.309326,0.195068,-0.712646,2.875977,0.244751,-0.905640,2.487671,0.047729,-0.728638,2.490601,0.220825,-0.663696,2.265259,0.132446,-0.626099,2.191650,0.361938,-0.608032,2.079712,0.393555,-0.711304,1.648804,-0.005371,-0.752197,1.223022,-0.261230,-0.643799,0.740967,-0.362183,-0.731445,0.311768,-0.411255,-0.855347,0.201782,0.096558,-1.151733,0.254761,0.040527,-0.923706,0.032349,-0.029785,-0.671143,-0.227905,-0.153931,-0.497559,-0.302856,-0.129517,0.190796,-0.417480,-0.216187,1.135864,-0.520752,-0.320679,1.848999,-0.080688,-0.479980,1.906006,0.444580,-0.316772,1.727295,1.886475,0.315552,1.544556,2.615234,0.536621,1.173584,2.150024,0.419556,0.280273,1.892700,0.416382,-0.232056,1.903198,0.741943,-0.941040,1.855591,0.848999,-1.632202,1.060181,0.140991,-2.103271,0.228882,0.033936,-2.691650,0.534912,0.551514,-2.277832,0.584229,0.374512,-1.669312,0.534180,0.238525,-1.115967,0.375732,0.066406,-0.755859,0.325317,-0.078735,-0.014771,0.290649,-0.144897,0.806396,0.259277,-0.078979,1.407104,0.454590,-0.193970,1.297852,0.761108,-0.193359,1.331055,1.264404,-0.035889,1.577881,1.847290,0.054688,1.421509,1.969971,-0.080933,0.930908,1.927612,-0.087769,0.281128,1.931763,-0.118652,-0.052856,2.019043,-0.109009,-0.285645,1.809570,0.032227,-0.629883,1.510864,0.184448,-1.007324,1.328857,0.444092,-0.954468,1.053345,0.428833,-0.411377,0.955933,0.266479,-0.031372,0.951294,0.236206,0.287964,0.868896,0.291138,0.389160,0.742798,0.335815,0.340088,0.604126,0.315552,0.275146,0.614868,0.242188,0.391968,0.694458,0.263672,0.524658,0.819824,0.356079,0.597046,0.863159,0.409668,0.557861,0.834595,0.396606,0.488403,0.793457,0.360962,0.496216,0.801025,0.357300,0.524414,0.846924,0.363525,0.588379,0.869507,0.386108,0.589111,0.857300,0.397461,0.522827,0.810181,0.390625,0.458496,0.776001,0.384521,0.458008,0.776733,0.386719,0.496704,0.800659,0.377441,0.545776,0.843018,0.382446,0.516479,0.836670,0.383301,0.468872,0.807739,0.370728,0.457520
0.828247,0.641968,0.520020,0.776733,0.796265,0.222046,0.659424,0.775024,0.072510,0.628174,0.704224,0.149536,0.809448,0.729858,0.268921,0.936523,0.788818,0.218262,0.815552,0.706665,0.236206,0.659790,0.546509,0.169189,0.635254,0.692383,0.075195,0.759277,0.603271,-0.051636,0.781006,0.850220,0.078491,1.011108,0.657959,0.187378,0.757324,0.717407,0.200439,0.749756,0.651489,-0.031128,0.987427,0.663086,-0.450806,1.367065,0.774780,-0.444824,1.049805,0.677856,-0.896240,1.004639,0.786865,-1.141357,0.888184,0.960449,-0.867676,0.649536,0.713135,-0.568604,-0.138672,0.595093,-0.751465,-0.347656,0.710327,-0.364502,0.133545,0.959717,-0.655884,0.002563,0.719482,-1.242676,-0.283081,0.468628,-0.779297,-0.204102,0.589233,-0.285400,-0.203735,0.708130,-0.761597,-0.353638,0.442505,-0.343384,-0.293335,0.332642,0.450806,-0.260376,0.120605,1.232910,-0.279541,-0.233032,1.344971,0.001465,-0.443359,1.099365,-0.006226,-0.725464,0.662964,-0.384521,-0.883301,-0.082275,-0.202759,-1.123779,-0.639160,1.487427,-0.973633,-1.699097,2.069824,-0.603027,-3.203735,1.435669,-0.586914,-3.263184,1.300537,-0.127075,-3.164673,1.125366,-0.321899,-1.971069,0.943604,0.055176,-1.906860,0.856323,0.057129,-1.908203,0.559082,-0.060547,-1.737427,0.393555,-0.099121,-1.429443,0.642334,0.136719,-1.389526,0.656128,0.208862,-1.729370,-0.076172,-0.511597,-1.776489,-0.894287,-1.057495,-1.412598,-0.762329,-0.237427,-0.565430,-0.623657,-0.140747,-0.392700,-0.454224,-0.136108,-0.092163,-0.110352,-0.267090,0.408325,0.254150,-0.255493,0.951294,1.104492,-0.098877,0.932007,2.139648,0.294678,0.546753,2.343018,0.433105,0.108765,1.854248,0.152222,-0.214478,1.445435,0.201660,-0.809082,1.609497,0.423828,-1.160400,1.497192,0.627808,-1.753906,0.759277,0.431763,-2.002930,-0.445435,-0.002686,-2.032959,-1.188110,0.010376,-2.107666,-0.989258,0.171021,-2.011719,-0.783569,0.304199,-1.713257,-0.720947,0.113525,-1.419800,-0.596436,-0.012207,-0.852905,-0.401367,0.104248,-0.408936,-0.123413,0.030029,-0.222900,0.251587,-0.063843,-0.137207,0.810303,0.055054,0.006592,1.230225,0.180908,0.235840,1.366089,0.116943,0.426392,1.463135,0.161255,0.416626,1.774414,0.346191,0.195190,1.892334,0.402100,-0.132446,1.372070,0.035889,-0.683228,1.067505,-0.011353,-1.152832,1.170654,0.128296,-1.511108,1.147705,0.229370,-2.050903,1.028076,0.271118,-2.112061,0.872192,0.282471,-1.766724,0.726929,0.290894,-1.109131,0.716919,0.272217,-0.647461,0.826660,0.224731,-0.306763,0.910034,0.215820,-0.166260,0.846558,0.105957,-0.165771,0.733398,0.209351,-0.194092,0.785400,0.224121,-0.099487,0.904419,0.265503,-0.045288,0.954102,0.288696,0.003784,0.934814,0.297729,0.012451,0.889160,0.283569,0.035156,0.963623,0.345947,0.100098,1.025635,0.328003,0.200073,1.024048,0.324585,0.197266,1.008545,0.342651,0.131592,0.952026,0.322510,0.128662,0.942505,0.314819,0.192017,0.972534,0.264648,0.307373
1.026123,0.435791,0.100220,1.000122,0.424683,0.073853,0.907959,0.355469,0.152588,0.881958,0.388184,0.192993,0.900024,0.453735,0.011597,0.970581,0.500488,0.023926,1.031860,0.505249,0.039795,1.090820,0.543579,0.050293,1.186768,0.585083,-0.017090,1.418213,0.550415,0.133057,1.480835,0.563843,0.145752,1.304443,0.544067,0.119019,1.364136,0.648071,-0.007568,1.577026,0.699951,-0.143799,1.408569,0.575439,-0.071167,0.891113,0.433105,0.122314,0.673096,0.598633,0.070923,0.582397,0.643066,-0.049561,0.374512,0.594727,-0.036133,0.246460,0.581177,0.077881,0.189941,0.607910,0.183960,-0.023682,0.533813,0.243774,-0.284424,0.345337,0.252319,-0.510620,0.096924,0.299316,-0.774048,-0.329590,0.648682,-0.712891,-0.632080,0.681152,-0.359619,-0.985962,0.356445,0.198242,-1.068359,0.189697,0.934937,-0.942139,0.102051,1.674927,-0.286865,-0.837280,1.982300,-0.115723,-1.542847,2.191650,-0.078613,-1.808716,2.517090,0.066650,-1.996460,2.496460,0.021851,-1.879028,2.414185,0.125977,-1.834473,2.057251,0.163574,-1.701660,1.658081,0.095215,-1.479248,1.449829,0.121582,-1.209595,1.015259,-0.197021,-1.035889,0.658081,-0.383179,-1.023071,0.454590,-0.414185,-0.970703,0.269897,-0.275513,-0.734619,0.045776,-0.257812,-0.741699,-0.164185,-0.142212,-0.708984,-0.341431,-0.239380,-0.461792,-0.283325,-0.259644,0.090210,-0.109131,-0.248657,0.669312,0.406860,-0.057861,1.108154,0.922119,0.257568,1.458618,1.320068,0.144653,1.625977,1.531372,0.027588,1.477661,1.952393,0.220825,1.088745,2.097412,0.491821,0.253418,1.823608,0.571655,-0.352173,1.515137,0.487305,-0.712402,1.219360,0.387817,-1.049805,1.042114,0.470459,-1.469238,0.945801,0.556152,-1.651489,0.743164,0.405151,-1.685791,0.368286,0.213989,-1.710938,0.240479,0.173096,-1.482788,0.276489,0.197266,-1.014893,0.245361,0.199585,-0.676392,0.313354,0.138916,-0.407349,0.377808,0.097900,-0.124634,0.462769,0.120972,0.260132,0.604736,0.104248,0.774658,0.886230,0.066772,0.989746,1.191406,0.150635,1.237183,1.313721,0.224731,1.135376,1.312134,0.261597,0.790039,1.411377,0.328003,0.224365,1.485474,0.307129,-0.074341,1.486694,0.333374,-0.267700,1.497070,0.345459,-0.485596,1.339966,0.343994,-0.623291,1.169189,0.353271,-0.750854,1.109253,0.380493,-0.708374,1.103027,0.386841,-0.402710,1.031982,0.243286,-0.131958,0.926880,0.186646,0.081299,0.909180,0.161987,0.146851,0.940186,0.245605,0.113159,0.988403,0.320312,0.052979,1.005493,0.314819,0.085815,0.956909,0.270264,0.116089,0.930664,0.250000,0.163330,0.977661,0.301025,0.118408,1.055176,0.357422,0.065552,1.044800,0.311768,0.132935,0.973633,0.272949,0.149048,0.939087,0.265625,0.134521,0.962402,0.299072,0.123657,0.977417,0.313110,0.132324,1.008667,0.306274,0.152588,0.948120,0.280762,0.123901,0.932983,0.287231,0.090454,0.990479,0.311035,0.067871,1.013672,0.313232,0.069214,1.033691,0.301147,0.102783
0.915161,0.457397,0.271362,0.795654,0.374878,0.318481,0.819702,0.434204,0.343506,0.855835,0.478394,0.262695,0.908447,0.544922,0.246582,0.953491,0.525269,0.262451,0.957520,0.563354,0.234985,0.972900,0.634521,0.185547,1.139404,0.645752,0.227173,1.422241,0.658813,0.262329,1.558105,0.741699,0.280029,1.473389,0.802246,0.212158,1.365601,0.767334,0.172852,1.465210,0.729492,0.216309,1.522217,0.727661,0.206299,1.284668,0.560059,0.200562,0.904297,0.487305,0.130615,0.672119,0.484497,0.021606,0.541016,0.488647,-0.101562,0.250488,0.395874,-0.126587,0.000000,0.367065,0.026733,-0.191772,0.270996,0.119141,-0.323975,0.202637,0.139038,-0.526855,0.004028,0.308228,-0.635620,-0.418091,0.593506,-0.455566,-0.605347,0.859741,-0.224976,-0.599487,0.647461,0.001831,-0.651001,-0.022095,0.409058,-0.758423,-0.330566,1.718872,-0.290405,-0.880127,1.932495,0.264038,-2.273193,1.513916,0.217896,-2.213867,1.529541,0.301758,-1.962891,1.556030,0.284058,-1.831909,1.617798,0.391113,-2.025635,1.514038,0.441284,-2.249390,0.991577,0.241821,-2.393799,0.742188,0.191040,-2.089966,0.605225,0.105957,-1.705688,0.531372,-0.042603,-1.520630,0.285278,-0.162964,-1.469849,-0.091675,-0.528931,-1.244141,-0.214478,-0.504028,-0.650146,-0.307129,-0.264282,-0.366089,-0.292236,-0.238159,-0.161377,-0.134888,-0.335693,0.233643,-0.001465,-0.299927,0.774048,0.503052,-0.094971,1.647339,1.072632,-0.000610,1.721313,1.617554,0.190674,1.053101,1.835938,0.271729,0.557617,1.811157,0.332397,-0.123535,1.891724,0.537231,-0.844360,1.887573,0.817017,-1.297607,1.524902,0.659546,-1.885864,0.641235,0.463745,-2.326294,0.464233,0.561768,-2.094360,0.324951,0.584229,-1.760986,0.099609,0.448730,-1.440674,-0.048218,0.316650,-1.234131,-0.157837,0.194580,-0.956055,-0.195679,0.238403,-0.661865,-0.141479,0.266724,-0.555664,0.048340,0.314087,-0.399658,0.381470,0.208130,-0.188721,0.648560,0.158936,-0.028809,0.937622,0.197021,0.279297,1.158813,0.309204,0.569824,1.243896,0.303223,0.653076,1.203735,0.164795,0.601318,1.241577,0.278320,0.597290,1.373657,0.464355,0.435425,1.512573,0.409180,0.243652,1.564575,0.403198,-0.093384,1.309570,0.224121,-0.648438,1.396729,0.413208,-1.202026,1.551147,0.518921,-1.194580,1.488525,0.450928,-0.921997,1.195435,0.339478,-0.850952,0.870850,0.314453,-0.871094,0.794800,0.370239,-0.520508,0.888428,0.306396,-0.190063,0.925781,0.306519,-0.091675,0.834473,0.295898,-0.060059,0.756714,0.270630,-0.001709,0.799561,0.289307,0.126465,0.916992,0.303955,0.233276,1.034424,0.322144,0.265137,1.014160,0.330322,0.223267,0.923096,0.330200,0.188965,0.878296,0.338867,0.150146,0.897583,0.340332,0.174316,0.965698,0.346558,0.181763,1.038452,0.356689,0.136230,1.065063,0.392212,0.078857,0.986694,0.344604,0.093018,0.938843,0.331909,0.142212,0.947388,0.306885,0.227173,0.968506,0.318237,0.226685,0.990845,0.359253,0.178223
0.212891,0.798584,-0.621094,0.363770,0.821655,-0.613281,0.393311,0.851196,-0.669434,0.362183,0.872681,-0.775635,0.359741,0.877686,-0.682739,0.405518,0.815552,-0.533569,0.360718,0.703857,-0.526001,0.443481,0.719360,-0.569702,0.257446,0.851562,-0.775024,0.206543,0.711426,-0.857056,0.384399,0.845459,-0.848999,0.214355,1.159912,-0.747803,0.264038,0.899292,-0.822021,-0.219238,0.778198,-0.722412,0.183228,0.873047,-0.951050,0.107910,0.761230,-0.874512,-0.041992,0.578003,-1.132324,0.190430,0.572632,-0.616089,0.179688,0.488525,-1.275513,0.103149,0.027832,-1.098999,0.348511,1.100708,-1.059326,0.329590,0.781860,-1.171875,0.235352,0.845215,-0.772461,0.118286,0.663452,-0.853027,0.121216,0.666748,-0.802734,0.149292,0.526855,-0.481201,-0.033447,0.426880,-0.142822,-0.199585,0.106934,0.433350,-0.147461,-0.347412,0.901489,0.108276,-0.448486,1.038818,-0.021851,-0.543335,0.910400,0.187012,-0.423218,0.467773,0.006836,-0.458862,-0.064941,0.023438,-0.370483,-0.889771,0.266846,0.059326,-2.193848,0.132812,0.374390,-2.823364,-0.197998,0.477417,-2.940430,0.000854,0.626343,-2.977295,0.015381,0.581787,-2.698120,-0.232666,0.345947,-2.361816,-0.535767,0.494141,-2.332397,-0.641113,0.356201,-2.257080,-0.383301,0.125488,-1.638062,-0.407959,-0.108032,-1.110962,-0.580566,-0.294434,-0.781006,-0.665405,-0.194580,-0.448242,-0.655396,-0.134644,-0.355469,-0.584351,-0.126587,-0.238647,-0.472290,-0.146729,-0.010376,-0.319336,-0.129395,0.252319,0.070801,-0.205200,0.469727,0.930176,-0.050049,0.513184,1.286743,0.139404,0.240112,1.612793,0.225586,-0.043579,1.861694,0.349243,-0.436157,1.684448,0.442383,-1.021240,1.145996,0.656250,-1.621704,0.604248,0.851318,-2.104126,0.081665,0.878662,-2.233032,-0.502808,0.819580,-2.180420,-0.721191,0.721436,-2.004272,-0.861084,0.597168,-1.562256,-1.071411,0.379517,-1.249268,-1.041992,0.243286,-0.989380,-0.816284,0.185303,-0.612305,-0.591797,0.185303,-0.383057,-0.548218,0.203125,-0.291992,-0.448486,0.213867,-0.247314,-0.218262,0.180664,-0.252075,0.051758,0.129395,-0.282349,0.487549,0.118896,-0.326416,1.019043,0.160400,-0.389893,1.395630,0.304565,-0.412231,1.526611,0.300049,-0.465210,1.498047,0.338257,-0.528931,1.160522,0.480347,-0.833984,0.491577,0.597168,-1.279541,0.166870,0.724121,-1.519287,0.030151,0.781250,-1.618042,-0.115112,0.768677,-1.618530,-0.230347,0.711670,-1.567017,-0.444580,0.576538,-1.439697,-0.306030,0.474121,-1.192871,-0.057251,0.462036,-0.950073,0.132935,0.433472,-0.799683,0.126343,0.399170,-0.745117,0.035889,0.392090,-0.730469,0.032593,0.364624,-0.706543,0.188110,0.413452,-0.714722,0.267456,0.475586,-0.782227,0.170776,0.506470,-0.937500,0.083984,0.494141,-0.965576,0.017578,0.496704,-0.944336,0.091675,0.501709,-0.880859,0.185425,0.545166,-0.902710,0.186035,0.581299,-0.972412,0.086060,0.358032,-0.937622,0.137329,0.574829,-0.828003,0.112305,0.451538,-0.852661,0.229736,0.529907,-0.859375
0.087158,0.618896,-0.779053,0.109497,0.668091,-0.877319,0.043823,0.602539,-0.868896,0.049438,0.582153,-0.865601,0.028564,0.604614,-0.850342,0.168091,0.670288,-0.860718,0.287354,0.723389,-0.896362,0.277100,0.733887,-0.982422,0.353394,0.832031,-0.988159,0.372681,0.927490,-1.042969,0.619995,0.922119,-1.191650,0.739746,1.069946,-1.519409,0.151367,0.965698,-1.468384,0.106567,0.719727,-1.061890,0.103149,0.800049,-0.657593,0.141479,0.787109,-0.595337,-0.033813,0.842651,-0.722778,-0.097168,0.797729,-0.672119,0.016846,0.739136,-0.479858,0.030640,0.698608,-0.323853,0.076904,0.624756,-0.197998,0.015381,0.590454,-0.199219,-0.049072,0.460327,-0.109253,-0.109131,0.227417,0.130615,-0.016113,-0.036865,0.442261,0.078857,-0.191650,0.711060,0.087769,-0.455322,0.907715,0.056885,-0.715210,0.669189,-0.042114,-0.726807,0.257202,0.625977,-0.358521,-0.349365,0.899292,0.066772,-1.157837,0.400879,0.226562,-1.817871,0.223877,0.661987,-2.459351,0.393433,1.120483,-3.026855,0.307495,1.180298,-2.879150,0.082275,0.996216,-2.455566,-0.068359,0.973389,-2.353760,-0.182617,0.887207,-2.204590,-0.068237,0.696045,-1.867065,-0.059814,0.453857,-1.541992,-0.150513,0.164551,-1.182251,-0.221436,0.125366,-0.997925,-0.406616,0.110962,-1.046509,-0.699219,-0.063965,-1.162598,-0.583862,-0.216431,-0.891602,-0.308350,-0.147949,-0.455688,-0.483521,-0.126953,-0.188965,-0.382568,-0.119995,-0.045410,0.135986,0.034424,0.161377,0.591675,0.105103,0.432251,1.041504,0.145996,0.522339,1.574097,0.214844,0.484741,1.872192,0.431152,0.306152,1.893066,0.671753,-0.081055,1.411377,0.834717,-0.816650,1.108276,0.874268,-1.183105,0.556885,1.001709,-1.659912,-0.024292,1.070068,-1.963501,-0.110474,1.046387,-2.029663,-0.204224,0.845093,-1.757568,-0.719604,0.446411,-1.518311,-1.004761,0.349609,-1.412109,-0.868530,0.325562,-1.122314,-0.857666,0.291748,-0.971558,-0.908447,0.281372,-0.937256,-0.647217,0.213135,-0.707031,-0.317871,0.222046,-0.499268,0.007202,0.235229,-0.354858,0.423462,0.301270,-0.272949,0.599854,0.313843,-0.301636,0.895630,0.400513,-0.229614,1.289795,0.511353,-0.026855,1.388672,0.514648,0.072998,1.311646,0.500732,0.070801,1.207764,0.613525,-0.190796,1.092651,0.753418,-0.569946,1.022705,0.819214,-0.893066,0.774536,0.675781,-0.959351,0.328491,0.489380,-1.124023,0.077026,0.629639,-1.427734,-0.011597,0.644287,-1.586792,-0.101807,0.604126,-1.557983,-0.177124,0.453247,-1.340332,-0.167725,0.364014,-1.176514,-0.102905,0.382080,-1.055786,-0.032227,0.383911,-0.939087,0.023193,0.388306,-0.892456,0.071045,0.393921,-0.859009,0.122192,0.406616,-0.842285,0.143555,0.466919,-0.931885,0.201416,0.503540,-0.988770,0.268555,0.481689,-0.952271,0.304199,0.469482,-0.919922,0.271851,0.467041,-0.887085,0.258667,0.498657,-0.892944,0.256226,0.506226,-0.876709,0.281494,0.501221,-0.854248,0.268799,0.486816,-0.843018,0.244141,0.498901,-0.874512,0.246826,0.514160,-0.905029
0.917847,0.290039,0.368530,0.951294,0.326172,0.374634,0.947876,0.402466,0.247559,0.912842,0.440552,0.231689,0.916626,0.430054,0.223389,0.998535,0.370117,0.341553,1.029053,0.385010,0.301636,1.053223,0.447021,0.265381,0.947876,0.490112,0.199829,0.818115,0.474731,0.174683,0.747314,0.455566,0.071899,1.221680,0.607178,0.167480,1.620239,0.661621,0.171143,1.265991,0.689697,0.042236,1.300293,0.718384,-0.014160,1.465942,0.790161,-0.253662,1.559814,0.921875,-0.466919,1.208862,0.796875,-0.478760,0.835327,0.743286,-0.508057,0.650879,0.737549,-0.518921,0.444824,0.615234,-0.413940,0.200928,0.536011,-0.281616,-0.066040,0.369873,-0.064209,-0.170044,0.148560,0.180420,-0.164795,-0.013428,0.399536,-0.051758,-0.234619,0.715088,0.035156,-0.388428,0.899414,0.041260,-0.651245,0.765625,0.066406,-0.621704,0.362915,0.316650,-0.514160,-0.100464,0.695312,0.155884,-1.481445,0.301025,0.485352,-2.371704,0.004272,0.479614,-2.374023,0.235596,0.789185,-2.392456,0.216797,0.922363,-2.557007,0.178467,0.994995,-2.624146,-0.393066,0.768799,-2.617432,-0.812988,0.633179,-2.628540,-0.480469,0.642456,-2.335327,-0.283569,0.337158,-1.692383,-0.495972,0.022095,-1.317871,-0.718140,-0.277222,-0.969849,-0.653687,-0.184570,-0.703613,-0.677124,-0.151733,-0.528442,-0.720947,-0.164917,-0.283691,-0.494629,-0.237549,-0.000122,-0.285400,-0.248779,0.281128,0.336548,-0.275024,0.565063,0.956787,-0.109741,0.602051,1.230469,-0.034790,0.458740,1.668823,0.239258,0.119507,1.756836,0.330322,-0.241211,1.667114,0.337646,-0.666504,1.405762,0.524048,-1.205566,1.080322,0.723267,-1.694580,0.837280,0.815308,-1.963867,0.343994,0.597046,-1.840210,-0.304077,0.424561,-1.829712,-0.531860,0.598022,-1.964966,-0.454834,0.640381,-1.857422,-0.669312,0.354736,-1.606079,-1.362915,-0.010010,-1.322510,-0.966187,0.197754,-1.144043,-0.705444,0.268921,-0.923340,-0.764404,0.148560,-0.697876,-0.665405,0.141602,-0.593262,-0.543457,0.143799,-0.449707,-0.121460,0.174072,-0.243408,0.361938,0.197510,-0.251831,0.727051,0.140503,-0.298706,1.136108,0.249268,-0.306396,1.426514,0.366211,-0.248535,1.564575,0.442017,-0.183105,1.573730,0.350952,-0.174194,1.370361,0.383179,-0.559692,0.801147,0.368774,-0.928833,0.840820,0.456665,-0.980591,0.891724,0.523926,-1.155151,0.891968,0.528809,-1.340698,0.546021,0.360596,-1.312744,-0.026245,0.256836,-1.348145,0.466431,0.427124,-1.197510,0.540527,0.362793,-1.134888,0.570068,0.288086,-1.066650,0.720093,0.221680,-0.879150,0.593628,0.149048,-0.842407,0.613403,0.207397,-0.816528,0.781860,0.249634,-0.773438,0.835571,0.213623,-0.693237,0.904419,0.204224,-0.562500,0.881104,0.173950,-0.520508,0.805664,0.217285,-0.578247,0.836182,0.259888,-0.574951,0.837158,0.257202,-0.496704,0.869263,0.228760,-0.416260,0.878418,0.224487,-0.429077,0.868408,0.261475,-0.495483,0.885132,0.285278,-0.494873,0.931885,0.228271,-0.403809,0.936035,0.218262,-0.431641
0.763550,0.149292,-0.249878,0.749268,0.301025,-0.434326,0.925903,0.533081,-0.569336,0.810181,0.471924,-0.548828,0.738647,0.416748,-0.533447,0.891113,0.469604,-0.559814,0.829468,0.439209,-0.593018,0.855835,0.533447,-0.614990,0.904663,0.545654,-0.696411,0.841553,0.620239,-0.688477,0.803955,0.668457,-0.911255,1.192749,0.520142,-0.855835,1.216187,0.469360,-0.743652,1.351562,0.658081,-0.807251,1.196045,0.782471,-0.999634,1.272095,0.698242,-0.918579,1.271606,0.555908,-0.713623,1.152100,0.644531,-0.867432,0.771606,0.646973,-0.974243,0.555176,0.486694,-0.732300,0.466797,0.329468,-0.474365,0.214111,0.156494,-0.188477,-0.076660,-0.122925,0.211792,-0.335083,-0.402710,0.698730,-0.455688,-0.677856,1.206177,-0.394287,-0.844238,1.328369,-0.324097,-0.961914,0.992065,-0.228027,-0.928589,0.533081,0.069458,-0.953003,-0.098511,0.941162,-0.492065,-1.358154,1.033813,0.149170,-2.706543,0.817749,0.431763,-3.145630,0.605469,0.534424,-3.112427,0.559692,0.682739,-3.232300,0.365967,0.712280,-3.183594,0.288086,0.587158,-2.917969,0.052979,0.231445,-2.350220,0.002808,0.033325,-1.942017,0.089966,-0.052124,-1.466919,-0.307495,-0.158569,-1.269775,-0.904541,-0.412109,-1.255005,-0.960815,-0.622070,-0.703979,-0.606567,-0.580322,-0.159058,-0.369629,-0.563110,0.400146,0.168823,-0.392700,0.575073,0.837158,-0.085938,0.814331,1.473389,0.050537,1.092896,2.094971,0.034668,1.131836,2.517700,0.310425,0.433472,2.275635,0.412476,-0.103638,1.466797,0.461060,-0.795410,0.869385,0.524170,-1.392578,0.511230,0.657959,-1.771240,-0.292236,0.614014,-2.154785,-0.871582,0.595947,-2.375610,-0.906006,0.586060,-2.303223,-0.958862,0.414795,-1.997437,-0.915649,0.201172,-1.720703,-0.656738,0.088989,-1.358643,-0.383911,0.001587,-0.852539,-0.261963,0.036621,-0.600464,-0.190063,0.094849,-0.480469,0.010498,0.146240,-0.383667,0.241943,0.157471,-0.253296,0.700562,0.172119,-0.077515,1.096436,0.282593,0.150269,1.413574,0.359863,0.359009,1.433838,0.333740,0.474487,1.432617,0.419922,0.293823,1.284912,0.583374,-0.165039,1.054688,0.618164,-0.594971,0.909302,0.529175,-0.779541,0.875122,0.482300,-1.235596,0.849854,0.553467,-1.564331,0.831055,0.568848,-1.560547,0.659424,0.459961,-1.320190,0.574219,0.385010,-1.199463,0.604370,0.330933,-1.125732,0.626099,0.341919,-1.021851,0.598633,0.333130,-0.803223,0.596802,0.273682,-0.550781,0.640503,0.242798,-0.463501,0.739014,0.296875,-0.535889,0.797485,0.343750,-0.527832,0.811279,0.288818,-0.415405,0.807861,0.260498,-0.353394,0.847534,0.326782,-0.447754,0.951172,0.383667,-0.547729,1.008423,0.374756,-0.539429,1.005615,0.346069,-0.457397,0.916870,0.313721,-0.406860,0.922485,0.307861,-0.377563,0.965088,0.333862,-0.393066,0.976562,0.333374,-0.380981,0.906982,0.289062,-0.331909,0.840210,0.278931,-0.347168,0.858643,0.295654,-0.390503,0.899048,0.303833,-0.376587,0.907104,0.293579,-0.357666,0.894775,0.307129,-0.391724
0.697021,0.482910,-0.490845,0.708130,0.393555,-0.338257,0.947754,0.458374,-0.260498,0.851074,0.434570,-0.324219,0.867432,0.567139,-0.472290,0.800293,0.536133,-0.448486,0.881714,0.461548,-0.432983,0.802368,0.464111,-0.386841,0.782349,0.462646,-0.390991,0.882202,0.548828,-0.387573,0.995972,0.642578,-0.524536,0.950562,0.659180,-0.668091,1.006714,0.637817,-0.757446,1.274902,0.781006,-1.003540,1.283325,0.845459,-1.054932,1.292847,0.772217,-0.880371,1.412231,0.722534,-0.845215,1.383179,0.686523,-0.915649,1.182007,0.548950,-0.761963,0.906128,0.465698,-0.469238,0.739380,0.510864,-0.487671,0.505981,0.399170,-0.465210,0.228638,0.281250,-0.268066,0.050659,0.149902,0.001831,-0.238892,-0.135498,0.365234,-0.455322,-0.410767,0.757568,-0.440796,-0.717163,1.230957,-0.273682,-0.941406,1.384399,-0.141357,-1.036743,1.014771,0.046265,-0.909546,0.370972,0.471436,-0.751465,-0.576172,1.080322,-0.324585,-1.526611,1.286255,0.176758,-2.521118,1.347290,0.624634,-2.973877,1.261475,0.846436,-3.056885,0.801147,0.964600,-3.248535,0.369385,0.937012,-3.171387,0.150635,0.716431,-2.719604,0.236572,0.430908,-2.046143,0.244751,0.222046,-1.586182,0.139038,0.123169,-1.357910,-0.101562,-0.050415,-1.128784,-0.281860,-0.227661,-1.001343,-0.348022,-0.185425,-0.749023,-0.339722,-0.258423,-0.430542,-0.379761,-0.369995,0.065674,-0.349243,-0.405640,0.527954,-0.126953,-0.167236,0.876099,0.191650,-0.132935,0.857300,0.766357,-0.149048,0.737915,1.513062,-0.019897,0.535400,1.966919,0.174561,0.265869,2.191650,0.575195,-0.563477,2.021729,0.707275,-1.021973,1.548218,0.680786,-1.194946,0.917725,0.860962,-1.698608,0.198120,0.944580,-2.292114,-0.090698,0.948364,-2.297607,-0.174072,0.750610,-1.765747,-0.432007,0.456665,-1.558960,-0.629761,0.268921,-1.442749,-0.550415,0.130981,-1.052734,-0.480713,0.043579,-0.714233,-0.476196,0.038330,-0.561523,-0.330078,0.068481,-0.463623,-0.074341,0.176514,-0.361450,0.182129,0.281250,-0.338257,0.477417,0.276978,-0.279907,0.810547,0.257446,-0.223389,1.344238,0.380493,-0.154663,1.594482,0.536011,-0.113159,1.609985,0.543945,-0.003662,1.425293,0.466431,-0.128906,1.180664,0.418213,-0.389893,1.012573,0.400879,-0.575317,0.896606,0.431396,-0.981079,0.693848,0.401489,-1.409180,0.543823,0.342407,-1.385132,0.545044,0.357666,-1.432495,0.674927,0.344727,-1.390137,0.644165,0.299438,-1.245361,0.718628,0.215942,-0.973145,0.777954,0.147217,-0.733032,0.816284,0.195068,-0.653564,0.811890,0.208008,-0.583374,0.891602,0.186035,-0.449707,0.923462,0.170532,-0.353394,0.950439,0.172119,-0.314941,0.956177,0.221680,-0.353760,0.950562,0.258179,-0.386230,0.950806,0.234009,-0.338867,0.910156,0.224854,-0.318115,0.917480,0.232910,-0.314453,0.953247,0.261230,-0.339600,0.963379,0.259888,-0.338867,1.010864,0.233276,-0.298584,0.965820,0.211182,-0.316040,0.921021,0.234131,-0.361572,0.929565,0.243774,-0.382080,0.957275,0.242188,-0.356812
0.871338,0.495728,-0.573853,0.857300,0.462891,-0.492554,0.827637,0.449707,-0.532471,0.892944,0.530151,-0.573853,0.872925,0.525391,-0.529785,0.907104,0.556274,-0.516479,0.901123,0.601685,-0.602295,0.908813,0.656982,-0.675171,0.972290,0.656494,-0.646729,1.035645,0.766602,-0.695435,1.072144,0.793213,-0.803955,1.094604,0.770020,-0.926880,1.054321,0.718628,-0.843872,1.025269,0.772705,-0.825928,1.110352,0.813599,-0.710205,1.056274,0.676025,-0.580933,0.817993,0.618042,-0.505493,0.639282,0.480591,-0.335327,0.571411,0.447754,-0.161743,0.471069,0.358887,0.026978,0.210938,0.232422,0.251953,0.008423,0.135254,0.503296,-0.189453,0.010864,0.623901,-0.373657,-0.137695,0.702271,-0.373535,-0.302734,0.747559,-0.315308,-0.549194,0.883301,-0.015259,-0.837891,0.855957,0.106323,-0.964722,0.394287,0.601929,-0.854126,-0.614502,1.305054,-0.060425,-1.936768,1.167847,0.417847,-2.854248,0.791870,0.402710,-2.421387,1.010010,0.590942,-2.400024,1.049927,0.881836,-2.774902,0.672119,0.886475,-2.915161,0.187622,0.721313,-2.752441,0.336182,0.611694,-2.365967,0.401367,0.309082,-1.708984,0.278564,0.221924,-1.477295,0.216797,0.135986,-1.397583,0.082397,-0.191040,-1.199951,-0.080933,-0.213745,-1.066162,-0.097900,-0.179565,-0.689331,-0.271240,-0.226929,-0.240234,-0.352173,-0.208130,-0.109497,-0.206543,-0.192261,0.151489,-0.044067,-0.121338,0.462646,0.172363,-0.113770,0.728149,0.606201,-0.217529,1.192261,1.240479,-0.059570,1.045532,1.732788,0.364990,0.503052,1.780273,0.676636,-0.132324,1.824829,0.795654,-0.455444,1.893921,0.979980,-0.913818,1.509399,1.061157,-1.613525,1.015259,0.816406,-1.758057,0.182373,0.530518,-1.958374,0.028198,0.471436,-1.638550,0.115967,0.393921,-1.342529,-0.106689,0.322632,-1.478516,-0.309692,0.177124,-1.549316,-0.318970,0.059814,-1.334351,-0.250366,0.060669,-1.006592,-0.297241,0.119263,-0.889038,-0.297852,0.134521,-0.810791,-0.071533,0.186890,-0.646729,0.080322,0.252075,-0.483398,0.167114,0.289795,-0.302246,0.494873,0.244751,-0.160278,1.046753,0.302856,0.119995,1.455566,0.455688,0.358276,1.372925,0.482544,0.487793,1.180664,0.404663,0.449463,1.213135,0.385742,0.194458,1.374268,0.510864,-0.113037,1.260132,0.505371,-0.490723,1.184814,0.454712,-0.836548,1.279541,0.493408,-0.969971,1.242554,0.415649,-1.129395,1.172485,0.391479,-1.244263,1.098999,0.385132,-1.196045,1.028320,0.231812,-0.886719,0.949585,0.078125,-0.546509,0.792847,0.085693,-0.403687,0.753174,0.088257,-0.338257,0.786377,0.144409,-0.365234,0.942749,0.228638,-0.374756,0.964233,0.199219,-0.167114,0.891479,0.231934,-0.133545,0.951172,0.235718,-0.198120,1.009399,0.275757,-0.300049,0.994141,0.320801,-0.378662,0.914185,0.297363,-0.348633,0.925903,0.254150,-0.285278,0.980713,0.263184,-0.296387,1.040527,0.282715,-0.333130,1.011841,0.294067,-0.358276,0.921387,0.273926,-0.356689,0.894165,0.234375,-0.318237,0.995605,0.250977,-0.306641
0.867065,0.372803,-0.441895,0.823242,0.437012,-0.542358,0.775757,0.372070,-0.530273,0.900269,0.380981,-0.476440,0.927856,0.432129,-0.558594,0.969482,0.418945,-0.546997,1.036011,0.495972,-0.579712,1.005127,0.523071,-0.643188,0.978516,0.490845,-0.721802,1.111084,0.391968,-0.942139,1.016968,0.860596,-0.953369,0.865845,0.705444,-1.091553,0.963623,0.848267,-1.364014,1.112427,0.858887,-1.416260,0.944336,0.704224,-1.137695,0.795532,0.518188,-0.779053,0.722168,0.596924,-0.761108,0.591919,0.471558,-0.655029,0.333252,0.390259,-0.542603,0.188477,0.304199,-0.357910,0.092285,0.221924,-0.117310,0.017212,0.141846,0.168823,-0.040283,-0.007202,0.613770,-0.100098,-0.377441,1.023071,-0.143921,-0.613037,1.011597,-0.091187,-0.727783,1.031372,0.052856,-0.790283,0.766724,0.154907,-0.812134,0.351562,0.380615,-0.843872,-0.488403,1.140991,-0.088013,-2.584229,0.162354,0.584351,-3.528320,-0.270508,0.218994,-2.855103,0.250854,0.387451,-2.784058,0.140015,0.536743,-3.077271,-0.355225,0.551514,-3.077148,-0.397705,0.302124,-2.642700,-0.276367,0.183350,-2.299194,-0.197388,-0.080444,-1.773560,-0.195801,-0.174561,-1.400513,-0.250244,-0.301880,-1.049683,-0.265503,-0.460327,-0.579712,-0.208008,-0.484375,-0.183960,-0.231934,-0.285522,0.116821,-0.198120,-0.201294,0.271973,0.092896,-0.129272,0.330566,0.507202,-0.052612,0.479248,1.099731,0.107300,0.375977,1.464600,0.451782,0.091064,1.728149,0.574341,-0.280518,1.713623,0.581299,-0.742798,1.521851,0.665649,-1.249390,0.741943,0.537720,-1.637939,-0.021729,0.428101,-1.707520,-0.316284,0.417603,-1.735596,-0.775391,0.415283,-1.921265,-1.102295,0.287964,-1.960327,-1.418823,0.322144,-1.974609,-1.380005,0.047485,-1.721802,-1.118896,0.041260,-1.451416,-0.829346,-0.080322,-1.020386,-0.549805,-0.123535,-0.569580,-0.411377,-0.102783,-0.422363,-0.288940,-0.112549,-0.322510,-0.084106,-0.004517,-0.222290,0.266968,0.110840,-0.258667,0.511475,0.243774,-0.358521,0.689819,0.320801,-0.458008,0.960205,0.535889,-0.353638,1.180542,0.693848,-0.287476,1.228882,0.649048,-0.283447,1.057983,0.643311,-0.514404,0.254517,0.670532,-1.151855,-0.805298,0.596191,-1.423584,-0.716187,0.596558,-1.553101,-0.709351,0.400024,-1.451050,-1.009277,0.263428,-1.420044,-1.077515,0.258423,-1.397583,-0.960327,0.150757,-1.228638,-0.666138,0.079224,-1.052856,-0.252075,0.138794,-1.004395,-0.165161,0.145020,-0.941406,-0.173706,0.183716,-0.925171,-0.229858,0.175781,-0.940674,-0.220337,0.203979,-0.930420,-0.169678,0.216064,-0.900269,-0.135864,0.256226,-0.936157,-0.223022,0.288696,-1.003418,-0.266479,0.284668,-0.983765,-0.217163,0.282715,-0.913574,-0.184204,0.280029,-0.858398,-0.187988,0.285156,-0.878784,-0.188110,0.316895,-0.964966,-0.153931,0.320190,-1.009033,-0.111206,0.309082,-0.970093,-0.102539,0.272583,-0.900513,-0.160400,0.281982,-0.938110,-0.216064,0.323608,-1.048584,-0.177490,0.333374,-1.085449,-0.154663,0.298950,-1.016235,-0.141113,0.270020,-0.921143
0.877319,0.286255,0.031860,0.976196,0.382568,-0.094482,0.989258,0.488037,-0.147827,1.019653,0.477539,-0.136719,1.083374,0.486084,-0.136475,1.121338,0.422363,-0.053833,1.109253,0.449341,-0.094849,1.091064,0.442261,-0.074219,1.273315,0.479492,-0.027466,1.203369,0.448975,-0.073242,1.243774,0.469116,-0.234497,1.597290,0.293823,-0.353516,1.599731,0.275757,-0.216919,1.361572,0.440552,-0.036865,1.114014,0.642822,-0.172974,0.725708,0.752075,-0.403320,0.548218,0.754150,-0.534424,0.577515,0.775024,-0.512695,0.394165,0.790283,-0.564941,0.177612,0.757080,-0.563354,0.056763,0.631714,-0.476685,-0.064331,0.407471,-0.101929,-0.150635,0.118042,0.541992,-0.284668,-0.221680,1.089722,-0.380981,-0.517334,1.264893,-0.197021,-0.642090,1.005127,0.131592,-0.819824,0.755615,0.390015,-0.980103,0.127930,1.082275,-0.432251,-1.071411,0.947388,0.016968,-2.031494,0.700684,-0.011475,-2.321899,0.683350,0.254883,-2.617188,0.517456,0.452271,-2.865234,0.444702,0.578125,-2.994751,0.294556,0.649048,-3.080811,0.249023,0.370605,-2.521851,0.324585,0.235840,-2.010132,0.222046,0.132812,-1.885742,0.183472,0.019775,-1.488281,0.213501,-0.039429,-1.189087,0.105957,-0.103149,-1.041382,-0.073242,-0.291748,-0.805542,-0.061035,-0.302246,-0.506226,-0.212646,-0.291748,-0.155640,-0.284912,-0.178101,0.146362,-0.222168,-0.205688,0.422363,-0.089844,0.032593,0.710327,0.190552,0.122803,0.732300,0.682617,0.109253,0.677979,1.514160,0.255981,0.124634,2.053833,0.649536,-0.388184,2.083008,0.793091,-0.674561,1.876099,0.739380,-0.807373,1.558960,0.724487,-1.112549,0.908569,0.658447,-1.484497,-0.004395,0.594971,-1.806641,-0.218018,0.514648,-1.850098,-0.294189,0.458618,-1.854492,-0.320435,0.378296,-1.704834,-0.507202,0.168579,-1.486938,-0.633789,0.062866,-1.389282,-0.432983,0.081787,-1.245117,-0.277588,0.087280,-0.981201,-0.150024,0.087158,-0.713013,-0.016113,0.106689,-0.583374,0.144287,0.106689,-0.409790,0.395996,0.232300,-0.019897,0.725708,0.281128,0.251099,1.009766,0.346191,0.297852,1.227905,0.330078,0.213745,1.267944,0.267944,0.211426,1.409790,0.281494,0.028564,1.507568,0.302246,-0.243896,1.370605,0.271973,-0.442505,1.148560,0.339233,-0.877319,0.922852,0.434448,-1.368164,0.901245,0.541748,-1.431030,1.022583,0.403320,-1.276855,0.954712,0.401978,-0.826660,0.836670,0.257812,-0.605591,0.817993,0.234741,-0.623779,0.873779,0.232056,-0.556641,0.898682,0.176636,-0.417236,0.928955,0.126709,-0.275024,0.953491,0.133423,-0.259766,1.001709,0.188599,-0.314453,1.013916,0.260254,-0.391357,0.960815,0.242310,-0.367798,0.898682,0.199463,-0.249634,0.885620,0.203003,-0.187012,0.931152,0.239258,-0.260254,0.986084,0.290894,-0.295166,1.027100,0.247192,-0.221191,1.007568,0.193970,-0.168823,1.010254,0.214844,-0.199219,0.992554,0.241699,-0.261597,1.032471,0.263062,-0.242310,1.014771,0.255737,-0.239624,0.980469,0.224854,-0.224854,0.946655,0.228638,-0.242432
0.969971,0.321777,-0.083984,0.899414,0.254395,0.032959,0.941406,0.219971,0.089355,1.013672,0.324829,-0.051147,1.010498,0.387085,-0.150879,1.133179,0.343384,-0.067017,1.224731,0.270386,-0.021851,1.147705,0.299072,-0.084717,1.232300,0.479980,-0.251831,1.281616,0.561646,-0.510132,1.154907,0.587280,-0.505005,1.436157,0.512451,-0.345337,1.462280,0.508667,-0.297241,1.457520,0.655396,-0.597900,1.343384,0.721069,-0.723511,1.259155,0.506836,-0.506470,1.102539,0.425781,-0.257080,0.950562,0.475220,-0.278564,0.750244,0.504761,-0.344849,0.476318,0.414795,-0.258789,0.478149,0.222534,-0.084229,0.430664,0.220703,0.192505,0.229614,0.036377,0.670654,-0.152466,-0.190308,0.882812,-0.572021,-0.389160,0.819214,-0.402588,-0.527222,0.882690,-0.124878,-0.719482,0.801392,0.218994,-0.771973,0.449341,0.502808,-0.682739,-0.177368,0.542969,-0.639404,-0.855469,0.829346,-0.157837,-2.189941,0.840942,0.212036,-2.778564,0.881348,0.156372,-2.839233,0.671753,0.333008,-2.999878,0.525879,0.411743,-3.105591,0.383057,0.408081,-3.125366,0.439087,0.366089,-2.661621,0.421021,0.055176,-2.054565,0.425415,-0.040527,-1.569824,0.382935,-0.128418,-1.314941,0.334961,-0.145386,-1.146240,0.172363,-0.278076,-0.910645,-0.059692,-0.414062,-0.738647,-0.042114,-0.453003,-0.484741,-0.030518,-0.366211,0.054810,-0.074707,-0.217651,0.318359,0.024048,-0.114014,0.532227,0.345459,0.092529,0.834229,0.639404,0.219727,0.945190,0.903320,0.458740,1.016602,1.418579,0.780518,0.578857,1.585693,0.870972,-0.050781,1.466553,0.929321,-0.755005,1.132324,1.044922,-1.413818,0.826904,1.004150,-1.711670,0.235840,0.773071,-1.973145,-0.064697,0.551392,-2.049194,-0.357178,0.441650,-1.888550,-0.532104,0.403442,-1.815308,-0.567139,0.226562,-1.603149,-0.525146,0.052368,-1.310547,-0.519775,-0.033203,-1.011597,-0.547119,0.016113,-0.909546,-0.509277,0.046143,-0.872925,-0.265137,0.094116,-0.755371,-0.134033,0.127808,-0.617188,0.033936,0.210815,-0.464111,0.265869,0.264648,-0.214478,0.381348,0.193237,-0.052612,0.776855,0.233521,-0.001221,1.385254,0.483276,0.273315,1.560181,0.509766,0.541138,1.465088,0.379395,0.395386,1.568848,0.525513,0.130981,1.499512,0.623169,-0.197754,1.301392,0.604126,-0.569824,1.126587,0.630493,-0.943848,0.967773,0.558594,-1.181885,0.796631,0.470581,-1.261475,0.825195,0.394775,-1.165771,0.851562,0.255737,-1.060669,0.772705,0.239380,-1.014282,0.741455,0.196289,-0.888794,0.794189,0.172974,-0.744263,0.848633,0.176025,-0.618286,0.835693,0.198242,-0.580078,0.837280,0.188354,-0.523071,0.898804,0.166626,-0.413818,1.006470,0.191284,-0.333252,1.020508,0.216675,-0.317871,0.952393,0.241699,-0.313110,0.880249,0.248047,-0.305908,0.875488,0.254395,-0.273438,0.902344,0.252441,-0.236450,0.949951,0.256592,-0.213257,0.959351,0.260864,-0.198730,0.966797,0.254761,-0.215820,0.991699,0.260986,-0.247803,1.012085,0.265503,-0.272827,1.004639,0.253052,-0.261353
