0.160767,0.794556,0.526978,0.035400,0.861816,0.678711,0.113770,0.794556,0.777710,0.180786,0.857666,0.932495,-0.000732,0.846069,0.803467,0.180054,0.874756,0.536011,0.275146,0.972900,0.425049,0.340454,0.593872,0.413818,0.241821,0.912109,0.867798,0.345581,0.940063,0.624023,-0.004517,0.904297,0.279907,-0.025024,0.963623,0.818604,0.083496,0.824097,0.946899,0.231689,0.840454,0.991577,0.112061,0.870728,0.921509,0.003784,0.726685,0.174194,-0.047852,0.708496,-0.651978,-0.340332,0.736816,-1.021851,-0.391479,0.734985,-1.062988,-0.544556,0.486572,-0.623779,-0.558105,0.229248,-0.656250,-0.407104,-0.101685,-0.616089,-0.429077,-0.430176,-0.063599,-0.475220,-0.301025,0.762573,-0.163940,-0.034790,2.031982,0.319458,-0.024414,2.635864,0.270386,-0.009644,2.866211,0.093994,-0.023560,2.546753,-0.018799,0.126709,2.037598,0.025391,0.057861,2.024658,-0.105835,0.219482,2.008545,-0.034912,0.230347,1.888184,0.128296,0.068481,0.961914,-0.050659,0.130493,0.264526,0.045776,0.433472,-0.192505,0.273315,0.565674,0.015015,0.312866,0.508789,0.223022,0.436035,0.459839,0.111206,0.540527,0.378174,0.167969,0.346313,0.361084,-0.126343,0.479980,0.253174,-0.482544,0.457886,0.064697,-0.708374,-0.338257,-0.033325,0.117920,-0.477051,-0.092773,0.763550,-0.792114,0.032104,0.851562,-1.388672,0.355225,2.002197,-0.815063,0.244873,1.948120,-1.345581,0.414062,1.127563,-1.541626,0.575684,1.434692,-1.315308,0.444702,1.534546,-1.426147,0.476685,0.952515,-1.309204,0.419189,0.504028,-0.798584,0.348877,0.466187,-0.511353,0.309082,0.643921,-0.190918,0.193970,0.589844,0.328247,0.086670,0.414673,0.912109,0.130127,0.687012,0.962524,0.171753,1.161377,0.948486,0.151611,1.287354,1.174072,0.026001,1.192139,1.331421,0.051392,1.187866,1.729126,-0.182373,1.223145,0.387695,-0.076416,0.830933,-0.518799,0.118408,0.522949,-0.676392,0.394409,0.529053,-0.689941,0.485474,0.564697,-0.865723,0.585938,0.615723,-0.953247,0.625610,0.888672,-0.609863,0.626587,0.870728,-0.474976,0.646973,0.749756,-0.425537,0.671021,0.739258,-0.198608,0.627197,0.808594,-0.120117,0.617188,0.895142,-0.006592,0.602051,1.071655,-0.032715,0.587402,0.883667,0.007080,0.560791,0.756470,-0.059692,0.550415,0.726685,-0.076172,0.535034,0.792114,-0.109619,0.559692,0.889771,-0.045166,0.536865,0.800659,-0.083252,0.539917,0.739014,-0.049438,0.553345,0.763306,-0.073730,0.579468,0.810059,-0.031494,0.594971,0.884399,-0.032104,0.591309,0.873047,0.000122,0.585083,0.792114,-0.034912,0.604004,0.729492,-0.022583,0.615234,0.762085,-0.043457,0.613159,0.797729,-0.064087,0.596313,0.806885,-0.093140,0.580200,0.779785,-0.117188,0.582031,0.815308,-0.092407,0.576172,0.854370,-0.092285,0.578369,0.842651,-0.085449,0.583984,0.854126,-0.069946,0.584717,0.783569,-0.075317,0.588745,0.799316,-0.092896,0.593750,0.824341,-0.075928,0.587524,0.797607,-0.086060,0.595215,0.789307
0.204468,0.786743,0.786255,0.059692,0.827637,0.792725,0.131470,0.778687,0.694092,0.213501,0.816284,0.900391,0.175415,0.803101,0.645752,0.167358,0.762939,0.648682,0.305298,0.882935,0.557983,0.142090,0.709717,0.899292,0.025513,0.861816,0.846924,-0.039795,0.891357,0.419312,0.090454,0.851807,0.499268,-0.001099,0.814941,0.854614,-0.145630,0.835449,1.059937,-0.214233,0.856079,1.461792,-0.172607,0.757324,0.943970,-0.104614,0.751343,0.237305,-0.144287,0.824463,0.363770,-0.242432,0.912476,0.509888,-0.320435,0.837280,-0.169189,-0.257690,0.882812,-0.338501,0.075806,0.760620,-0.408325,0.067261,0.718018,-0.570923,-0.089111,0.533203,-0.838745,-0.581909,0.326538,-0.906494,-0.824829,0.019775,-0.251099,-0.563965,-0.176514,0.088501,-0.603394,-0.242920,0.237671,-0.482544,-0.326050,0.809326,0.259399,-0.175049,1.966431,0.807251,-0.148560,2.171875,0.396851,-0.048340,1.755981,0.223022,0.050415,2.056641,0.334106,0.048706,2.750854,0.811523,0.015259,2.931519,0.937866,-0.043579,2.645996,0.499756,-0.156494,2.012085,0.195679,-0.207397,1.394043,0.092773,-0.168335,0.560181,0.206177,0.182739,0.157837,0.232910,0.234497,-0.089111,0.072876,0.304688,-0.311646,0.013550,0.419189,-0.343994,0.363403,0.366821,-0.351685,0.486206,0.347290,-0.450195,0.525635,0.185913,-0.599731,0.220337,0.220703,-0.378906,0.006592,0.115112,0.300659,-0.118896,-0.003174,0.257812,-0.511841,-0.023926,0.640137,-0.710205,0.071899,1.282593,-0.770020,0.166260,1.399292,-0.961548,0.296509,1.398926,-1.429810,0.551514,2.250244,-1.227051,0.477783,2.299561,-1.134155,0.505371,1.702271,-1.240723,0.522949,1.113892,-1.168579,0.491333,0.875488,-0.983276,0.460449,0.806763,-0.471313,0.320190,0.786865,-0.216797,0.231934,0.472656,-0.034912,0.174438,0.321533,0.361938,0.122803,0.556274,0.649414,0.089355,0.802490,1.188232,-0.017456,0.778320,1.268066,-0.022339,0.852173,1.245361,0.000000,0.991455,1.474854,-0.046509,1.185669,1.444214,-0.088135,1.260132,0.732910,-0.001343,1.208740,0.346802,0.189209,0.825073,-0.103149,0.312744,0.498291,-0.828613,0.428223,0.383179,-1.093140,0.579224,0.476807,-1.192505,0.729492,0.825928,-0.496460,0.652466,0.725708,-0.686035,0.741089,0.614868,-0.378662,0.719482,0.781494,-0.143066,0.714600,0.863037,0.023071,0.706543,0.937744,0.114746,0.659302,0.951538,0.086792,0.609497,0.796387,0.096558,0.599609,0.763916,0.098999,0.620117,0.799194,0.082397,0.623535,0.819214,0.053467,0.611084,0.821045,0.016724,0.599609,0.737549,-0.013428,0.611572,0.699219,0.026489,0.617188,0.737915,-0.001709,0.635986,0.767090,0.014893,0.642212,0.785278,0.067505,0.663818,0.827271,0.068848,0.675171,0.796631,0.077271,0.661621,0.761719,0.029907,0.653931,0.764771,-0.010864,0.645020,0.793457,-0.007935,0.644287,0.810913,0.012329,0.635620,0.793091,0.011963,0.620239,0.719727,0.002441,0.621338,0.723755,-0.002441,0.631836,0.734375
0.057373,0.772705,1.098511,0.193237,0.715332,0.795044,0.247070,0.558838,0.807373,0.275391,0.553833,0.315796,0.163452,0.573608,0.548340,0.087646,0.723511,0.963745,0.101074,0.750854,1.093506,0.122314,0.717529,1.136719,0.048096,0.690308,1.140259,0.198730,0.600708,0.860962,0.221680,0.671509,0.853882,0.067139,0.744873,1.135498,0.051147,0.753540,1.074219,-0.108398,0.785889,1.148682,0.055054,0.680176,0.920044,0.086060,0.732788,0.948242,-0.016724,0.743530,0.706909,-0.267822,0.779297,0.161499,-0.392212,0.853271,-0.084961,-0.241089,0.846558,-0.015259,-0.252319,0.769653,-0.237671,-0.435669,0.711670,-0.396973,-0.677979,0.583374,-0.958618,-0.729492,0.423950,-1.329956,-0.786255,0.131104,-1.277466,-0.547852,-0.465576,-0.786865,-0.366699,-0.943359,-0.525513,-0.787598,-0.911255,0.871338,-0.651611,-0.835571,1.929199,0.291016,-0.399780,2.406494,0.664551,-0.200073,2.930542,0.191895,-0.138062,2.220825,-0.063965,-0.013550,2.485596,-0.325073,-0.006104,3.178101,-0.090820,-0.077637,2.773926,0.087158,-0.120972,2.107422,0.077515,-0.303345,1.497437,0.113281,-0.306396,0.658081,-0.007568,-0.145264,0.155884,0.109985,0.032959,-0.432861,0.075806,0.200317,-0.500977,0.197021,0.213013,-0.701050,0.499878,0.289795,-0.954956,1.310181,-0.072876,-0.783569,1.003906,-0.475708,-0.207764,-0.801147,-0.395264,0.238647,-0.331421,-0.328857,1.149902,-0.605225,0.043701,1.956665,-0.636719,0.224487,1.678833,-0.943970,0.088501,1.233643,-1.285645,0.157959,1.817261,-1.323364,0.312500,2.487427,-1.001587,0.201050,2.322021,-1.107544,0.193481,1.229370,-1.208130,0.274048,0.705566,-1.122192,0.312012,0.989868,-0.736938,0.235962,1.024170,-0.362793,0.072144,0.762939,-0.230469,-0.136841,0.261353,0.165039,-0.119507,0.262573,0.592896,-0.150635,0.496216,1.206055,-0.148315,0.478027,2.088867,-0.150879,0.594360,1.877563,-0.194214,1.172119,1.709717,-0.220093,1.508667,1.605591,-0.307495,1.465698,0.745605,-0.365112,0.936157,-0.282837,0.021484,0.280762,-1.013672,0.321777,0.479004,-1.261108,0.377197,1.064697,-1.220947,0.465820,1.062988,-0.717041,0.472412,0.954590,-0.385986,0.502197,0.777588,-0.340210,0.593384,0.829956,-0.125854,0.588013,1.014526,0.044312,0.554688,1.019653,0.197388,0.519775,0.904907,0.207642,0.523315,0.869263,0.204102,0.513428,0.887695,0.143066,0.515869,0.879639,0.112061,0.512085,0.863403,0.108765,0.497314,0.808228,0.001831,0.511353,0.864990,-0.036377,0.515625,0.890991,0.027466,0.511963,0.820190,0.029541,0.524414,0.821045,0.091431,0.520752,0.827271,0.066895,0.536011,0.808472,0.049805,0.547485,0.931274,0.050659,0.551636,0.938232,0.074585,0.533081,0.815186,0.100586,0.529053,0.761475,0.068848,0.545288,0.803223,0.065063,0.545166,0.887817,0.064819,0.544678,0.905273,0.048584,0.542603,0.846436,0.112061,0.535645,0.799683,0.076904,0.542969,0.816772,0.086304,0.538086,0.865234,0.034424,0.550171,0.850586
0.863403,0.616821,-0.078003,0.902588,0.542725,0.231445,0.750732,0.431763,0.181885,0.984619,0.704346,0.134521,0.844971,0.669678,-0.187744,0.906982,0.645874,-0.141235,1.104004,0.547729,-0.055298,0.889893,0.595703,0.286133,0.953003,0.536621,0.118286,0.922241,0.457031,0.156128,0.910400,0.732910,-0.096680,1.477295,0.410278,-0.138428,1.601318,0.618164,0.387329,0.780640,0.616577,-0.236450,1.009888,0.842773,0.120483,1.125732,0.626221,0.313354,1.127563,0.574951,0.007568,0.772217,0.506836,0.159668,0.643311,0.632935,0.356445,0.054688,0.644409,0.402100,-0.349854,0.538452,0.497925,-0.313110,0.354492,0.742188,-0.107300,0.317627,0.735840,-0.005493,0.112915,1.055298,0.064453,-0.464478,0.991455,0.425171,-1.030396,0.298462,0.665649,-0.970581,-0.859009,1.360718,-0.656494,-1.996094,2.154175,0.048584,-2.251953,1.448120,-0.177246,-2.170654,1.352173,-0.193115,-1.888062,1.604126,0.070190,-2.290649,1.387329,0.104370,-2.653198,1.110962,-0.142456,-2.187744,1.033691,-0.265259,-1.389160,0.993042,-0.099365,-1.097900,0.578247,-0.099609,-0.941040,0.256714,-0.120728,-0.483521,-0.444336,-0.127441,0.657104,-1.352783,-0.167603,0.825684,-1.040405,-0.275024,0.133667,-0.215942,-0.116211,0.289307,-0.122681,-0.295044,0.421143,0.105103,-0.426758,0.600342,0.686768,-0.747925,0.154663,1.341675,-0.422607,-0.668701,2.138428,-0.263916,-1.482910,2.283325,0.038208,-1.613770,2.204834,-0.118774,-1.241333,1.971680,-0.338135,-0.664795,2.190674,-0.009277,-0.849854,2.111206,0.033936,-0.692871,1.691040,-0.101440,-0.393066,1.024414,-0.155029,-0.077148,0.694092,-0.103394,-0.116333,0.871338,0.098145,-0.617432,0.576660,0.060425,-0.862549,0.006226,-0.357910,-0.670776,-0.352051,-0.059448,-1.051025,-0.674194,0.016113,-1.829224,-0.301270,0.128906,-1.943604,0.108276,0.159790,-1.817139,-0.104858,0.056396,-1.508789,-0.462158,-0.072632,-1.654541,0.174072,-0.055908,-1.054932,1.387695,0.228638,0.298462,1.484009,0.213257,0.843628,1.084351,0.206665,0.283936,1.034546,0.283447,0.194580,1.339722,0.382202,0.413330,1.365356,0.365234,0.517456,1.073364,0.388550,0.388184,0.856812,0.523315,-0.168579,0.938721,0.613647,-0.275146,0.959595,0.602783,-0.090942,0.834473,0.572510,-0.077026,0.766113,0.583984,-0.186035,0.746948,0.576904,-0.254150,0.753540,0.543335,-0.169189,0.914429,0.531982,0.000732,0.900024,0.515503,-0.050293,0.912354,0.554688,-0.093262,0.852539,0.524170,-0.037231,0.825684,0.533569,-0.040161,0.934326,0.535156,-0.093750,0.997681,0.553833,-0.098267,0.953125,0.548584,-0.058594,0.906006,0.544312,-0.047729,0.917603,0.543945,-0.036743,0.947266,0.548584,-0.105103,0.917603,0.535400,-0.078979,0.840332,0.518311,0.000610,0.871826,0.530884,-0.015869,0.910767,0.540405,-0.055664,0.927856,0.537842,-0.065430,0.885376,0.523193,-0.015991,0.868652,0.529907,-0.009033,0.918091,0.536621,-0.032227,0.937988,0.536377,-0.063477,0.910889,0.530762,-0.059692
0.718262,0.634888,-0.093384,0.913940,0.715576,-0.218262,0.874634,0.646973,-0.207520,0.901733,0.610352,-0.221802,0.927246,0.689209,-0.197388,0.881226,0.650024,-0.266113,0.939331,0.715576,-0.496216,1.130371,0.817505,-0.502197,1.117310,0.814697,-0.261597,0.930298,0.734985,-0.238037,0.907349,0.785278,-0.343384,0.918945,0.755859,-0.165649,0.646118,0.699341,0.016602,0.167603,0.797607,-0.150024,-0.048950,0.834106,-0.266846,0.116333,0.882568,-0.167114,0.141602,0.765747,0.238159,0.117676,0.685913,0.432129,0.062622,0.464233,0.698853,0.112793,0.315796,0.852417,0.065918,0.016602,0.982666,0.151367,-0.193481,0.842407,0.271118,-0.651611,0.090332,0.383057,-0.637329,-0.896973,1.235352,-0.665161,-0.984253,2.313110,-0.030762,-1.449707,1.706909,0.129517,-1.760620,0.879272,0.157471,-2.169556,1.061768,0.464478,-2.322266,1.361938,0.582397,-2.257568,1.625854,0.276733,-1.474365,1.479614,0.329712,-1.489380,0.869019,0.373413,-1.629395,0.431274,0.413940,-1.605713,0.517578,0.335205,-1.339478,0.681885,0.017700,-0.843384,0.263794,0.092529,-0.148315,-0.109009,0.063965,-0.033447,-0.132568,0.097290,0.276733,-0.609375,-0.108398,0.305664,-0.938110,-0.210693,0.209595,-0.240723,-0.089478,0.240845,0.464966,-0.136719,0.255737,0.500488,-0.189209,0.004761,0.834961,-0.267578,-0.188599,1.268311,0.195190,-0.870972,1.250488,0.118042,-1.354004,2.006104,0.386353,-1.575928,1.674805,0.262573,-1.573730,1.840454,0.282227,-1.135986,1.895508,0.286255,-0.833618,1.947388,0.344360,-0.723389,1.722290,0.207520,-0.478760,1.369507,0.086060,-0.120361,0.948608,0.055420,-0.208862,0.743896,0.198608,-0.474731,0.756470,0.308350,-0.584106,0.617798,0.313477,-0.751343,0.107422,0.177490,-0.878662,-0.562134,0.169678,-1.088013,-0.818359,0.420044,-1.439087,-0.330933,0.411377,-1.453613,-0.310425,0.390259,-1.447998,-0.439331,0.270630,-1.479370,-0.211304,0.369507,-1.322876,-0.040161,0.308838,-1.401978,0.527832,0.261353,-1.058716,1.181396,0.343750,-0.058350,1.221680,0.284424,0.282959,1.437744,0.283691,0.316040,1.377441,0.390503,0.166626,1.208374,0.574219,0.076538,1.051147,0.578613,0.142456,1.004150,0.574585,0.106689,0.929688,0.425537,0.097290,0.749146,0.597412,-0.233276,0.621460,0.638428,-0.336060,0.639160,0.653198,-0.299194,0.757202,0.589722,-0.170044,0.846680,0.606934,-0.104614,0.794678,0.601929,-0.067383,0.798584,0.649414,-0.195801,0.871582,0.613525,-0.170166,0.986938,0.579224,-0.042603,0.986084,0.538086,0.011841,0.959595,0.565430,-0.016724,0.934814,0.580566,-0.083130,0.904663,0.600708,-0.098022,0.884033,0.584839,-0.062622,0.835205,0.567627,-0.005249,0.841064,0.570923,-0.022949,0.857422,0.594482,-0.093018,0.877686,0.584595,-0.070435,0.896118,0.562988,-0.000732,0.887085,0.561768,0.010132,0.860962,0.569092,-0.072632,0.881714,0.577759,-0.051514,0.891968,0.573242,-0.018066,0.897949,0.565430,-0.015137,0.894287,0.568481,-0.036133
0.639160,0.594727,0.062866,0.872314,0.690063,-0.119263,0.932861,0.781250,-0.296997,0.982422,0.817383,-0.226440,0.945435,0.753784,-0.129272,0.914307,0.785645,-0.443115,1.108276,0.788452,-0.357300,1.424561,0.811035,-0.213867,1.270874,0.631104,0.108032,0.768555,0.472656,0.303589,0.586548,0.661377,0.289673,0.511597,0.845581,-0.088867,0.240723,0.815796,-0.042236,-0.340088,0.732788,0.261108,-0.814087,0.691406,0.430542,-0.600830,0.672241,0.621704,-0.124390,0.277710,0.876587,0.327515,0.058350,1.044922,0.544678,-0.161865,0.782593,0.776611,-0.469482,0.436646,0.882446,-0.815308,0.145996,1.095825,-0.895752,-0.271240,2.063599,-0.550171,-1.266113,1.661743,0.127808,-1.883179,0.512451,-0.027954,-1.829102,0.709473,0.258423,-1.796631,1.199341,0.492065,-2.087769,1.231201,0.852905,-2.555908,1.130615,0.537964,-2.185669,0.812256,0.221680,-1.520508,1.019653,0.443848,-1.489258,1.053467,0.618774,-1.658325,1.154541,0.585938,-1.693481,0.900391,-0.199097,-1.136108,0.340698,-0.313477,0.240845,0.205078,-0.010376,0.214722,0.254150,0.306763,-0.034668,0.069458,0.178345,0.312866,-0.366211,-0.009644,0.696655,-0.676392,-0.091919,0.313477,-0.451904,-0.054810,0.221069,-0.463379,-0.311035,-0.053711,-0.207153,-0.766846,-0.098999,0.798706,-0.731445,-0.127930,1.641357,-0.460205,-0.585815,1.923584,-0.480469,-1.092651,2.206543,0.421143,-2.050415,2.195923,0.567993,-1.636230,2.119873,-0.120605,-0.797852,1.963745,-0.306274,-0.544678,2.054688,-0.037720,-0.570801,1.919800,0.074341,-0.614624,1.585449,0.051270,-0.499390,1.143677,-0.003052,-0.203247,0.901855,0.014648,-0.098999,0.899902,0.046021,-0.158081,0.596558,0.058472,-0.482300,0.184326,0.090210,-0.660522,-0.168091,0.188477,-0.800537,-0.376587,0.291382,-1.125488,-0.381104,0.363403,-1.414673,-0.245117,0.488037,-1.641113,-0.297974,0.524536,-1.900635,0.084717,0.483643,-1.847900,0.268555,0.287720,-1.378906,0.599487,0.312866,-0.845337,0.869141,0.295654,-0.156006,1.014771,0.171387,0.167603,1.354126,0.225586,0.228271,1.473267,0.391846,0.158569,1.244385,0.467651,0.048706,1.090576,0.489136,0.097778,0.992798,0.461792,0.202026,0.908936,0.559326,-0.100464,0.913086,0.663452,-0.472900,0.833252,0.679199,-0.535400,0.631836,0.601440,-0.345947,0.544922,0.580566,-0.320557,0.596924,0.599976,-0.369995,0.796265,0.664429,-0.452271,0.801392,0.597412,-0.324341,0.735840,0.520386,-0.100830,0.743164,0.536987,-0.139526,0.804321,0.571777,-0.232422,1.046265,0.551514,-0.145264,1.011841,0.542725,-0.119751,0.967163,0.529053,-0.061768,0.977051,0.571533,-0.109253,0.933838,0.554932,-0.108643,0.913208,0.537842,-0.083252,0.969604,0.547729,-0.122559,0.985229,0.543701,-0.131714,0.952148,0.524414,-0.082153,0.852173,0.489380,-0.001221,0.806396,0.493896,-0.032104,0.829956,0.561523,-0.132812,0.887451,0.541382,-0.123901,0.890747,0.517334,-0.036377,0.840820,0.489258,-0.017944,0.892822,0.508301,-0.075195
0.661621,0.647217,0.055298,0.603394,0.654297,0.034424,0.630127,0.720215,-0.014893,0.703613,0.820312,-0.233032,0.676880,0.782227,-0.087036,0.598755,0.761841,-0.014526,0.681396,0.884399,-0.260132,0.808105,0.999390,-0.452515,0.800293,0.955811,-0.297485,0.419434,0.824341,0.026245,0.346924,0.927368,-0.190796,0.635010,0.986328,-0.410278,0.831665,0.801514,0.189209,0.382568,0.821899,0.380249,-0.020386,0.905640,0.291992,-0.216064,0.914795,0.297485,-0.110229,0.687134,0.509277,-0.153320,0.495605,0.750977,0.027100,0.237915,0.777466,0.197754,0.073242,0.957520,0.427368,-0.053711,1.182739,0.580078,-0.405518,1.123413,0.595215,-0.606934,0.579956,0.517822,-0.943970,-0.320801,0.712280,-1.186035,-0.653320,1.807251,-0.906128,-1.053833,1.226074,-0.258057,-2.033936,0.966553,-0.104858,-2.656372,1.249756,0.220703,-2.576782,1.194580,0.112427,-2.224121,1.463135,0.225830,-2.234497,1.523438,0.249023,-2.080811,1.309204,0.260986,-1.892700,1.000977,0.240479,-1.680420,0.845093,0.217773,-1.492676,0.710571,-0.157837,-1.057007,0.349854,-0.464844,-0.451782,0.103638,-0.234131,-0.064331,-0.041870,-0.151123,0.337280,-0.141235,0.057739,0.475098,-0.385864,0.060669,0.556519,-0.409790,0.069702,0.608765,-0.412354,-0.071411,0.589233,-0.453857,-0.145508,0.284302,-0.136475,-0.504517,-0.183716,0.514893,-0.374756,-0.536499,1.159546,-0.540894,-0.452881,1.198853,-0.753540,-0.664917,1.885986,-0.209473,-1.654297,2.924194,0.227539,-1.975098,2.274170,0.031982,-1.656860,1.705322,-0.196777,-1.025513,1.790039,-0.074463,-0.746216,1.931641,0.026611,-0.651001,1.543335,0.005005,-0.613892,1.154297,0.070190,-0.591309,0.914795,0.014404,-0.589355,0.649536,0.026978,-0.587402,0.347046,-0.068848,-0.453491,0.071045,-0.042603,-0.473755,-0.194092,-0.001099,-0.747314,-0.712646,0.078125,-1.239502,-0.531372,0.303589,-1.663208,-0.127686,0.378662,-1.741577,-0.108154,0.276855,-1.620239,-0.342529,0.171753,-1.665161,0.339600,0.306396,-1.445435,1.016357,0.367554,-0.870117,0.962769,0.230347,-0.268188,0.898682,0.209106,0.212280,1.174072,0.253296,0.571411,1.302490,0.370850,0.329956,1.188721,0.454712,0.119019,1.155151,0.587036,-0.106445,1.084351,0.579224,0.009644,0.863770,0.547363,-0.019653,0.711182,0.589111,-0.172607,0.617065,0.655640,-0.453735,0.604492,0.688843,-0.647827,0.730225,0.685181,-0.563721,0.737671,0.664062,-0.489136,0.656372,0.636963,-0.408691,0.614624,0.613281,-0.407349,0.637451,0.627197,-0.476196,0.742432,0.594971,-0.426758,0.792480,0.579956,-0.364990,0.790039,0.613281,-0.349976,0.768311,0.621460,-0.391602,0.737549,0.628174,-0.478882,0.794067,0.639038,-0.454102,0.805298,0.608643,-0.342896,0.755005,0.614990,-0.338135,0.740112,0.627563,-0.388062,0.737549,0.637939,-0.422607,0.752319,0.621826,-0.372681,0.756470,0.615112,-0.321533,0.771973,0.607300,-0.290405,0.717163,0.598389,-0.400391,0.758667,0.640137,-0.490234,0.839600,0.620605,-0.342773
0.752563,0.646606,0.031494,0.784180,0.636963,0.130737,0.791260,0.739136,-0.049561,0.843384,0.763550,-0.131348,0.906616,0.750854,-0.066162,0.767944,0.807251,-0.239868,0.793579,0.787842,-0.293457,1.092773,0.853882,-0.228882,1.231689,0.915894,-0.379028,1.003418,0.814453,-0.197144,0.586792,0.798462,-0.001099,0.556885,0.936157,-0.036743,0.698120,0.899536,-0.127563,0.453857,0.697388,0.213501,-0.001953,0.575317,0.453491,0.012207,0.613647,0.479126,0.094727,0.493530,0.747437,0.209595,0.167969,1.267090,0.342163,-0.048706,1.423584,0.250244,-0.186523,1.131714,0.151367,-0.485596,0.735840,0.220215,-0.892212,0.126953,0.555298,-1.279419,-0.264282,1.831665,-1.017578,-1.401245,1.459961,0.122070,-2.287109,0.710571,0.365479,-2.572632,0.979980,0.357666,-2.155640,1.479248,0.313354,-1.969971,1.696655,0.690063,-2.309814,1.541382,0.641357,-2.336182,1.114624,0.560669,-2.014038,0.909790,0.317139,-1.850586,0.909790,0.167236,-1.351318,0.676636,0.030762,-0.891724,0.233398,-0.296143,-0.314941,0.041748,-0.072998,0.026245,0.086182,0.090088,0.078003,-0.126465,0.072510,0.187622,-0.383667,-0.024658,0.228760,-0.197876,-0.210449,0.483032,-0.167725,-0.248657,0.493774,-0.165161,-0.298950,0.204468,0.335938,-0.328491,0.108154,0.944092,-0.362183,-0.145386,1.490601,-0.278809,-0.716553,1.477173,-0.024902,-1.202637,1.544067,-0.011353,-1.215210,2.125610,0.473511,-1.445557,2.322021,0.174194,-1.320190,1.978271,0.076782,-1.038574,1.764282,0.087036,-0.836182,1.802979,0.194092,-0.691772,1.484009,0.194092,-0.602905,1.110352,0.068726,-0.406616,0.894653,-0.029663,-0.270752,0.615112,0.065063,-0.331299,0.381104,0.242676,-0.506348,0.297974,0.262939,-0.707031,-0.083740,0.171997,-0.993042,-0.553101,0.254517,-1.393555,-0.414673,0.488892,-1.522827,0.256348,0.646606,-1.702271,0.154541,0.562012,-1.824585,0.007080,0.377319,-1.623535,0.376587,0.309204,-1.109619,0.894653,0.393799,-0.640381,0.710083,0.269653,0.009644,0.734619,0.155518,0.551758,1.115967,0.318970,0.633179,1.128906,0.521118,0.251953,0.954346,0.413086,0.482788,0.742920,0.370605,0.544067,0.823608,0.478882,0.501099,0.959961,0.568970,0.264282,0.923218,0.747070,-0.001343,0.818237,0.709106,-0.017944,0.721191,0.683838,0.000244,0.715942,0.666504,0.013550,0.835449,0.746216,-0.058960,0.803711,0.748413,-0.096802,0.759766,0.670898,-0.030518,0.702759,0.623779,0.109253,0.802979,0.626953,0.104004,0.869995,0.640625,0.081177,0.848267,0.648193,0.068115,0.835449,0.666504,0.022949,0.835205,0.658569,0.068115,0.838989,0.650024,0.076538,0.830688,0.661011,0.051514,0.848145,0.670654,0.013916,0.865723,0.657227,0.027100,0.853271,0.629395,0.086060,0.835449,0.625366,0.107788,0.800049,0.621826,0.104492,0.794434,0.625854,0.043579,0.828979,0.631348,0.069336,0.852173,0.627563,0.104736,0.844849,0.627197,0.069702,0.830322,0.624634,0.047852,0.809692,0.629028,0.056641
0.836060,0.778931,-0.101562,0.562988,0.756470,-0.045532,0.570190,0.816284,-0.246216,0.841919,0.936646,-0.215942,0.851318,0.888184,-0.214355,0.761353,0.860718,-0.275146,0.770264,0.879395,-0.371948,1.026123,0.845581,0.101196,0.862061,0.401978,0.567017,0.345581,0.802002,0.405151,0.362427,0.581421,0.762329,0.455688,0.615234,0.919189,0.291016,0.759399,0.449219,-0.043579,0.636475,0.406006,-0.242554,0.355835,0.690063,-0.323364,0.233032,0.854004,-0.194824,-0.016235,1.179443,0.016113,-0.404663,1.112183,0.340698,-0.762939,0.711426,0.481567,-1.050659,0.221191,0.620972,-1.203369,-0.434937,1.246582,-1.197632,-0.861938,2.249390,-0.449341,-1.893677,1.534546,0.074219,-2.631348,1.096924,0.375488,-3.014404,1.456299,0.474854,-2.524658,1.507935,0.338135,-2.264282,1.452148,0.296509,-2.108032,1.385254,0.355347,-2.095093,1.141357,0.390869,-1.993774,1.026978,0.212769,-1.444580,0.799561,-0.076416,-1.240112,0.484619,-0.302246,-0.644775,0.220215,-0.393311,-0.082153,-0.211060,-0.296387,0.154297,-0.638062,-0.077637,0.436890,-0.604858,-0.063599,0.581177,-0.465210,-0.128052,0.599731,-0.230835,-0.292847,0.639160,-0.301514,-0.288452,0.402588,0.142090,-0.447754,-0.061035,1.035522,-0.354736,-0.301392,1.370117,-0.404907,-0.595337,1.391479,-0.225098,-1.124390,1.546631,0.183105,-1.574463,2.202026,0.359009,-1.519531,2.137817,0.224854,-1.541992,1.863525,0.096313,-1.326294,1.728394,0.090576,-0.979980,1.772095,0.198486,-0.825439,1.450684,0.173462,-0.771240,1.172241,0.183472,-0.719727,0.837769,0.040405,-0.817139,0.521484,0.058228,-0.768066,0.352661,0.097900,-0.666504,0.374146,0.177368,-0.742188,-0.071167,0.013672,-0.896362,-0.821289,-0.050781,-1.109131,-0.772705,0.123657,-1.326660,-0.243652,0.341797,-1.696655,0.092529,0.392334,-2.036377,-0.175659,0.197998,-1.863770,0.168945,0.126953,-1.429199,1.257812,0.410645,-0.789062,1.317749,0.275879,-0.107056,0.826416,0.101074,0.343262,1.116943,0.277832,0.594360,1.321777,0.510132,0.377930,1.168335,0.568848,0.326782,0.820190,0.563354,0.207642,0.757690,0.572754,0.178833,0.832153,0.637207,0.139648,0.761108,0.595093,0.112793,0.643066,0.512207,0.187134,0.640625,0.508911,0.151123,0.716919,0.584595,0.015625,0.918457,0.616089,0.070557,0.998901,0.562988,0.296875,0.920410,0.545166,0.356323,0.847534,0.566406,0.327271,0.923584,0.601807,0.245605,1.020752,0.636597,0.181641,0.962036,0.585938,0.281128,0.803833,0.561646,0.356934,0.710083,0.571777,0.324219,0.660400,0.579224,0.263916,0.839844,0.604492,0.221191,0.835083,0.570190,0.290283,0.786621,0.535522,0.361206,0.733276,0.553101,0.329956,0.759521,0.582397,0.296143,0.847656,0.594238,0.249268,0.855957,0.574585,0.281738,0.841675,0.559448,0.353394,0.786865,0.556396,0.354858,0.806885,0.572388,0.309814,0.848755,0.568359,0.300171,0.850952,0.570435,0.294067,0.824829,0.557617,0.346680,0.808838,0.570435,0.339355
0.688599,0.939209,-0.762939,0.396484,0.843628,-0.743408,0.175781,0.678955,-0.374634,0.297974,0.756958,-0.465820,0.467773,0.854248,-0.881714,0.495361,0.812012,-0.717163,0.461182,0.857300,-0.623901,0.469727,0.890869,-0.732422,0.765503,1.052124,-0.874512,1.009766,0.961426,-0.533447,0.585815,0.707886,-0.448853,0.373291,0.884766,-0.594238,0.284424,0.944824,-0.225342,0.114136,0.889526,0.436157,-0.021240,0.693604,0.867798,-0.093384,0.378662,0.885742,0.051758,0.145386,0.885620,0.221069,-0.015991,1.237427,0.279419,-0.489868,1.256836,0.241455,-1.006714,0.684448,0.481812,-1.391235,0.016602,1.259521,-1.182007,-1.367554,1.127441,-0.515015,-2.442383,1.050537,-0.188965,-2.667725,1.084229,-0.027954,-2.350464,1.361816,0.060791,-2.559448,1.596680,0.517700,-3.114136,1.070557,0.290894,-3.132324,0.959595,0.257324,-2.762085,0.864136,-0.139893,-2.118042,0.731323,-0.402710,-1.494507,0.415405,-0.686523,-0.672363,0.052856,-0.460449,0.169067,-0.383057,-0.245850,0.566528,-0.717407,-0.217773,0.674683,-0.564209,-0.253906,0.476074,-0.248047,-0.304443,0.714478,-0.362671,-0.244995,0.634644,-0.523682,-0.501465,0.174194,0.244385,-0.625977,-0.075073,1.733521,-0.313843,-1.039185,1.836304,-0.023804,-1.636108,1.449097,0.023804,-2.045288,1.632324,0.360352,-2.375610,1.843872,0.355347,-2.105713,1.813232,0.152954,-1.511475,1.604492,-0.010010,-0.945312,1.295898,0.026245,-0.935913,1.007324,0.101807,-0.897827,0.861938,0.223389,-0.937134,0.590698,0.007324,-0.753662,-0.098022,-0.390137,-0.429077,-0.946777,-0.207642,-0.495483,-1.366089,0.082153,-1.226929,-1.031128,0.301025,-1.709717,-0.696533,0.397339,-1.836182,-0.800293,0.270996,-1.761719,-0.668335,0.246826,-1.848877,0.452148,0.328613,-1.276978,1.176514,0.319702,-0.448730,1.199219,0.126221,0.199097,1.134521,0.197510,0.309937,1.103516,0.352783,-0.031860,1.341187,0.520874,-0.171997,1.144043,0.514038,-0.052612,1.203979,0.551025,-0.108154,0.959229,0.669800,-0.606934,0.682861,0.577393,-0.592041,0.757202,0.670288,-0.480591,0.582520,0.569214,-0.236084,0.522339,0.615479,-0.242676,0.672974,0.642090,-0.255981,0.982666,0.631348,-0.144287,0.910156,0.574341,0.003540,0.788086,0.546387,0.076172,0.783569,0.565918,0.027832,0.870850,0.568237,-0.007446,1.026001,0.585693,0.027466,0.933594,0.583984,0.041382,0.854004,0.578613,0.036865,0.789551,0.575439,0.025269,0.822754,0.600708,0.000366,0.952026,0.606934,0.000000,0.982178,0.605713,-0.028931,0.895752,0.566772,0.019165,0.823608,0.555786,0.084961,0.803223,0.579224,0.079712,0.866089,0.579224,0.019897,0.927246,0.592651,-0.051025,0.854248,0.584351,-0.009644,0.828979,0.588989,-0.002441,0.870972,0.603516,0.000610,0.870361,0.589966,-0.033081,0.864990,0.582397,-0.044434,0.878906,0.582764,0.004883,0.886108,0.588501,0.016235,0.886230,0.584595,0.013916,0.874268,0.564697,0.021118,0.875000,0.562744,0.027344,0.870605,0.577881,0.019165
0.811401,0.614746,0.035645,0.804688,0.673706,0.004028,0.832642,0.712158,-0.076660,0.832275,0.687378,-0.264160,0.850586,0.711060,-0.052734,0.754517,0.640381,0.034668,0.813477,0.582153,-0.008423,0.838745,0.612183,-0.130859,0.857788,0.629028,-0.126831,0.852539,0.649170,-0.118164,0.788086,0.648071,-0.138672,0.818359,0.635498,-0.150879,0.817139,0.654541,-0.193481,0.831299,0.638550,-0.237061,0.864502,0.631470,-0.165039,0.875244,0.620117,-0.165527,0.880005,0.626343,-0.191162,0.903198,0.633667,-0.202271,0.925659,0.626465,-0.200928,0.950684,0.641602,-0.251953,0.975952,0.677368,-0.297852,0.951416,0.729248,-0.411133,1.059570,0.722168,-0.397095,1.126343,0.719849,-0.464355,0.842407,0.717773,-0.547485,0.775024,0.811523,-0.520386,0.788086,0.766724,-0.158203,0.566895,0.778564,0.261841,0.130127,0.703369,0.311401,-0.041382,0.749756,0.360107,-0.114380,0.628296,0.833740,-0.064575,0.451538,0.981934,-0.119995,0.247314,1.151855,0.010132,-0.147583,0.966431,0.014282,-0.366089,0.177246,0.109985,-0.549316,-1.171997,0.752563,-0.588623,-1.045166,1.140869,-0.147705,-1.775391,0.791382,-0.114868,-2.572754,0.587769,-0.336792,-3.282227,1.010742,-0.281372,-2.906128,1.401733,-0.282104,-2.094727,1.261475,-0.093750,-1.954346,1.126587,-0.041626,-1.990723,0.876709,-0.150146,-2.015503,0.465332,-0.591187,-1.679443,0.341675,-0.543823,-0.495483,-0.336060,-0.390381,0.135376,-0.472534,-0.294312,0.906738,-0.586304,0.083130,1.689697,-0.659668,0.109985,1.157227,-0.547119,0.008179,0.370605,-0.160278,0.073120,-0.397217,0.554565,0.141968,0.021606,1.071899,0.255005,0.254395,1.932861,0.318726,-0.526733,2.410645,0.035156,-1.373169,2.114014,0.874512,-1.134766,1.939575,0.393433,-0.644165,1.854004,0.469238,-0.188477,1.914062,0.387573,0.152710,1.255127,0.211548,-0.102905,1.188965,0.294678,-0.356445,0.708984,0.131592,-0.516846,0.436890,0.202759,-0.483521,0.230225,0.375732,-0.846680,-0.557251,0.311035,-1.237305,-0.468140,0.141846,-1.652344,0.272217,0.464722,-1.494385,0.084961,0.343994,-1.322998,-0.069336,0.289551,-1.252808,0.036743,0.357666,-1.367554,-0.389771,0.221313,-1.736206,0.582520,0.195679,-0.932373,0.602051,0.489014,0.207764,0.292969,0.716675,0.201172,0.492798,0.670532,-0.060913,0.778809,0.783447,-0.137329,0.871460,0.810791,0.239258,0.984497,0.808838,0.300049,0.971680,0.738525,-0.247803,0.686890,0.668457,-0.574463,0.923950,0.731934,-0.355103,0.887207,0.704956,-0.010498,0.848755,0.671265,-0.188477,0.715698,0.674561,-0.475342,0.739014,0.704956,-0.515625,0.770996,0.696411,-0.358154,0.612427,0.665771,-0.190063,0.658691,0.685059,-0.331421,0.718262,0.715210,-0.479492,0.747437,0.719482,-0.461182,0.697754,0.678101,-0.317139,0.634888,0.654663,-0.316650,0.718140,0.717896,-0.328857,0.721802,0.691284,-0.360596,0.770020,0.684326,-0.347412,0.710205,0.662842,-0.311279,0.705200,0.674194,-0.310547,0.750244,0.701660,-0.400513
0.741577,0.640381,0.296997,0.777222,0.635376,-0.266357,0.851440,0.715332,-0.397339,0.771729,0.665771,-0.033325,0.898560,0.678345,-0.068848,0.889771,0.508301,-0.096436,0.936157,0.635986,-0.091553,0.902222,0.661377,-0.195679,0.869995,0.673706,-0.150513,1.036865,0.665161,-0.131714,1.306274,0.721802,-0.162964,1.399414,0.738403,-0.150391,1.255371,0.732178,-0.180786,1.226318,0.704834,-0.091797,1.215454,0.742676,-0.221436,0.524048,0.645142,-0.191528,0.270996,0.639893,0.112793,0.243164,0.652588,0.257568,0.030029,0.589233,0.276733,-0.419922,0.491821,0.225952,-0.423828,0.433350,0.401001,-0.413818,0.338989,0.487061,-0.288452,0.263550,0.300537,-0.035156,0.073242,-0.012451,0.622314,0.173584,-0.216919,1.218872,0.227295,-0.086670,1.516113,0.236938,-0.519043,1.727661,0.362427,-0.757080,2.126465,0.463867,-0.652832,2.445435,0.442139,-0.983887,2.392944,0.484131,-1.085327,2.181641,0.461670,-0.856934,1.748047,0.431885,-0.626709,1.446899,0.405029,-0.697388,1.128418,0.209106,-0.536011,0.781616,0.145264,-0.295898,0.172729,0.115356,-0.277100,-0.086060,0.160034,-0.555420,-0.019775,0.252686,-0.473267,-0.433716,0.189697,0.271973,-0.568970,0.133301,1.068237,-0.402710,0.108521,0.554077,-0.229492,0.088379,-0.195068,0.654663,0.277710,-0.339111,0.889771,0.357788,0.093506,0.799561,0.196777,0.045410,1.790894,0.233521,-0.012817,2.320435,0.480591,-0.272461,2.215210,0.526855,-0.517212,2.094849,0.511841,-0.209351,1.724854,0.413086,0.190918,1.571289,0.434570,0.163330,1.616577,0.443115,-0.212646,1.383667,0.368896,-0.183105,0.892334,0.198486,-0.057007,0.728516,0.136963,0.076782,0.693237,0.147217,-0.401001,0.507935,0.174072,-1.023560,0.436279,0.134033,-1.146484,0.578247,0.181152,-1.008667,0.951294,0.274780,-0.803955,0.826782,0.244385,-0.937134,0.775879,0.222656,-0.982422,0.903564,0.345703,-0.400879,0.805298,0.473999,0.046997,0.821533,0.496948,0.189331,0.909546,0.479614,0.178711,0.978027,0.564453,0.485352,0.824707,0.571045,0.845337,0.706787,0.559937,0.403931,0.810669,0.598511,0.031738,0.873169,0.642700,0.360107,0.689453,0.601074,0.405762,0.764404,0.621338,-0.046143,0.902100,0.610718,-0.047729,0.879150,0.606689,0.103516,0.786011,0.590454,0.092896,0.859253,0.597900,-0.017090,0.888062,0.601440,-0.015137,0.839355,0.585571,0.149414,0.763550,0.592773,0.125244,0.751099,0.574463,0.054565,0.911255,0.579834,-0.011719,0.935791,0.582275,0.078491,0.860962,0.598267,0.151855,0.852295,0.601074,0.092285,0.893555,0.581787,0.009888,0.931030,0.576782,0.038696,0.919556,0.598022,0.106445,0.855835,0.599365,0.140137,0.847290,0.586914,0.092407,0.864014,0.571655,0.020142,0.881958,0.571289,0.017700,0.835815,0.587524,0.090332,0.819580,0.586548,0.093994,0.900146,0.580811,0.072754,0.944580,0.578003,-0.009644,0.910400,0.587891,-0.010376,0.879639,0.601196,0.031250,0.873413,0.587646,0.085693
0.664673,0.574585,-0.033691,0.806641,0.607788,-0.095215,0.973267,0.658447,-0.253906,1.004761,0.646118,-0.116089,0.936890,0.649536,-0.154907,0.819702,0.669189,-0.102905,0.949585,0.724243,-0.219849,1.107422,0.729858,-0.252686,1.121948,0.729004,-0.102417,1.199829,0.704712,0.107300,1.305542,0.759644,-0.047119,1.114380,0.772461,-0.426758,0.921875,0.707031,-0.430054,0.714355,0.626221,-0.283081,0.593506,0.680908,-0.002197,0.359009,0.685059,0.194092,0.069214,0.738892,0.174805,-0.216553,0.674438,0.611694,-0.413696,0.499878,1.083130,-0.482788,0.319336,1.196777,-0.518799,0.235352,0.858765,-0.525635,-0.024658,0.744751,-0.005859,-0.360352,-0.271484,0.489868,-0.426636,-0.825684,1.236328,-0.408813,-0.884277,1.861206,-0.337646,-1.566650,1.808105,-0.056641,-2.159180,1.470947,-0.026489,-2.114014,1.903320,0.069824,-1.999390,1.808838,0.047119,-1.993774,1.429321,-0.075684,-1.912109,1.061035,-0.072144,-1.566284,0.903198,0.044067,-1.226196,0.635620,0.023926,-0.825928,0.263794,-0.056763,-0.453491,-0.107544,0.078003,-0.066650,-0.394531,0.205200,0.118652,-0.192627,0.267700,0.343384,-0.108521,0.277710,0.505493,-0.177856,0.218384,0.198730,-0.313477,0.126953,-0.016602,-0.073853,0.007812,-0.265869,0.490723,0.112793,-0.450195,1.687988,0.274292,-0.158325,1.870361,0.373047,-0.344360,1.544312,0.263184,-0.766846,1.882324,0.308228,-0.776367,2.421021,0.538818,-0.531494,2.060913,0.348511,-0.179565,1.622559,0.263672,0.051025,1.305054,0.292114,-0.043091,1.105225,0.349121,-0.197632,0.922729,0.321899,-0.239258,0.753540,0.200562,-0.200195,0.567871,0.112915,-0.307007,0.632324,0.111572,-0.609253,0.625366,0.083740,-0.917603,0.408569,-0.012451,-1.229858,0.426147,-0.093750,-1.378174,0.671021,0.026367,-1.200439,0.688721,0.089111,-1.132324,0.480591,0.094116,-1.098999,0.343018,0.081787,-1.105713,0.591064,0.204224,-0.869995,0.808350,0.390381,-0.544800,0.872437,0.478027,-0.358398,0.692261,0.432617,-0.260986,0.669556,0.532227,-0.056885,0.855591,0.652100,0.384033,0.922119,0.691528,0.509033,1.098022,0.683350,0.222900,1.113159,0.669312,0.078369,0.904053,0.587891,0.193481,0.815430,0.581787,0.173340,0.858276,0.558716,0.114868,0.996582,0.525513,-0.151978,1.074097,0.514404,-0.135742,0.869873,0.463501,-0.021606,0.804077,0.476807,-0.053589,0.902710,0.471680,-0.272461,1.078491,0.524658,-0.378906,0.994263,0.504517,-0.045166,0.885620,0.483398,0.032227,0.915161,0.478760,0.005005,0.939697,0.480347,0.049194,0.877075,0.494995,0.117310,0.895264,0.515503,0.032959,0.969727,0.512939,0.083984,0.957520,0.496338,0.150146,0.922363,0.503418,0.124878,0.882080,0.511597,0.115356,0.909668,0.516479,0.094116,0.958008,0.497070,0.135986,0.935303,0.484497,0.156006,0.907593,0.515625,0.135254,0.882080,0.523438,0.054932,0.925781,0.521240,0.090942,0.956543,0.510376,0.126587,0.927368,0.503906,0.035889,0.899902,0.525635,0.042236
0.538574,0.812500,0.062500,0.554932,0.780640,-0.125854,0.602661,0.782593,-0.138428,0.509766,0.846313,-0.048096,0.562256,0.827148,-0.294434,0.766602,0.813110,-0.291260,0.808716,0.900635,-0.230225,0.675537,0.935303,0.020264,0.497803,0.856323,-0.094482,0.615234,0.854858,-0.164795,0.527100,0.836670,0.015137,0.334595,0.766724,0.328247,0.131104,0.738403,0.473511,-0.138794,0.600708,0.484009,-0.166748,0.475342,0.395142,-0.071899,0.321655,0.495605,0.131470,0.150635,0.585205,0.193970,-0.099854,0.122803,0.427368,-0.038452,-0.453735,1.274170,0.129883,-0.912476,1.482910,0.006836,-1.254761,1.471680,0.124390,-1.376099,1.739990,0.237915,-1.894409,1.852295,0.237427,-2.243042,1.812256,0.184082,-1.944946,1.740967,0.208618,-1.586426,1.378296,0.134155,-1.403076,0.957275,0.094482,-1.181274,0.762573,0.131592,-0.868286,0.520874,0.073975,-0.445190,0.183838,0.165894,0.007812,0.057007,0.222290,0.033447,-0.032715,0.274536,-0.179443,-0.029297,0.315063,-0.101318,-0.205444,0.375000,0.349243,-0.163574,0.296997,0.629150,-0.254517,0.285889,0.194946,0.386108,0.287964,-0.202637,0.907959,0.337158,-0.330811,0.826050,0.386353,-0.123169,0.866943,0.419678,-0.305664,1.210205,0.423706,-0.656738,2.320557,0.581665,-0.767700,1.975708,0.544556,-0.660522,1.712280,0.637451,-0.407104,1.588867,0.609863,-0.331909,1.600342,0.561646,-0.245117,1.393555,0.449219,-0.116577,1.061035,0.381714,-0.099365,0.856567,0.339111,-0.212524,0.714355,0.277710,-0.587036,0.685059,0.219238,-0.637451,0.536987,0.121826,-0.631226,0.515869,0.108765,-0.836426,0.638306,0.108398,-1.288574,0.641235,0.098022,-1.368164,0.552856,0.134521,-0.936157,0.353271,0.087891,-0.840088,0.470337,0.126709,-0.958496,0.825928,0.291626,-0.646240,0.812988,0.353271,-0.466675,0.756226,0.318726,-0.393799,0.813232,0.394531,-0.565063,1.046021,0.522949,0.070068,1.109985,0.614746,0.403320,1.156982,0.650635,0.433350,1.233276,0.655762,0.432251,1.056763,0.644897,0.316162,0.925781,0.582153,0.398926,0.831421,0.518555,0.532959,0.918213,0.463135,0.440552,1.081787,0.374390,-0.223755,1.160034,0.449951,-0.480713,0.709595,0.347656,0.217163,0.671875,0.382202,0.313599,0.995239,0.444702,-0.254150,1.138550,0.466675,-0.186157,0.984253,0.458252,0.264771,0.820679,0.431519,0.308960,0.865845,0.470947,-0.091187,0.915649,0.492920,-0.065063,0.922852,0.518433,0.264526,0.897705,0.503906,0.265747,0.833496,0.468872,0.183960,0.881592,0.505249,0.059692,0.869019,0.504883,0.154053,0.986450,0.514648,0.387939,1.017700,0.502075,0.357910,0.906372,0.477173,0.147461,0.872681,0.497681,0.107788,0.805420,0.524658,0.176636,0.928223,0.524536,0.368164,0.913330,0.514038,0.279785,0.867310,0.514771,0.058838,0.843384,0.506714,0.092285,0.794556,0.510254,0.285278,0.924316,0.515381,0.363770,0.939209,0.524048,0.198120,0.880737,0.526367,0.080566,0.862061,0.506226,0.133667
1.026489,0.578491,-0.089233,1.049683,0.575317,-0.085083,0.981445,0.488037,0.066772,0.988892,0.539307,0.153564,1.037720,0.554199,-0.004150,1.057251,0.559082,-0.070679,1.101685,0.624512,-0.105225,1.145752,0.628784,-0.205688,1.259277,0.617676,-0.005737,1.214722,0.591553,0.105591,0.995605,0.539062,0.067017,0.919556,0.597290,-0.001953,0.763550,0.651733,-0.007324,0.442505,0.600830,0.096069,0.321045,0.543701,0.359985,0.147217,0.607178,0.352539,-0.265625,0.493652,0.470947,-0.360596,0.444336,0.556763,-0.361084,0.297974,0.531738,-0.173584,0.135376,0.474731,0.317505,-0.122803,0.506714,0.908813,0.056641,-0.298218,1.202026,-0.089478,-0.531982,1.498169,-0.160645,-0.415649,1.700684,-0.273560,-0.429688,2.142334,-0.160522,-0.716309,2.713501,-0.029419,-1.196655,2.461792,-0.151123,-1.131470,1.825195,-0.383789,-0.375732,1.520020,-0.142578,-0.306152,1.517578,0.050903,-0.791870,1.332397,0.126709,-0.629517,1.017090,-0.002563,-0.398926,0.683350,0.003296,-0.060791,0.317627,0.097290,0.039062,0.260498,0.250488,-0.177246,0.410645,0.328979,-0.228760,0.378906,0.142822,-0.186768,0.125732,0.210571,0.195068,-0.186035,0.212891,0.585571,-0.083130,0.209839,0.017578,0.294312,0.206909,-0.261475,0.845825,0.149658,-0.216187,0.831787,0.067749,-0.070923,1.061035,0.166992,0.169678,1.756592,0.312134,0.127686,2.053345,0.219238,-0.277100,1.822632,0.233154,-0.333618,1.654785,0.252686,-0.106445,1.648804,0.271851,0.016968,1.549805,0.304443,0.166504,1.131714,0.268311,0.146118,0.888916,0.210693,-0.052002,0.908447,0.226196,-0.269897,0.990234,0.191406,-0.246460,1.052856,0.143799,-0.328613,1.030151,0.073730,-0.453491,0.744751,-0.078613,-0.498657,0.675293,-0.115601,-0.639160,0.854614,-0.083862,-0.765747,1.105225,-0.091309,-0.722412,1.104248,-0.104980,-0.577271,0.971313,-0.147461,-0.636597,0.858765,-0.083862,-0.713867,0.943115,0.020996,-0.663086,1.010010,0.165649,-0.477661,0.910278,0.185913,-0.139282,0.815796,0.271851,0.097656,0.818726,0.392456,-0.009521,0.863770,0.463989,0.005005,0.979492,0.537476,0.243286,0.837524,0.514160,0.308716,0.832886,0.484741,0.262695,1.042114,0.495117,0.114380,1.013672,0.468994,-0.033447,0.952637,0.417114,-0.029541,0.988037,0.383545,-0.073853,1.039185,0.356079,-0.031982,1.013184,0.363159,-0.095825,0.945312,0.361206,-0.245728,0.912109,0.313477,-0.237793,1.035767,0.324951,-0.164673,1.009399,0.335571,-0.077026,0.961548,0.363281,-0.126343,0.940308,0.361694,-0.157471,0.968018,0.336060,-0.147339,1.008179,0.336182,-0.100952,1.015015,0.365723,-0.024048,0.912598,0.367432,-0.101440,0.945190,0.351929,-0.187622,1.000000,0.343628,-0.180298,0.999878,0.347412,-0.060059,0.938599,0.362793,-0.022339,0.920166,0.369507,-0.139648,0.991211,0.355957,-0.190063,1.014038,0.349731,-0.160034,0.990723,0.362549,-0.048340,0.925293,0.371948,-0.062988,0.929932,0.360596,-0.137573,0.981689,0.346558,-0.147949
-0.005249,0.506226,0.909546,-0.123413,0.508789,0.750488,-0.225830,0.576172,0.413452,-0.152344,0.556152,0.557617,0.089722,0.561768,0.699341,-0.013916,0.569214,0.845703,0.036011,0.588867,0.871948,0.154297,0.611572,1.000732,0.443848,0.602051,1.274292,0.628540,0.557983,1.271973,0.558960,0.585938,1.186523,0.243774,0.620605,1.173950,0.211670,0.573486,1.186768,0.045166,0.555786,0.886108,-0.121216,0.652344,0.498169,-0.331909,0.718506,0.193237,-0.182617,0.710693,0.019165,-0.202026,0.654297,-0.146851,-0.322510,0.633545,-0.226562,-0.848999,0.616699,0.058472,-1.083496,0.509399,-0.379395,-0.870117,0.330933,-0.718384,-0.250122,0.123535,-0.543213,-0.462036,-0.019531,-0.261963,-0.801392,-0.156006,0.317505,-0.797119,-0.132080,1.362305,-0.019043,-0.184937,1.058350,0.693970,-0.245239,0.920654,-0.136719,-0.220215,1.785400,-0.332153,-0.404541,2.431152,0.390625,-0.428467,2.584717,0.580444,-0.374390,2.536865,0.302368,-0.358276,2.240234,-0.235718,-0.294556,1.878296,0.055298,-0.243652,1.876587,0.209106,-0.185303,1.702515,0.041870,-0.129272,1.406372,0.149902,-0.172363,1.291870,-0.076172,-0.230713,1.090576,-0.132446,-0.134766,0.576416,-0.041626,0.030396,0.117432,-0.148560,0.153320,-0.177246,0.047607,0.288330,0.056885,0.048096,0.262939,0.311279,-0.098633,0.086182,0.102783,-0.010620,0.156372,-0.222778,-0.154419,0.143433,-0.221924,-0.544067,-0.053467,-0.199219,-0.725952,-0.291138,0.514648,-0.382324,-0.228027,1.236572,-0.079834,-0.016235,1.164429,-0.012695,-0.078003,0.777588,-0.423462,-0.401855,1.599609,-0.464966,-0.246826,2.504517,-0.355957,-0.129517,2.352783,-0.548950,-0.109863,1.375366,-0.888916,0.003174,0.960938,-1.019165,-0.014771,1.314209,-0.907593,-0.043091,1.261719,-0.367920,-0.200684,1.150269,-0.317261,-0.187256,1.053589,-0.371826,-0.145996,0.951050,-0.362915,-0.144409,0.940308,-0.336548,-0.130859,0.839111,-0.110229,-0.269409,0.584961,0.223145,-0.363525,0.673096,0.539307,-0.328613,1.017944,0.872192,-0.250366,0.862427,0.874634,-0.269897,0.494873,0.836304,-0.346069,0.407349,1.022461,-0.449341,0.740479,1.085693,-0.506958,1.218628,0.898438,-0.480347,1.268555,0.512207,-0.422241,0.869141,0.616211,-0.258667,0.568970,0.081909,0.003784,0.754761,-0.168213,0.076416,1.030518,-0.483765,0.071045,1.134155,-0.547974,0.183472,1.197998,-0.472290,0.278564,1.091797,-0.463623,0.291016,0.952759,-0.212769,0.250854,0.912109,-0.065796,0.209106,1.027466,0.085449,0.154053,1.134155,0.163330,0.131836,1.111938,0.166504,0.116699,0.971558,0.217773,0.090088,0.943115,0.184692,0.072144,0.954712,0.190186,0.091309,0.911865,0.173706,0.123047,0.849365,0.137329,0.122070,0.847412,0.093506,0.102417,0.899780,0.144653,0.086548,0.995605,0.118286,0.092896,1.022095,0.130493,0.082031,1.006592,0.151489,0.093262,0.993530,0.162231,0.104370,0.985840,0.190308,0.096191,1.020996,0.183594,0.096924,1.065430,0.147583,0.095703,0.979736
0.996582,0.195312,0.228149,0.995361,0.193970,0.146484,0.959961,0.192505,0.103516,0.964600,0.182373,0.081543,1.002319,0.172119,0.204346,1.068848,0.189697,0.333130,1.019531,0.099609,0.180420,0.964355,0.129639,0.029175,0.969604,0.134033,0.061523,1.002686,0.138550,0.174194,1.030273,0.156494,0.244141,0.979004,0.173828,0.159790,0.963135,0.159180,0.098389,1.014038,0.158081,0.173096,1.051636,0.158936,0.255127,1.022217,0.159180,0.189453,0.976562,0.155396,0.125244,0.983521,0.144531,0.128906,1.039795,0.151001,0.218262,1.055420,0.146606,0.208984,1.024048,0.145386,0.170288,1.005371,0.140381,0.130249,1.004395,0.141968,0.162231,0.991089,0.138672,0.166992,0.985229,0.138184,0.113892,0.999878,0.152222,0.169800,1.006348,0.146484,0.162598,0.997803,0.140015,0.125488,0.983032,0.135620,0.133301,1.025757,0.142822,0.182983,1.047974,0.151367,0.229614,1.037109,0.132446,0.152466,1.096436,0.113281,0.132324,1.212769,0.093018,0.179077,1.280884,0.093506,0.179321,1.262695,0.119873,0.208984,1.286499,0.077393,0.225342,1.419434,0.140015,0.357666,1.371704,0.253418,0.456543,1.239258,0.300049,0.251099,1.136841,0.290527,0.062500,1.059570,0.320068,0.118164,0.845093,0.407227,0.224976,0.771729,0.415649,0.182861,0.614136,0.434082,0.133057,0.410767,0.477295,0.115967,0.130737,0.476318,0.002319,-0.080566,0.491455,0.088135,-0.203369,0.491455,0.233643,-0.259644,0.435669,0.295288,-0.331787,0.400757,0.411255,0.145142,0.181152,0.008667,0.586426,0.003174,-0.259766,0.886597,-0.039185,0.259521,1.256836,-0.001709,0.562866,1.427856,0.002563,0.646484,2.164551,-0.224365,0.079712,2.248779,-0.181641,0.424927,2.192383,-0.094360,0.735718,2.026855,-0.099365,0.372559,1.868286,-0.118896,0.185059,1.723511,-0.083862,0.285156,1.422607,0.005371,0.473633,1.100342,0.036499,0.266479,0.892944,0.032104,0.060791,0.762695,0.079468,0.134399,0.710083,0.107300,0.232666,0.595337,0.110718,0.255859,0.498047,0.137207,0.236938,0.525024,0.145142,0.020630,0.453369,0.168091,0.114258,0.494873,0.192871,0.224121,0.484375,0.216675,0.105713,0.306030,0.246948,-0.042236,0.410889,0.255737,0.002441,0.711792,0.279785,0.169067,0.747314,0.378296,0.486816,0.792603,0.456299,0.338989,0.857178,0.446411,0.187378,0.999268,0.457397,0.487183,1.237549,0.536499,0.874756,1.198364,0.573730,0.849243,1.298828,0.543823,0.696167,1.279053,0.535522,0.785156,1.264282,0.507935,0.786133,1.072021,0.466675,0.614136,0.952393,0.399048,0.463623,0.905151,0.313721,0.451294,0.949707,0.270264,0.503174,0.945557,0.223145,0.446655,0.910156,0.132446,0.195068,0.879883,0.048340,-0.018677,0.887207,0.005127,-0.031982,0.995239,-0.025757,0.146484,1.006226,-0.040649,0.180176,1.050659,-0.080933,0.134888,1.209839,-0.108887,0.181641,1.222046,-0.045776,0.261841,1.079590,0.044067,0.134766,1.003784,0.078003,0.105347
0.797729,0.637085,0.106079,0.882202,0.661621,0.279175,0.846802,0.632935,0.114990,0.744507,0.640137,-0.008911,0.744507,0.652222,0.057617,0.776245,0.624146,0.116089,0.781982,0.634399,0.151123,0.909546,0.691162,0.205566,0.813599,0.645142,0.093628,0.771484,0.612427,-0.036743,0.861450,0.609375,0.091431,0.924805,0.650879,0.257324,0.896240,0.633667,0.124390,0.822998,0.604248,0.053101,0.819336,0.621460,0.086426,0.844116,0.611572,0.149292,0.854614,0.630127,0.165771,0.828979,0.617188,0.111450,0.834717,0.614380,0.071289,0.862427,0.617798,0.100464,0.874512,0.618896,0.140137,0.897949,0.626099,0.154785,0.979614,0.626831,0.165283,1.046631,0.625366,0.192017,1.080566,0.682129,0.181274,0.970093,0.704346,0.258545,0.985229,0.710327,0.164673,1.005493,0.713745,0.275024,1.038696,0.720581,0.293945,0.792969,0.781372,0.241943,0.565918,0.791870,0.133911,0.388184,0.740479,0.003906,0.158691,0.740112,0.050903,-0.011963,0.748901,0.117188,-0.159912,0.711060,0.090088,-0.268433,0.710571,0.141479,-0.255981,0.695190,0.191650,-0.121948,0.669189,0.259766,0.009766,0.627563,0.277344,0.084351,0.580078,0.261230,0.212646,0.559692,0.313843,0.928833,0.461670,0.138550,1.193970,0.458984,0.170654,1.043213,0.541382,0.499634,1.241089,0.598389,0.643677,1.575806,0.540283,0.573364,1.726196,0.503296,0.284180,1.371338,0.541016,0.388062,1.335205,0.540039,0.570068,1.539429,0.549561,0.617065,1.406860,0.530151,0.534546,1.157593,0.498047,0.455322,0.987183,0.490601,0.373535,0.890503,0.498169,0.343872,0.870117,0.501343,0.309082,0.707397,0.497925,0.253296,0.628418,0.448120,0.176880,0.566650,0.444824,0.088989,0.574951,0.472656,0.202759,0.548340,0.470215,0.118164,0.527344,0.464844,0.049683,0.401489,0.457642,0.059937,0.275024,0.494873,0.017944,0.325439,0.509277,0.118408,0.407837,0.566284,0.187134,0.472656,0.606812,0.186401,0.551880,0.711060,0.260376,0.653564,0.764160,0.246582,0.740601,0.791382,0.362305,0.613770,0.892334,0.590454,0.552979,1.013672,0.567993,0.592041,1.036743,0.468628,0.757690,0.998779,0.541992,0.755371,1.001709,0.726318,0.667603,0.986694,0.755859,0.558472,0.893555,0.629395,0.558350,0.835327,0.571289,0.610596,0.813477,0.642334,0.576660,0.755615,0.595947,0.624146,0.666260,0.393311,0.639282,0.590454,0.328735,0.724243,0.538208,0.374756,0.890869,0.541626,0.353271,0.947144,0.494507,0.366333,0.981567,0.449219,0.288452,0.999268,0.398682,0.190063,0.994751,0.392578,0.194824,1.031006,0.368164,0.230835,1.040894,0.374878,0.205322,1.013916,0.401489,0.211304,1.020996,0.401733,0.194824,0.981201,0.392578,0.182861,0.887695,0.443970,0.274902,0.807495,0.516113,0.248169,0.762817,0.541626,0.151001,0.796875,0.548706,0.197510,0.778442,0.614136,0.316040,0.695679,0.705566,0.367065,0.621338,0.722412,0.321045,0.559204,0.736572,0.429810
0.764404,0.708618,0.420776,0.734985,0.734619,0.447388,0.717285,0.712891,0.425781,0.654663,0.710693,0.424316,0.679810,0.707642,0.347656,0.825073,0.734741,0.611694,0.867676,0.716309,0.645630,0.807007,0.794556,0.624878,0.879639,0.826538,0.594482,0.800781,0.805786,0.554688,0.786743,0.786865,0.428833,0.724731,0.764404,0.302002,0.590698,0.817505,0.087280,0.385620,0.859863,0.148193,0.431885,0.919067,0.291504,0.402466,0.893188,0.314453,0.461060,0.866699,0.207764,0.456909,0.916626,0.240845,0.468872,0.876587,0.288574,0.411255,0.812866,0.177368,0.337891,0.799683,0.140503,0.248047,0.758423,0.113159,0.124512,0.763550,0.149658,0.010254,0.671021,0.062134,0.033081,0.538330,-0.065674,0.026978,0.512939,0.010986,-0.099854,0.500366,0.147705,-0.200562,0.539062,0.172729,0.167969,0.442139,0.065186,0.718262,0.459717,0.199951,1.098145,0.597046,0.660767,1.251465,0.683594,0.843750,1.171997,0.710449,0.753784,1.358887,0.703979,0.654175,1.448364,0.697754,0.619751,1.264648,0.685059,0.647827,1.082275,0.656738,0.598022,1.139893,0.663452,0.665283,1.271484,0.646484,0.689697,1.179565,0.637207,0.660767,1.126953,0.634644,0.620850,0.998779,0.590454,0.502075,0.979370,0.609985,0.402344,0.899414,0.634766,0.399536,0.725220,0.618286,0.393921,0.648926,0.552124,0.238892,0.598389,0.550781,0.135742,0.538818,0.558228,0.094360,0.494751,0.513794,0.090942,0.351318,0.403198,0.057129,0.247803,0.410767,-0.033936,0.261108,0.414185,-0.041870,0.246704,0.439209,0.037354,0.248779,0.488525,0.181030,0.150513,0.510132,0.236816,-0.011475,0.534424,0.227417,0.318237,0.675293,0.262573,0.414185,0.841797,0.397827,0.434082,0.927490,0.504883,0.490112,1.002319,0.541748,0.608032,1.156372,0.615234,0.680420,1.236084,0.751465,0.511963,1.206299,0.848511,0.432129,1.199951,0.921509,0.820557,1.134521,0.807617,0.672852,1.083496,0.842529,0.518311,0.975220,0.770142,0.546143,0.835938,0.532471,0.624023,0.749756,0.481079,0.889526,0.654297,0.393677,0.875488,0.577271,0.342651,0.842529,0.479858,0.169312,0.837769,0.409790,0.060181,0.887085,0.377441,0.111328,0.979736,0.343628,0.150513,1.088013,0.328003,0.185547,1.174316,0.334106,0.255615,1.049805,0.343018,0.257202,0.901123,0.410278,0.145874,0.904663,0.517700,0.078857,0.691528,0.642212,0.116699,0.491943,0.739990,0.243408,0.426758,0.764038,0.430786,0.366821,0.843262,0.563232,0.319092,0.894043,0.482178,0.453857,0.891968,0.428345,0.505981,0.884033,0.494873,0.482300,0.861572,0.483398,0.471313,0.829468,0.473267,0.550659,0.818115,0.414673,0.630981,0.801270,0.402344,0.653442,0.783447,0.403198,0.596558,0.741333,0.328491,0.549683,0.743774,0.318359,0.586670,0.758057,0.334595,0.651855,0.745850,0.299561,0.677368,0.747559,0.334229,0.606201,0.745605,0.330811,0.575195,0.752686,0.296875,0.622559,0.759644,0.328125
0.581055,0.759033,0.230347,0.598633,0.744507,0.280762,0.678955,0.756470,0.373413,0.712036,0.769531,0.405762,0.774048,0.760498,0.380127,0.765381,0.794678,0.494385,0.750244,0.864258,0.593140,0.856445,0.870117,0.550903,0.811890,0.849365,0.452393,0.809814,0.806152,0.379272,0.807007,0.874268,0.258789,0.699951,0.889404,0.186279,0.622803,0.916504,0.254761,0.567871,0.921631,0.250854,0.464600,0.870361,0.136597,0.302246,0.841309,0.035156,0.226074,0.822754,-0.015503,0.190308,0.819824,0.053223,0.277832,0.907104,0.160400,0.279541,0.916504,0.156128,0.236328,0.877808,0.111450,0.251709,0.828125,0.092651,0.284546,0.798706,0.058716,0.235474,0.728271,0.051514,-0.142456,0.598022,-0.052734,-0.395874,0.477173,-0.016357,-0.343018,0.419922,0.086426,-0.140503,0.399048,0.169922,-0.020264,0.441040,0.227051,0.860352,0.528076,0.535522,1.306519,0.718872,0.804688,1.236694,0.791504,0.751831,1.355591,0.766479,0.435669,1.664917,0.829102,0.614380,1.728638,0.836426,0.696899,1.563354,0.801270,0.537354,1.455688,0.752930,0.492310,1.307251,0.705566,0.504272,1.105713,0.674561,0.478027,0.908325,0.630493,0.407227,0.763184,0.592285,0.320923,0.797363,0.588989,0.297363,0.734619,0.604004,0.322021,0.581787,0.603516,0.332520,0.617554,0.562134,0.264282,0.663330,0.591064,0.291016,0.504761,0.593140,0.291870,0.377319,0.562622,0.173218,0.320068,0.538086,0.032104,0.346436,0.525635,0.036499,0.315308,0.516357,0.090698,0.247192,0.528809,0.075928,0.189697,0.493408,-0.089966,0.285278,0.466797,-0.021362,0.324951,0.606567,0.250732,0.245605,0.713379,0.302368,0.477295,0.825928,0.322510,0.669922,0.918213,0.575562,0.710938,1.094727,0.804321,0.744629,1.260010,0.907349,0.589966,1.251953,0.885132,0.522217,1.196045,0.885864,0.621826,1.160645,0.892212,0.547119,1.072266,0.752441,0.533081,0.976074,0.653687,0.548096,0.882690,0.564331,0.502197,0.761230,0.432251,0.534912,0.700317,0.398926,0.646362,0.638062,0.352417,0.774902,0.561890,0.258179,0.750854,0.523071,0.169067,0.846436,0.496338,0.109985,1.011963,0.484375,0.168091,1.129028,0.461792,0.235474,1.056641,0.436523,0.156128,1.008911,0.414062,0.060181,0.978638,0.410034,0.100098,1.029663,0.409912,0.196899,1.065430,0.444580,0.164917,0.929932,0.485474,0.148804,0.785278,0.515137,0.151367,0.747559,0.559204,0.230347,0.759399,0.661743,0.292480,0.586670,0.768677,0.318237,0.458984,0.796997,0.300293,0.411011,0.801758,0.344238,0.492065,0.883789,0.503418,0.474609,0.932007,0.598511,0.346069,0.912842,0.537598,0.312622,0.884155,0.481812,0.413330,0.863525,0.478760,0.570923,0.871338,0.554443,0.572144,0.847900,0.480591,0.554443,0.802856,0.350342,0.638306,0.748535,0.301636,0.699463,0.755615,0.337158,0.652466,0.768433,0.328491,0.640015,0.743042,0.245483,0.656006,0.728149,0.260010,0.676514,0.719849,0.368164
0.617554,0.769287,0.279541,0.624390,0.773071,0.295410,0.665405,0.776123,0.365112,0.623413,0.771729,0.280640,0.662109,0.778198,0.296753,0.727173,0.789429,0.378052,0.726318,0.826660,0.516235,0.717285,0.790039,0.373413,0.624023,0.772095,0.188599,0.608887,0.822388,0.167725,0.768311,0.859619,0.347168,0.760986,0.895874,0.467651,0.649414,0.885986,0.407837,0.594971,0.844482,0.217163,0.696533,0.849487,0.223511,0.824219,0.916626,0.398560,0.628174,0.917480,0.348999,0.474731,0.887207,0.132324,0.465332,0.876465,0.098633,0.482666,0.849854,0.187012,0.359863,0.862549,0.222290,0.274902,0.828979,0.074097,0.313354,0.823853,0.074951,0.352905,0.821533,0.231934,0.299072,0.769653,0.210205,0.175781,0.724609,0.144287,0.125732,0.697998,0.153198,-0.007446,0.642090,0.068970,-0.067139,0.596802,0.088013,-0.098633,0.556519,0.171509,-0.065796,0.605225,0.216309,0.345337,0.664551,0.247070,0.735596,0.732178,0.393555,0.932251,0.770630,0.499756,1.052734,0.807495,0.424072,1.393677,0.855835,0.437622,1.513672,0.882202,0.615845,1.418335,0.833252,0.458984,1.283936,0.791626,0.310669,1.213989,0.824097,0.447144,1.098999,0.806274,0.429932,0.938232,0.734375,0.330444,0.926270,0.743408,0.397827,0.826172,0.768433,0.468384,0.643921,0.735474,0.383911,0.571655,0.703003,0.328613,0.697266,0.724976,0.336914,0.736084,0.755859,0.370850,0.569580,0.719727,0.258423,0.498169,0.678467,0.108398,0.400513,0.640015,0.090332,0.370605,0.645508,0.102539,0.338745,0.631958,0.092896,0.307861,0.602661,0.056519,0.231323,0.544678,0.053101,0.155640,0.465210,0.046143,0.200928,0.550049,0.100098,0.253906,0.611694,0.118774,0.323242,0.626953,0.159668,0.345703,0.612549,0.258179,0.418945,0.749878,0.322754,0.650024,0.948975,0.476196,0.722534,0.996826,0.565063,0.794800,1.005737,0.515381,0.777100,1.217896,0.644409,0.672241,1.388306,0.795654,0.500610,1.307617,0.726440,0.531128,1.205444,0.691650,0.577148,1.130371,0.727783,0.542725,1.057129,0.717041,0.480225,0.947876,0.593750,0.430786,0.848511,0.473633,0.451660,0.761719,0.388062,0.476074,0.734863,0.307739,0.463257,0.680176,0.174805,0.546753,0.620483,0.143799,0.628296,0.606812,0.185547,0.639893,0.645996,0.223511,0.730347,0.576538,0.063721,0.796021,0.550171,0.146973,0.856323,0.525635,0.257568,0.913086,0.537598,0.246582,0.954346,0.525024,0.246826,1.062988,0.510986,0.252808,1.025635,0.529541,0.248291,0.897217,0.575073,0.195190,0.766968,0.621826,0.123535,0.744385,0.660889,0.194214,0.648804,0.745850,0.336914,0.478516,0.862183,0.349609,0.351562,0.895752,0.301758,0.312378,0.909546,0.364136,0.383789,0.940308,0.541870,0.374634,0.975708,0.603394,0.300415,0.983276,0.582275,0.362305,0.932861,0.444214,0.525146,0.905029,0.455566,0.653931,0.885498,0.499268,0.520630,0.839600,0.423950,0.479736,0.783325,0.294312
0.449341,0.663330,0.960693,0.154785,0.693726,0.846558,0.285767,0.578125,0.507324,0.279541,0.514893,0.448730,0.500854,0.559082,0.621582,0.468750,0.777222,0.854004,0.500244,0.848877,1.213623,0.632935,0.793701,1.301880,0.696899,0.684326,1.133423,0.412720,0.928467,1.461426,0.496582,0.892090,1.512085,0.726685,0.716064,0.563477,0.601074,0.665527,0.207642,0.494507,0.804932,0.320923,0.418701,0.773315,0.315430,0.315063,0.692749,0.025757,-0.116577,0.528442,-0.412720,-0.434692,0.344849,-0.737549,-1.083374,0.209106,-1.291016,-1.336914,-0.110352,-1.196167,-1.263672,-0.411621,-1.395020,-0.875244,-0.620117,-0.645020,-0.561401,-0.641235,0.172241,-0.097778,-0.636475,0.968994,0.315552,-0.622437,1.895996,1.261230,-0.591431,2.787231,1.519409,-0.198730,3.999878,1.331177,-0.000488,3.988770,1.307251,-0.191895,2.964111,1.480835,-0.107178,2.625977,0.876953,-0.031128,2.780151,0.516846,-0.227051,2.265991,0.464478,-0.468384,1.233521,-0.014404,-0.541260,-0.173462,-0.158081,-0.368042,-0.902710,-0.195068,-0.524536,-0.779297,-0.311035,-0.786865,-0.926025,-0.485107,-0.624390,-0.849487,-0.186523,-0.426514,-0.707397,-0.155396,-0.373657,-0.205200,-0.506470,-0.136963,0.380005,-0.588379,0.388306,2.058228,-0.547607,0.711670,2.737183,-1.002075,0.762695,2.748169,-1.168457,0.791260,2.151489,-0.891968,0.844971,1.886841,-0.545044,0.817383,1.790894,-0.554932,0.638428,1.389160,-0.341431,0.341919,1.123413,0.032471,0.119629,0.619263,0.255493,-0.114624,0.179932,0.758301,-0.255249,0.062256,1.321411,-0.397827,0.540161,2.058228,-0.566162,1.580078,2.051636,-0.565796,1.877319,2.188965,-0.669800,1.470215,1.367920,-0.801880,0.832031,0.480347,-0.442383,0.445190,-0.901367,0.003540,0.918945,-1.532349,0.332764,1.050049,-1.104858,0.422607,0.699463,-1.116455,0.599487,0.519165,-0.801270,0.669556,0.765381,-0.359863,0.691162,0.952637,-0.135498,0.641968,1.110840,-0.029907,0.584473,1.061890,-0.110352,0.551636,0.821655,0.104858,0.539307,0.599243,0.239746,0.529297,0.716553,0.133179,0.525513,0.966553,0.100586,0.515747,0.955933,0.077393,0.497314,0.758911,0.160889,0.488037,0.711060,0.170532,0.483643,0.834595,0.088013,0.499878,0.969971,0.015503,0.515381,0.905518,0.036621,0.488770,0.705322,0.175781,0.497681,0.754150,0.169067,0.524780,0.969971,0.134766,0.530762,0.981323,0.093140,0.516479,0.887085,0.083130,0.504272,0.793335,0.155029,0.502930,0.843628,0.165283,0.503296,0.936401,0.104858,0.497192,0.908325,0.054077,0.512695,0.843750,0.057983,0.503540,0.863159,0.122803,0.484985,0.828735,0.103149,0.490112,0.846436,0.119507,0.504395,0.851929,0.155518,0.492188,0.828857,0.199341,0.493408,0.888062,0.204834,0.502319,0.932861,0.142456,0.510620,0.865845,0.102051,0.507568,0.794067,0.103516,0.501221,0.820190,0.160522,0.504028,0.881226,0.109131,0.504150,0.912231,0.052490,0.501709,0.813477,0.060181,0.498901,0.811768
0.844482,0.598389,0.296143,0.844360,0.479370,0.478760,0.758545,0.302856,0.656982,0.746826,0.498413,0.368164,0.771973,0.697998,0.103027,0.875366,0.666138,0.171875,0.975342,0.708130,0.204834,1.074097,0.712524,0.234619,1.083008,0.704834,0.167358,1.285889,0.869263,0.107178,0.995728,0.477051,0.014038,1.220581,0.623169,0.122925,1.570190,0.771240,-0.180054,1.090576,0.703369,-0.018311,0.514893,1.524536,0.181030,1.029663,0.662476,0.161865,0.757202,0.860107,0.202881,1.053833,0.968384,0.230103,0.883179,0.836914,-0.136353,0.453735,0.604370,-0.211792,0.236694,0.484741,-0.086060,-0.005005,0.320312,0.306274,-0.579590,-0.001465,0.851440,-0.942261,-0.661499,1.290527,-0.968262,-0.888062,1.402100,-0.676147,-0.830200,1.091675,-0.190674,-0.996216,0.682373,0.253662,-1.090698,0.187134,1.030640,-0.999878,-0.475220,2.709106,-0.074585,-1.486450,2.345825,0.006226,-2.197998,2.241577,0.148193,-2.626221,2.192017,0.511841,-2.537598,2.031860,0.414795,-2.645996,2.111816,0.479248,-2.216064,1.724854,0.400635,-2.070557,1.176025,0.005005,-1.719604,0.813721,-0.187744,-1.181641,0.682983,-0.360107,-0.643921,0.572144,-0.337036,-0.382080,0.477051,-0.161987,-0.470947,0.527832,-0.175537,-0.555908,0.028809,-0.479492,-0.173828,-0.830200,-0.489746,0.752197,-1.179321,-0.514526,1.622681,-0.890015,-0.815674,1.316406,-0.390869,-0.797485,0.494507,0.172241,-0.517456,-0.243652,0.728882,-0.803101,-0.575195,2.929810,-0.411377,-1.125610,3.564697,0.728149,-2.200073,3.007446,0.552246,-2.140381,2.097778,0.167725,-1.371460,1.726807,0.418457,-0.913818,1.589478,0.324219,-0.638916,1.391479,0.279419,-0.299805,1.084351,0.228149,0.004761,0.662598,0.068115,0.203857,0.425415,-0.034180,0.146973,0.366943,-0.152222,-0.035156,0.339233,-0.354858,-0.368652,0.493286,-0.329956,-0.570923,0.414062,-0.473755,-0.944580,0.108032,-0.665771,-1.923706,0.614136,-0.213745,-2.541626,0.831543,-0.040405,-2.668457,0.709351,-0.385132,-2.365845,0.342285,-0.407349,-2.397461,0.393677,-0.646973,-1.837036,0.714111,-0.485596,-0.566040,0.729736,-0.193848,0.234863,0.574707,-0.132690,0.827637,0.575928,0.143921,1.063110,0.640991,0.359375,0.933228,0.869019,0.394043,0.596191,0.933716,0.462891,0.452637,0.933594,0.447632,0.407471,0.881958,0.518311,0.423218,0.916260,0.490479,0.401733,1.001465,0.514526,0.304077,0.997803,0.560669,0.190308,0.886719,0.544312,0.102295,0.848267,0.547241,0.127686,0.863403,0.562866,0.105347,0.906738,0.610596,0.046387,0.965576,0.639771,0.042969,0.907104,0.565674,0.047852,0.818726,0.482300,0.121216,0.833984,0.529175,0.157959,0.846802,0.557739,0.148438,0.909302,0.573975,0.104736,0.978394,0.584595,0.044434,0.913086,0.532593,0.078735,0.875854,0.540039,0.087646,0.863403,0.550049,0.122192,0.833252,0.545532,0.106812,0.864258,0.549683,0.068481,0.912109,0.565674,0.084717,0.892578,0.581787,0.064941,0.843018,0.570679,0.041748
0.861572,0.403687,0.243774,0.921143,0.372192,0.322876,0.938843,0.339844,0.404541,0.857666,0.358276,0.239990,1.000244,0.413086,0.220947,1.146973,0.402344,0.254272,1.308838,0.328613,0.387085,1.291626,0.348877,0.308594,1.307129,0.416992,0.290161,1.341675,0.188110,0.218994,1.452393,0.215942,0.333130,1.679321,0.571167,0.362549,0.774780,0.720093,0.056763,0.617188,0.940186,0.455933,0.892212,0.777222,0.235840,0.880249,0.746338,0.121948,0.582520,0.788452,-0.196899,0.481934,0.675903,-0.350098,0.243652,0.522217,-0.041504,-0.093384,0.234253,0.541748,-0.492188,-0.415649,1.618774,-0.383179,-0.791382,2.735352,-0.029175,-1.069824,2.631104,0.244995,-1.721924,1.348755,0.489380,-2.019775,0.277588,0.719116,-1.851562,-1.080566,2.194702,-1.588501,-2.294312,0.866211,-1.008179,-3.637695,1.001343,-0.813965,-4.000000,1.225952,-0.198486,-4.000000,1.429443,-0.024536,-3.729614,1.326294,0.085083,-3.122925,1.193970,-0.142212,-2.371582,0.707397,-1.055054,-1.694092,-0.071167,-1.372681,-0.612793,0.082520,-0.903198,-0.048706,-0.217651,-0.599487,0.487549,-0.856201,-0.668213,1.137817,-0.667603,-0.736084,1.460693,-0.121826,-0.703247,1.377075,0.160034,-0.578857,0.046631,0.309204,-0.932617,-0.518555,0.988403,-0.822876,-1.081909,2.520874,0.212402,-1.809082,2.699463,0.441772,-2.415894,2.226440,0.055176,-2.210327,1.748901,-0.033936,-1.615723,1.632080,-0.001709,-0.992065,1.562866,0.041016,-0.602905,1.273315,-0.106201,-0.660767,0.691528,-0.545776,-0.814209,0.094604,-0.617065,-0.544434,0.107666,-0.641724,-0.498535,-0.113770,-0.854858,-0.763794,-0.463867,-0.597046,-2.026123,-0.926147,-0.230957,-2.944824,-1.166504,-0.435547,-2.795288,-0.879028,-0.403442,-2.594116,-0.683960,-0.715698,-2.471680,0.309326,-0.582031,-1.713623,1.091309,-0.908325,-0.335449,1.164307,-0.407715,0.782593,1.096802,-0.088623,0.366089,1.501709,0.094482,-0.132446,1.818970,0.641113,-0.533325,1.128052,0.493652,-0.889893,0.667480,0.420654,-0.984863,0.399292,0.312744,-0.908325,0.384888,0.362305,-0.735962,0.471436,0.463501,-0.777954,0.462036,0.464966,-0.954468,0.383179,0.506348,-1.053223,0.369507,0.482056,-0.907104,0.326538,0.396973,-0.771362,0.353027,0.408325,-0.680786,0.416626,0.450806,-0.790527,0.470337,0.517456,-0.891968,0.478638,0.480347,-0.869995,0.409668,0.398926,-0.868164,0.390015,0.386963,-0.781616,0.432129,0.443115,-0.779907,0.469482,0.512939,-0.859131,0.398804,0.498291,-0.950195,0.375854,0.476196,-0.886597,0.354736,0.424805,-0.796387,0.344238,0.435059,-0.728027,0.338013,0.459717,-0.777100,0.382080,0.503052,-0.838989,0.450806,0.519165,-0.931885,0.443481,0.480713,-0.896484,0.442139,0.452515,-0.796143,0.375366,0.415283,-0.778076,0.405884,0.457153,-0.803223,0.449097,0.467651,-0.827515,0.449951,0.459961,-0.811523,0.424438,0.465698,-0.769653,0.377686,0.482666,-0.780151,0.391113,0.470825,-0.814575,0.418945,0.458862,-0.828735,0.427856,0.463379,-0.828857
0.263672,0.625854,-0.806763,0.267944,0.628296,-0.795898,0.264893,0.580078,-0.749634,0.190063,0.582642,-0.805908,0.244995,0.691772,-0.892578,0.330566,0.703491,-0.899170,0.249146,0.588013,-0.842773,0.312500,0.530151,-0.724121,0.364746,0.450439,-0.589355,0.663208,0.561768,-0.696411,0.990479,0.410400,-0.519165,1.045044,0.515137,-0.287109,1.133911,0.559082,-0.559204,1.032837,1.293579,-0.874634,1.110107,0.775635,-0.812622,1.402588,0.884766,-0.638428,1.629272,0.902954,-0.738281,1.492676,0.661011,-0.495850,1.282959,0.625122,-0.297607,1.160645,0.667480,-0.311035,0.948242,0.459473,0.106567,0.438965,0.324585,0.404907,0.114868,0.278198,0.492310,-0.180908,0.157471,0.676147,-0.325439,-0.247314,0.788818,-0.537720,-0.734009,1.490112,-0.282349,-1.327759,2.796021,0.264160,-1.532104,2.623169,0.560791,-1.721436,1.597900,0.640137,-2.237305,0.398804,0.783813,-2.703735,-0.225098,1.202148,-2.914673,-1.582764,1.553711,-1.481445,-4.000000,0.694580,-0.390137,-4.000000,0.270996,-0.562622,-3.864868,0.981812,-0.104248,-3.547852,1.151733,0.079102,-3.477051,0.545532,-0.078125,-3.202759,0.287842,0.022583,-2.854004,0.429199,-0.211304,-2.529907,0.513184,-1.040649,-1.758545,0.570557,-1.221436,-0.822998,0.477051,-0.833130,-0.202271,0.153320,-0.507568,0.264771,-0.119141,-0.532593,0.873413,-0.192139,-0.386230,1.747559,-0.328003,-0.450073,1.638062,-0.461792,-0.805298,0.643921,0.001587,-0.890503,-0.179443,0.633301,-0.968140,-0.699341,1.250732,-0.598267,-1.445190,1.436279,-0.246460,-2.409790,1.649170,-0.002319,-2.929932,1.538696,0.362549,-2.756104,1.520752,0.181641,-2.018188,1.282471,-0.106323,-1.343872,0.992188,-0.275757,-0.864258,0.874634,-0.236084,-0.887329,0.551270,-0.246460,-0.926758,0.111572,-0.657349,-0.811523,-0.306641,-0.747070,-0.810303,-0.464966,-0.789673,-0.896606,-0.603149,-0.443481,-1.318115,-0.275391,-0.168457,-1.362671,-0.358154,-0.246460,-1.569580,-0.785034,-0.500977,-2.066528,-0.911377,-0.268311,-2.110840,-1.211304,-0.307251,-2.203003,-0.642944,-0.865845,-1.848389,-0.135254,-0.849121,-1.276001,0.571533,-0.725342,-0.585571,1.550049,0.026611,-0.340332,1.652222,0.125732,-0.455811,1.405640,0.002441,-0.542358,1.143188,0.118652,-0.567261,1.013916,0.349243,-0.689819,0.767822,0.458130,-0.729370,0.510620,0.524780,-0.737427,0.378662,0.491455,-0.772827,0.336670,0.499878,-0.899048,0.344971,0.480591,-1.048462,0.451172,0.481445,-1.040405,0.446167,0.443481,-0.889771,0.308350,0.383545,-0.815063,0.220581,0.385376,-0.824707,0.273926,0.446655,-0.846558,0.321899,0.457520,-0.839844,0.338135,0.489502,-0.865601,0.317993,0.470215,-0.854248,0.259644,0.406250,-0.824707,0.257324,0.411255,-0.816650,0.269531,0.438354,-0.871460,0.291504,0.474243,-0.931519,0.338135,0.488037,-0.972412,0.334351,0.432251,-0.942017,0.269531,0.398193,-0.891724,0.309082,0.447144,-0.847656,0.333618,0.477051,-0.859985,0.327881,0.459595,-0.864502,0.331665,0.439453,-0.855103
0.917114,0.387329,0.213013,0.928223,0.294556,0.272217,0.944580,0.303101,0.262817,0.939209,0.377808,0.142578,0.963013,0.357666,0.210571,1.025391,0.374634,0.203125,1.131958,0.349487,0.260742,1.082275,0.302734,0.198120,1.025391,0.354492,0.098755,1.041260,0.373657,0.117065,1.346436,0.293945,0.115723,1.349365,0.432007,0.163086,1.400391,0.442749,0.221680,1.409912,0.788574,0.163696,1.425781,0.717529,0.157715,1.180420,0.687744,0.251221,0.883179,0.537598,0.557495,0.744263,0.717529,0.342041,0.629639,0.717773,0.051514,0.235962,0.600830,0.119019,-0.030518,0.628662,0.230713,-0.096436,0.728027,0.198608,-0.177368,0.556641,0.347900,-0.265625,0.369629,0.543213,-0.378784,-0.108398,1.219116,-0.260376,-0.339844,1.901001,0.107544,-0.633911,1.768555,0.414185,-1.009155,0.911865,0.458740,-1.342896,0.451294,0.406372,-1.624756,-0.267578,1.185669,-1.190308,-1.639526,1.603516,-0.058228,-3.083252,1.123779,0.082886,-2.999512,0.780029,-0.106934,-2.209229,0.838013,-0.147827,-2.227905,1.170044,0.041382,-2.865356,1.330200,0.799561,-3.305054,0.790161,0.363037,-2.839722,0.286865,0.028320,-2.474487,0.441772,0.093018,-2.242920,0.363770,-0.243042,-1.645142,0.104248,-0.425781,-1.076172,-0.019409,-0.509399,-0.866333,-0.032715,-0.447754,-0.408691,-0.056641,-0.342773,0.104248,-0.393433,-0.465088,0.398315,-0.427002,-0.439697,1.042480,-0.056396,-0.570557,1.487671,0.144043,-0.548462,0.953003,0.221802,-0.470825,0.029419,0.748535,-0.692383,-0.317139,1.119385,-0.536743,-0.974609,1.568481,-0.165161,-1.869263,2.087646,0.451050,-2.464478,1.619751,0.343140,-2.470581,1.153931,0.230347,-2.186157,1.065063,0.334473,-1.648926,1.051514,0.168579,-1.240723,1.060791,0.095947,-1.107666,0.809814,-0.091309,-1.035522,0.509766,-0.218262,-0.944458,0.332153,-0.191284,-0.815918,0.108887,-0.317627,-0.797119,-0.131836,-0.447388,-0.938965,-0.595215,-0.350220,-1.189819,-0.555908,-0.140259,-1.440552,-0.589722,0.060425,-1.661133,-0.582520,-0.096802,-1.727783,-0.418091,-0.036377,-1.700317,-0.338013,0.036865,-1.709717,-0.141968,0.076416,-1.590210,0.017822,0.088135,-1.350952,0.213379,0.230225,-0.978394,0.428223,0.384888,-0.670654,0.526978,0.396484,-0.404175,0.650391,0.285767,-0.203125,0.875244,0.307983,-0.188599,1.068237,0.451538,-0.217407,1.157227,0.492432,-0.097900,1.120483,0.482056,-0.057007,1.001099,0.500122,-0.115356,0.835693,0.534058,-0.190063,0.773804,0.540161,-0.348267,0.834595,0.605469,-0.513184,0.838501,0.591064,-0.448120,0.740234,0.558105,-0.393311,0.605469,0.520020,-0.506836,0.664307,0.547485,-0.599854,0.773682,0.568237,-0.547363,0.861328,0.628784,-0.449097,0.850830,0.582642,-0.453003,0.818481,0.542725,-0.522583,0.779419,0.534546,-0.583618,0.856323,0.560181,-0.435303,0.913818,0.526978,-0.302490,0.914917,0.520752,-0.306274,0.896240,0.505005,-0.335083,0.848511,0.502319,-0.362427,0.808105,0.520996,-0.336182,0.820801,0.507812,-0.269409
1.053345,0.405396,0.213257,0.957275,0.369019,0.155884,0.836060,0.549927,-0.109741,0.781128,0.605713,-0.217896,0.876221,0.583130,-0.136963,1.180786,0.438354,0.168091,1.071045,0.313965,0.194092,0.992798,0.336548,0.083374,1.130249,0.538696,-0.154175,1.424561,0.291504,-0.241577,1.408691,0.380249,0.015991,1.465454,0.307861,0.204956,1.312866,0.604004,-0.012695,1.449463,0.992432,-0.325684,1.400024,0.561890,-0.051270,1.139160,0.521362,0.327026,0.797241,0.590454,0.379395,0.530396,0.388306,0.278442,-0.039551,-0.096802,0.461670,-0.806152,-0.899536,1.508423,-0.846313,-1.371582,3.091309,-0.039917,-1.356934,3.350342,0.378784,-2.017334,1.527588,0.640503,-2.644287,-0.027954,0.884155,-3.045654,-1.112793,2.187866,-1.864380,-3.749878,1.439819,0.435547,-4.000000,0.961792,0.980347,-4.000000,1.072144,0.237183,-4.000000,1.011230,0.091187,-3.880127,1.101318,-0.286499,-3.192505,0.805786,-1.496826,-1.722412,0.299683,-2.011963,-0.650635,0.277100,-1.324219,0.416992,-0.020874,-1.309937,1.968872,-0.293579,-0.615845,3.463257,-0.582275,-0.843018,1.481567,-0.760620,-1.520264,0.284424,0.019287,-1.351685,0.000854,0.854736,-0.956787,-1.112305,1.276367,-0.819580,-2.414551,1.964478,0.163086,-3.966187,2.048096,1.140381,-3.298584,1.982056,0.568481,-2.133545,1.729248,0.001099,-1.078613,1.492798,-0.196411,-0.904663,1.145020,-0.432983,-0.821655,0.978027,-0.464355,-0.615601,0.639771,-0.963867,-0.651245,-0.077148,-1.504028,-0.750488,-0.644043,-1.166504,-1.922485,-1.259155,-0.527466,-3.566528,-0.803833,0.541260,-4.000000,-0.444458,-0.405151,-3.284546,-0.430786,-1.392212,-2.810913,0.679321,-1.485229,-2.101685,1.668457,-1.430542,-0.979126,1.915527,-0.903442,0.363525,1.960449,-0.099976,1.065308,1.906494,0.233643,0.197266,1.425171,0.403809,-0.484009,0.771484,0.554199,-0.904663,0.588501,0.720215,-0.736572,0.400879,0.572754,-0.598633,0.415283,0.496338,-0.571289,0.511108,0.537476,-0.743408,0.618896,0.570679,-0.874146,0.691528,0.652466,-0.988159,0.599609,0.566284,-0.942749,0.512573,0.458740,-0.775391,0.568970,0.491211,-0.608398,0.593872,0.516113,-0.539551,0.649414,0.570557,-0.537842,0.576294,0.485718,-0.684082,0.655029,0.501099,-0.730347,0.694458,0.521118,-0.658569,0.696533,0.516113,-0.574707,0.661987,0.516113,-0.572388,0.648438,0.558716,-0.732178,0.649414,0.566040,-0.781982,0.598999,0.536133,-0.747681,0.618408,0.552612,-0.629150,0.629761,0.513306,-0.596436,0.615479,0.480957,-0.611206,0.656494,0.521240,-0.605225,0.638428,0.528442,-0.574951,0.622681,0.527710,-0.550293,0.633789,0.539185,-0.539917,0.631226,0.519409,-0.595825,0.658203,0.560303,-0.649170,0.635986,0.536377,-0.683105,0.635376,0.569580,-0.702881,0.695801,0.569458,-0.589111,0.717529,0.491577,-0.405518,0.764404,0.439941,-0.328003,0.608276,0.547119,-0.791992,0.633301,0.727539,-0.927856,0.870361,0.606445,-0.469238,1.055664,0.430786,0.035645,0.906494,0.295532,-0.134033
1.004761,0.507202,0.154053,0.996704,0.493042,0.166382,0.946899,0.508667,0.130737,0.826538,0.507812,0.002930,0.905518,0.581421,-0.005737,1.026123,0.585693,0.032227,1.141724,0.609619,0.033569,1.340820,0.608765,-0.077881,1.441162,0.287476,-0.210815,1.456055,0.762573,-0.269287,1.632324,0.877563,-0.525146,1.410400,0.802124,-0.412109,1.045410,0.649170,0.027100,0.762939,0.505859,0.312622,0.356567,0.691650,0.089966,-0.045898,0.557739,0.188843,-0.259155,0.442017,0.313110,-0.432861,0.133911,0.593262,-0.646606,-0.381958,1.681152,-0.183838,-0.632446,3.071655,0.409790,-1.123047,2.876953,0.360962,-1.792358,0.907471,0.547729,-1.960938,0.181641,0.762329,-2.624878,-0.342285,1.520752,-2.874756,-2.030273,1.619751,-0.682617,-4.000000,0.987549,1.419312,-4.000000,0.997803,0.372437,-4.000000,0.832886,-0.589844,-3.916504,0.728149,-0.185547,-3.587402,0.708130,-1.305298,-2.399048,0.296265,-1.905884,-0.947876,0.274414,-1.547729,0.133545,0.295776,-0.873779,0.881470,-0.031372,-0.732788,1.957642,-0.135010,-0.377686,2.273193,-0.600830,-0.685913,1.120483,-0.629883,-1.065796,-0.062866,0.104614,-1.123779,-0.550781,0.827759,-0.884277,-0.903076,1.596802,-0.397949,-1.936646,2.243286,0.924805,-3.372070,1.900269,0.833984,-3.067261,1.489990,0.179688,-2.271973,1.343384,-0.103638,-1.194214,1.456299,0.066040,-0.911621,1.234009,0.015869,-0.896729,0.774414,-0.549194,-0.672729,0.456055,-0.995117,-0.553833,0.101685,-0.755737,-0.653687,-0.124634,-0.518188,-1.239868,-0.184082,-0.252075,-2.102905,-1.152100,-0.210571,-2.941650,-1.595093,-0.345093,-3.054321,-1.199707,-0.661499,-3.059814,-0.479248,-0.552734,-3.225708,0.746826,-0.808716,-2.705811,1.515869,-1.246094,-1.224121,1.891235,-0.525146,1.112671,1.431519,-0.002686,1.083618,1.515747,0.192627,-0.259399,1.477295,0.686279,-0.887451,0.986084,0.830811,-0.960449,0.708618,0.778442,-0.713745,0.422241,0.602905,-0.625732,0.377197,0.587280,-0.580078,0.421021,0.678345,-0.557861,0.446899,0.651245,-0.684570,0.520508,0.678345,-0.742554,0.502808,0.651001,-0.837036,0.441162,0.596924,-0.740234,0.409058,0.587646,-0.656738,0.386963,0.595825,-0.608643,0.453857,0.626709,-0.660645,0.579834,0.626953,-0.714600,0.526611,0.605225,-0.758179,0.478394,0.614502,-0.719360,0.420654,0.634766,-0.719482,0.432373,0.640015,-0.708862,0.429810,0.652710,-0.705933,0.463257,0.635376,-0.702759,0.386230,0.621216,-0.734619,0.379272,0.609741,-0.734863,0.424683,0.613770,-0.709106,0.464478,0.622559,-0.701416,0.449829,0.621704,-0.666626,0.413452,0.627563,-0.649170,0.382935,0.606812,-0.699463,0.422974,0.645752,-0.703735,0.451782,0.645264,-0.703613,0.474487,0.651489,-0.669189,0.449707,0.652100,-0.679321,0.386230,0.604004,-0.746338,0.447144,0.643188,-0.747314,0.490601,0.641846,-0.704468,0.498169,0.637695,-0.652588,0.461548,0.624390,-0.639893,0.437622,0.620972,-0.672852,0.447754,0.630493,-0.685181,0.452637,0.657227,-0.687378
0.746216,0.683472,0.117310,0.810913,0.671753,0.205200,0.701782,0.605835,0.301147,0.876099,0.582153,0.441162,0.687500,0.594360,0.308228,0.756104,0.662842,0.258545,0.868896,0.639160,0.323730,0.913940,0.519043,0.367554,0.992798,0.581421,0.428589,0.867676,0.617676,0.380249,1.031616,0.485718,0.224243,0.843506,0.538818,0.120850,0.848877,0.608276,0.306763,1.070801,0.841797,0.190430,1.037598,0.764038,0.271973,1.184448,0.650635,0.577881,1.046387,0.909912,0.363770,1.349854,0.965332,0.294678,1.395752,0.880371,0.529907,1.113770,0.864990,0.441406,0.550049,0.603516,0.240234,0.069214,0.549438,0.478516,-0.268433,0.418579,0.682129,-0.624878,0.017212,1.131592,-0.753662,-0.795654,2.083008,-0.367554,-1.101318,2.776123,0.056641,-1.676392,1.868530,0.396851,-2.429443,0.782837,0.689209,-2.690430,0.042236,0.976074,-2.832642,-0.862305,2.272583,-2.175781,-2.860474,2.110352,-0.502441,-4.000000,1.839844,0.216064,-4.000000,1.872559,-0.262207,-4.000000,1.938477,-0.326416,-3.373169,1.753784,-0.037842,-3.083252,1.056641,-1.020630,-2.514160,0.252808,-1.912354,-1.565552,0.149902,-1.391846,-0.046631,0.235107,-0.731201,0.312256,-0.087280,-0.727051,0.837646,-0.691162,-0.817505,1.611328,-0.957031,-0.350464,2.177734,-0.624268,-0.925903,0.753296,-0.220947,-1.078491,-0.261841,0.829468,-1.244751,-0.547729,2.295166,-0.200195,-1.394897,2.937988,0.635132,-2.493774,2.744141,0.795410,-2.836304,1.905029,0.156738,-2.030029,1.648560,0.089844,-1.283691,1.580078,0.130371,-0.800781,1.205444,-0.110840,-0.515747,0.803589,-0.447266,-0.530273,0.233765,-0.526978,-0.732910,-0.443604,-0.694458,-0.836304,-0.882202,-0.842407,-1.041992,-1.339111,-0.478027,-2.647583,-1.191772,-0.015381,-3.675415,-0.720215,0.129272,-3.468018,-0.874878,-0.685669,-2.805420,0.260254,-1.110474,-1.895508,1.124268,-0.645996,-0.442261,1.510254,-0.113525,0.835938,1.917603,0.119507,1.062378,1.937866,0.357666,0.279907,1.167480,0.523438,-0.431152,0.889771,0.721680,-0.446533,0.826660,0.821045,-0.357178,0.848877,0.731445,-0.245605,0.765747,0.694336,-0.241943,0.454590,0.462402,-0.507812,0.681885,0.612549,-0.395264,0.878784,0.729248,-0.273804,0.961914,0.699951,-0.171387,0.937622,0.610352,-0.054443,0.751709,0.488525,-0.135620,0.772339,0.680054,-0.415161,0.929443,0.724609,-0.271851,0.962036,0.632568,-0.080811,0.873901,0.486206,0.047852,0.755493,0.422974,-0.074585,0.803955,0.586914,-0.294800,0.988403,0.722900,-0.311890,0.941406,0.639160,-0.147583,0.852661,0.479370,0.033936,0.783081,0.481689,-0.042603,0.821411,0.564331,-0.183350,0.925293,0.613281,-0.171509,0.914307,0.577026,-0.131470,0.886353,0.545166,-0.066162,0.853149,0.515747,0.015503,0.846802,0.528198,-0.030518,0.893433,0.567505,-0.063354,0.916748,0.576416,-0.100464,0.903931,0.567383,-0.082031,0.911499,0.566162,-0.023438,0.908813,0.546265,-0.006836,0.895630,0.541504,-0.033691,0.895630,0.532593,-0.024536
0.916504,0.438599,0.289917,0.881592,0.561157,0.151489,0.865479,0.599121,0.054199,0.792969,0.602905,0.015137,0.867188,0.589600,0.120239,1.012695,0.623901,0.192627,1.010620,0.626465,0.047363,1.035645,0.680176,-0.103394,1.155396,0.765991,-0.071167,1.286255,0.795532,0.089478,1.455200,0.717407,0.176270,1.575317,1.041382,-0.109009,1.311523,0.748901,0.234497,1.060059,0.963013,0.300903,0.932373,0.722290,0.398071,0.613281,0.558350,0.427734,0.412109,0.544312,0.287354,0.203125,0.642578,0.166138,-0.046631,0.405518,0.162720,-0.242676,0.284668,0.448975,-0.552002,-0.381958,1.023926,-0.695557,-1.022339,1.929321,-0.288818,-1.342773,2.652222,0.328857,-1.985718,1.764648,0.725586,-2.414673,0.822998,0.891724,-2.283325,0.003906,1.113892,-2.241089,-1.276245,2.154175,-1.555542,-2.348999,1.648315,-0.568970,-3.093262,1.186890,-0.690308,-2.707397,1.470581,-0.437378,-3.142700,1.499634,-0.011963,-3.427368,0.401245,0.098022,-4.000000,0.270508,0.611084,-3.825562,0.195068,0.239258,-3.598022,0.280518,-0.295288,-2.871704,0.383667,-0.587646,-2.083618,0.485718,-0.744507,-1.393799,0.320801,-0.809448,-1.042480,0.267212,-0.823120,-0.718628,0.172485,-0.679810,-0.198364,-0.152344,-0.929932,0.177368,-0.298706,-1.230957,0.485352,-0.070923,-1.139771,0.945435,0.136475,-1.281372,1.345825,0.132812,-1.096680,1.165771,0.152710,-1.015991,0.329834,0.823608,-1.273560,-0.410889,2.193726,-0.018921,-2.220093,2.206543,0.921265,-3.698975,1.598755,0.822021,-3.908936,1.426025,0.481812,-3.240479,1.649902,0.453857,-2.380615,1.653687,0.283203,-1.581665,1.515625,0.266724,-1.182739,1.207153,0.072266,-1.084473,0.942383,-0.145996,-0.917480,0.672607,-0.509277,-0.648193,0.358643,-0.588257,-0.505371,-0.086426,-0.654419,-0.743164,-0.422852,-0.827515,-0.932495,-1.040771,-0.919678,-1.138794,-1.617798,-1.113892,-1.493164,-1.363647,-0.495239,-1.952637,-1.590698,-0.276123,-2.331299,-2.233643,-0.580811,-2.576294,-2.393555,-0.917847,-2.643677,-1.243042,-1.088257,-2.017822,0.018311,-0.251099,-0.988159,0.254028,-0.441772,-0.841187,0.786377,-0.829834,-0.492065,1.705444,-0.099365,0.388672,1.908569,0.213501,-0.101074,1.791260,0.416870,-0.937744,1.739746,0.587769,-1.174927,1.651245,0.593384,-0.778198,0.889038,0.272827,-0.513672,0.507202,0.366577,-0.554810,0.551758,0.666016,-0.870605,0.730591,0.891846,-0.893311,0.578125,0.826416,-0.797485,0.193115,0.565674,-0.800293,0.103638,0.653931,-0.891602,0.261353,0.726074,-0.686646,0.233887,0.644287,-0.566040,0.092773,0.596802,-0.669556,0.142578,0.673340,-0.777710,0.313965,0.787109,-0.811035,0.320801,0.734375,-0.739990,0.245972,0.672607,-0.698975,0.125610,0.635376,-0.792358,0.150391,0.666504,-0.814697,0.244751,0.674561,-0.715942,0.237183,0.632080,-0.674438,0.220093,0.665649,-0.753540,0.278687,0.742798,-0.846069,0.294922,0.715942,-0.835571,0.275635,0.669800,-0.716797,0.221558,0.637085,-0.659302,0.198242,0.662476,-0.743408
0.848389,0.476318,0.301270,0.880249,0.673462,0.072266,0.864136,0.588745,0.188599,0.904175,0.507690,0.315796,0.964722,0.524536,0.303223,1.034912,0.564331,0.232666,0.998291,0.646484,0.067139,0.815308,0.671631,-0.030273,0.926025,0.554932,-0.045776,1.517700,0.572998,0.033936,1.529663,0.520630,0.098999,1.425171,0.807251,0.128052,1.237427,0.932617,0.036865,1.502319,0.816772,0.077393,1.350464,0.738525,0.362427,1.033081,0.588501,0.407837,0.734741,0.574097,0.303833,0.503540,0.546753,0.248291,0.505737,0.642456,0.233887,0.360352,0.482422,0.415039,0.032593,0.106689,0.758179,-0.171997,-0.186523,1.192627,-0.232544,-0.737427,2.029053,0.209473,-1.228882,2.884644,0.572510,-1.467041,2.121582,0.704590,-1.973633,0.645142,0.729980,-2.352051,0.036621,0.785156,-2.534546,-0.599854,0.417725,-2.469116,-2.435791,0.545410,-0.680054,-4.000000,-0.372925,-0.300537,-4.000000,-0.399170,-0.240356,-4.000000,-0.283569,0.044922,-4.000000,-0.507690,0.286133,-4.000000,-0.478882,0.302612,-3.536133,-0.588135,-0.227295,-2.773071,-0.588013,-0.846069,-2.012085,-0.013184,-1.062500,-0.949341,0.194458,-0.921265,-0.337402,0.149536,-0.781372,0.211914,-0.165527,-0.979248,0.589355,-0.150269,-0.949585,1.197266,0.267212,-0.664185,2.213257,-0.145020,-0.898804,1.513306,-0.812744,-1.294189,0.264771,0.148926,-1.281250,-0.400879,1.158447,-0.907959,-1.296631,1.430664,-0.234863,-2.670654,1.492310,0.381226,-4.000000,1.364624,0.612183,-3.863159,1.063843,0.225952,-2.945068,1.237427,0.231567,-1.818604,1.315674,0.202515,-1.310791,1.106934,0.060913,-1.093262,0.744629,-0.250732,-0.875000,0.399658,-0.592041,-0.594238,0.229370,-0.527222,-0.419556,-0.150757,-0.629272,-0.465942,-0.823608,-0.849121,-0.760010,-2.141235,-0.975708,-1.365112,-2.092163,-0.637939,-2.034668,-1.857788,-0.119507,-2.307129,-2.052490,-0.290649,-2.057983,-2.080078,-0.633545,-1.777710,-1.136230,-0.633179,-1.267700,0.274170,-0.112671,-0.865112,1.143799,0.081787,-0.592773,1.471802,0.106812,-0.361816,1.382080,0.287964,-0.283203,1.206421,0.450317,-0.315674,1.057373,0.493408,-0.523682,1.042603,0.611938,-0.668945,0.842041,0.657593,-0.751709,0.330811,0.461914,-0.937378,0.278442,0.612915,-0.939087,0.279053,0.658936,-0.942017,0.297729,0.716797,-0.823364,0.299561,0.684326,-0.707397,0.082520,0.553101,-0.779663,0.034424,0.519653,-0.880249,0.171509,0.607910,-0.854004,0.255127,0.643433,-0.811035,0.311157,0.626831,-0.769897,0.247314,0.560181,-0.847778,0.158569,0.483398,-0.924072,0.245239,0.539429,-0.884399,0.277466,0.580566,-0.813110,0.280518,0.593018,-0.799072,0.240723,0.578247,-0.860840,0.202637,0.534058,-0.877686,0.236938,0.553223,-0.803345,0.240356,0.579956,-0.745117,0.225952,0.586426,-0.754150,0.227783,0.586304,-0.820312,0.239014,0.581421,-0.847412,0.221802,0.575806,-0.840576,0.239746,0.620605,-0.806885,0.259766,0.600708,-0.811157,0.299927,0.590820,-0.836792,0.321167,0.572266,-0.865479
0.822754,0.374634,0.593628,0.741699,0.582764,0.522949,0.724854,0.567871,0.426392,0.587769,0.460327,0.487427,0.693848,0.378784,0.707031,0.731567,0.472656,0.450684,0.829956,0.606079,0.352173,0.815796,0.459717,0.298096,0.777344,0.397583,0.352417,0.597412,0.545776,0.203491,0.827759,0.470703,0.359253,1.005981,0.213501,0.733032,1.131714,0.420044,0.679443,0.289062,0.860474,0.842896,0.840820,0.410522,1.024048,0.788940,0.437988,1.193115,1.464478,0.854736,1.618530,1.411133,0.951416,1.296997,1.227295,0.637207,1.095093,1.121826,0.721191,0.837158,0.950073,0.681274,0.581787,0.714478,0.593384,0.660522,0.275024,0.509155,0.233643,-0.016479,0.496826,0.081787,-0.049683,0.521240,-0.134277,-0.333496,0.398926,-0.047729,-0.929932,0.159180,-0.038452,-1.422241,-0.406128,0.133667,-1.848267,-0.729492,0.470703,-1.784058,-1.010742,0.459229,-1.148315,-1.339233,0.307251,-0.610352,-1.709595,0.192505,0.306152,-1.815552,0.054932,2.364868,-1.346802,0.822266,3.748901,-0.427124,0.861206,3.624756,0.076660,0.093140,3.202515,0.326294,-0.142578,3.491089,0.333496,0.337280,3.999878,0.788818,0.051880,3.533691,0.401489,-0.068237,2.808228,0.304932,-0.387817,2.376953,0.231079,-0.856567,2.221191,-0.005249,-0.446289,1.733765,-0.516846,-0.274658,1.103394,-1.000977,-0.263428,0.151489,-1.274048,-0.196167,-0.454712,-1.057739,-0.401367,-1.806641,-1.541870,0.052490,-2.376343,-2.035767,0.811646,-2.565918,-1.786377,0.587036,-1.384888,-1.665161,0.031616,0.322510,-2.039185,0.194580,3.633057,0.129639,1.384521,3.373657,-0.034302,1.057251,3.999878,0.368042,1.385986,3.642700,1.151855,0.437500,2.427734,0.619141,1.534546,1.495605,0.069702,1.845947,0.907104,-0.128906,1.002441,0.905029,-0.128418,0.508423,0.817993,-0.176514,-0.017212,0.623291,-0.214111,-0.142334,0.557007,-0.570190,-0.568604,0.898682,-0.441895,-1.367432,2.029297,-0.055908,-1.667603,2.192993,-0.052124,-1.601074,1.938110,-0.400757,-1.164673,1.739868,-0.320190,-0.917480,1.696899,-0.033813,-0.861694,1.449463,-0.039795,-0.452881,1.190308,-0.111206,0.171875,0.413940,-0.321045,0.947754,-0.527710,-0.086670,1.587646,-0.458374,0.191650,1.545898,0.040039,0.448730,1.210083,0.250977,0.466431,1.228516,0.236450,0.478149,1.187134,0.127075,0.474365,1.030396,0.307373,0.582031,0.762695,0.661133,0.635010,0.668823,0.884399,0.751221,0.412354,0.663696,0.660156,0.305176,0.486206,0.567993,0.469971,0.481201,0.550903,0.502319,0.635254,0.612061,0.528198,0.718140,0.690308,0.502930,0.603271,0.579346,0.494019,0.465942,0.485229,0.500000,0.462646,0.533936,0.528320,0.587891,0.580811,0.570190,0.762817,0.666992,0.590454,0.717407,0.584717,0.526245,0.637207,0.527466,0.499878,0.747559,0.579956,0.536133,0.802734,0.645142,0.571655,0.772949,0.639648,0.499756,0.680420,0.568726,0.487549,0.589233,0.535767,0.493652,0.616577,0.544678,0.547729,0.696899,0.616211,0.546143
0.602783,0.728149,0.125977,0.675781,0.739746,0.258301,0.804321,0.754272,0.343018,0.788330,0.760986,0.259155,0.754395,0.763306,0.160400,0.750244,0.764526,0.112671,0.720459,0.687744,0.004761,0.883301,0.770386,0.252075,0.859985,0.697998,0.345337,0.795654,0.846069,0.134521,0.872925,0.798828,-0.112061,0.905396,0.361450,0.088989,1.748169,1.083008,0.182007,1.063965,0.878662,0.248779,0.736450,1.338135,0.378906,1.170410,1.036865,0.263184,0.991455,0.895142,0.142944,0.687622,0.834961,0.057861,0.661987,0.917725,-0.062378,0.731934,0.953979,-0.209839,0.515381,0.843506,-0.255981,0.196777,0.595947,-0.165649,-0.074463,0.491943,0.013916,-0.492798,0.188232,0.406616,-1.100098,-0.297119,0.925903,-1.663940,-0.802124,1.392334,-1.411255,-0.661621,1.484497,-0.767944,-0.949219,0.790894,-0.307617,-1.185425,0.488403,1.237915,-0.791504,0.076294,2.295776,-0.301270,-0.452393,3.230103,-0.053101,-0.887451,3.916382,0.578491,-1.615967,3.703003,0.590210,-1.637573,3.464111,0.736694,-1.963867,3.025269,0.624634,-1.893066,2.350220,0.307129,-1.285645,1.623047,0.078491,-0.994751,1.120117,-0.243408,-0.563965,0.692871,-0.332153,-0.180908,0.155273,-0.283813,0.179810,-0.011841,-0.345703,0.247314,-0.257935,-0.547363,0.035522,-1.415161,-0.603271,0.290405,-2.251343,-0.923706,0.972900,-1.600708,-0.841797,0.963745,-0.874634,-0.730835,-0.186646,-0.069092,-0.669312,-0.391479,1.209717,-0.825073,0.343994,3.166504,-0.668701,0.057617,3.999878,0.532471,-0.368774,3.898804,0.717529,-0.414673,2.500610,0.561646,0.002197,2.047485,0.421143,0.314453,2.173950,0.538086,0.068604,1.726074,0.303101,0.059204,1.137207,-0.096313,0.152100,0.546753,-0.029297,0.143433,0.393311,-0.198608,-0.082397,0.481812,-0.226562,-0.395996,0.495483,-0.581177,-0.716675,0.243530,-0.402832,-1.380859,0.614624,-0.070068,-2.009399,1.315552,0.027466,-1.930420,1.596680,0.095825,-1.712646,1.538208,0.094849,-1.513184,1.315796,0.033691,-1.175415,1.183228,0.071777,-0.532349,0.964478,0.140869,0.456665,0.400024,0.230347,1.114380,0.149902,0.327271,1.393799,0.232544,0.419312,1.142700,0.302979,0.482422,0.941895,0.387939,0.644043,0.793823,0.428955,0.644775,0.738892,0.611572,0.595825,0.666626,0.775879,0.625122,0.499634,0.740723,0.635376,0.361816,0.736816,0.705688,0.228271,0.793579,0.725586,0.131592,0.826538,0.710327,0.139282,0.844482,0.686646,0.186035,0.728027,0.682861,0.191772,0.686157,0.682373,0.247803,0.739502,0.671143,0.276001,0.773682,0.644897,0.295532,0.735596,0.632690,0.322632,0.686157,0.646729,0.341797,0.734009,0.677612,0.333130,0.788086,0.688110,0.285278,0.811890,0.684692,0.253174,0.780884,0.654297,0.254517,0.716431,0.654175,0.282837,0.714966,0.664062,0.302002,0.735962,0.660156,0.290405,0.777100,0.663086,0.261353,0.801514,0.649902,0.267456,0.716797,0.639648,0.282471,0.735962,0.655884,0.291016,0.758789,0.658569,0.250244
0.679688,0.724854,0.331421,0.697388,0.785156,0.340088,0.655151,0.745605,0.314331,0.670166,0.727539,0.341919,0.711670,0.751587,0.309448,0.810547,0.794189,0.286011,0.841064,0.770996,0.267334,0.812744,0.745361,0.281616,0.727295,0.707642,0.201416,0.682129,0.627686,0.206909,1.225830,1.040405,0.502686,1.219360,0.839966,0.414551,0.888428,0.977661,0.226318,0.762817,0.922729,0.106201,0.834229,0.997559,0.626343,0.998901,0.836426,1.023560,0.786987,0.799805,0.776733,0.364746,0.644531,0.566895,0.300537,0.681641,0.306152,0.404297,0.753784,0.104492,0.202148,0.571777,-0.034790,-0.087036,0.441772,-0.063843,-0.786377,0.188110,0.029785,-1.673340,-0.291138,0.284058,-1.915649,-0.872314,1.129395,-1.112793,-1.339966,1.266357,-0.455444,-1.281860,0.831543,0.120605,-1.213989,0.321655,1.175049,-1.287476,0.219604,3.361938,-0.525146,-0.139771,3.999878,0.475830,-0.854614,3.810547,0.301880,-0.595215,3.841919,0.559937,-0.554077,3.741333,0.734131,-1.383179,3.207153,0.568359,-1.279663,2.328857,0.061646,-0.788574,1.499268,-0.107422,-0.313721,1.070801,-0.164795,-0.320679,0.751587,-0.183228,-0.428711,0.130249,-0.408081,-0.167358,-0.266113,-0.538452,0.123413,-0.528687,-0.665894,-0.025879,-0.933350,-0.390991,-0.166138,-1.468140,-0.519653,0.267944,-1.521606,-0.941284,0.381714,-0.822266,-0.501099,-0.009277,0.183228,-0.496704,0.057861,1.607422,-0.718628,0.595093,3.558105,-0.353271,1.085938,3.999878,0.411865,0.488525,3.625366,0.598999,0.228149,2.479736,0.409424,0.335083,1.834351,0.374512,0.644043,1.406128,0.323364,0.774292,1.120605,0.102661,0.694702,0.904785,-0.042603,0.536133,0.569336,-0.171265,0.348999,0.389160,-0.207031,-0.043335,0.481689,-0.169678,-0.478271,0.789307,-0.300415,-0.909668,0.848511,-0.342529,-1.500854,1.119751,-0.035278,-1.749268,1.463501,0.177612,-1.863037,1.646118,0.206177,-1.919189,1.762573,0.242065,-1.442139,1.586548,0.217651,-1.351074,1.463501,-0.024414,-0.747070,1.254028,-0.057373,0.223755,0.903442,0.066406,0.689697,0.306519,0.145630,1.016602,-0.109619,0.189575,1.264404,-0.093628,0.193115,1.411499,0.147095,0.286987,1.367676,0.408203,0.484619,1.087769,0.436523,0.572266,0.883057,0.429443,0.572388,0.754272,0.496704,0.603760,0.626343,0.594849,0.650635,0.499390,0.665894,0.705566,0.341431,0.716431,0.738892,0.245239,0.719604,0.696655,0.318848,0.696533,0.652832,0.430298,0.679810,0.656860,0.426636,0.680786,0.667236,0.415527,0.683960,0.638672,0.375977,0.643555,0.616577,0.401978,0.575562,0.585938,0.467773,0.622925,0.645508,0.489502,0.693481,0.683838,0.455200,0.714844,0.682007,0.396606,0.669800,0.640137,0.380981,0.632812,0.657227,0.422974,0.626465,0.661011,0.492920,0.686768,0.675781,0.496216,0.686279,0.659912,0.483521,0.650269,0.631226,0.468262,0.622192,0.631714,0.480225,0.636597,0.655273,0.520020,0.694458,0.679199,0.522339,0.720947,0.681641,0.487061
0.700928,0.506714,0.632935,0.637939,0.574707,0.636475,0.545532,0.453247,0.616455,0.443115,0.381104,0.617798,0.599487,0.467773,0.806885,0.651978,0.520264,0.720337,0.609253,0.494629,0.573608,0.639526,0.587036,0.548584,0.687866,0.503662,0.617554,0.664673,0.573975,0.670288,0.600220,0.486328,0.656494,0.502441,0.610229,0.513184,0.474854,0.696533,0.571411,0.432617,0.676392,0.524658,0.455444,0.638062,0.484131,0.801147,0.860596,0.831665,0.817139,1.043091,0.833008,0.921997,1.032715,0.630249,0.852783,1.103516,0.376221,0.893066,1.000610,0.468994,0.969604,1.098633,0.681152,0.858032,0.973633,0.588257,0.534180,0.813354,0.294922,0.262817,0.665771,0.146851,-0.197021,0.288086,0.296387,-0.846680,0.000610,0.381470,-2.287720,-0.701782,0.632446,-2.333740,-1.086060,1.036133,-1.337280,-1.119019,0.948486,-0.406860,-1.320435,0.608521,0.064941,-1.742920,0.239380,0.961792,-1.881348,-0.210938,3.113770,-1.488159,-0.181763,3.999878,0.083618,-0.597168,3.753662,-0.027954,-0.823120,3.748047,-0.085327,-1.032349,3.460571,0.032593,-1.439331,3.210449,0.054321,-1.144775,2.634644,0.191162,-0.721436,2.176514,-0.144043,-0.416260,1.463989,-0.728149,-0.481934,0.770508,-0.995972,-0.376343,0.247925,-0.975098,0.098877,-0.197632,-0.612915,0.381958,-0.855713,-0.466064,0.114502,-1.398804,-0.505859,-0.011230,-1.800537,-0.744751,0.428955,-1.481812,-0.748901,0.514648,-0.712402,-0.741699,0.005859,0.346802,-1.045898,0.214478,1.190308,-1.304688,0.499878,2.298462,-1.596313,0.527954,3.999878,-0.115967,0.135620,3.999878,0.442627,-0.089478,2.739380,-0.254150,0.056030,1.801147,-0.316528,0.400513,1.869385,-0.025146,0.615601,1.756714,0.089600,0.698608,1.345215,-0.173462,0.578491,0.848511,-0.381104,0.500732,0.389404,-0.416992,0.314087,0.309814,-0.583496,0.101196,0.526489,-0.441895,-0.303955,0.806030,-0.521484,-0.801636,1.349854,-0.375854,-1.279175,1.862549,-0.231934,-1.783325,2.305298,-0.037109,-1.583374,2.478027,-0.067505,-1.098877,2.788208,0.106201,-1.086792,1.936890,-1.028442,-0.649048,1.256836,-1.055664,0.079590,0.552246,-0.829834,0.948608,-0.115234,-0.377686,1.310181,-0.362915,-0.166382,1.510010,-0.579468,-0.047485,1.436890,-0.477905,0.032837,1.291504,-0.194458,0.250610,1.148804,0.138550,0.465332,1.037231,0.179443,0.520386,0.896973,0.208252,0.571655,0.841431,0.354614,0.652710,0.792358,0.514282,0.698730,0.722778,0.546875,0.698242,0.640625,0.456787,0.651978,0.523315,0.504150,0.690308,0.531860,0.538940,0.725830,0.567383,0.526733,0.720947,0.549072,0.483154,0.711182,0.525513,0.448608,0.656006,0.491455,0.432251,0.666748,0.532227,0.473022,0.695435,0.607422,0.541870,0.713501,0.666138,0.550049,0.695312,0.602051,0.546021,0.703247,0.519409,0.529541,0.713623,0.525269,0.504883,0.715576,0.584351,0.487793,0.693970,0.607056,0.493530,0.677612,0.544312,0.475830,0.691772,0.511841,0.442627,0.703003,0.517700
0.710083,0.595947,0.595703,0.597778,0.665283,0.418823,0.562012,0.810059,0.307739,0.544312,0.768921,0.232056,0.830078,0.816406,0.258423,0.390747,0.761353,0.328369,0.534424,0.781250,0.221680,0.703735,0.884033,0.167480,0.634399,0.790405,0.221680,0.696289,0.635620,0.140381,0.907104,0.845825,0.007690,1.089844,0.797363,-0.001465,1.202271,0.789185,0.061035,1.091187,1.443237,-0.290527,1.016479,0.931641,0.002319,1.047363,1.052979,0.171753,0.609009,0.885986,0.188965,0.390991,0.910889,0.092285,0.336914,0.925049,0.078369,0.234985,0.762451,0.230225,-0.143921,0.496094,0.307251,-1.079590,0.078491,0.793091,-1.628418,-0.666870,1.447754,-1.206665,-1.250610,2.302612,-0.135986,-1.680786,1.473145,0.450928,-2.193359,0.454590,1.143066,-1.918457,-0.895630,2.291382,-0.553101,-2.323975,2.652832,-0.553955,-2.467651,3.141113,-0.214478,-2.439209,3.412842,0.153198,-2.382080,2.986816,-0.027222,-2.285400,2.555298,0.046509,-2.261597,2.456665,0.372559,-2.158691,2.012207,-0.279785,-1.692261,1.029907,-1.129272,-1.113403,0.650024,-1.125366,-0.779053,0.079712,-1.334839,-0.175903,-1.076538,-1.314941,0.398926,-1.629150,-0.782715,1.226929,-1.394775,-0.738770,0.852539,-0.951538,-1.335815,-0.117065,0.033691,-1.337036,0.098145,0.809570,-1.080200,0.320557,1.814819,-1.086914,-0.732666,2.876953,0.124146,-1.566284,3.110718,0.158447,-2.001953,2.909302,0.040527,-1.577637,2.520142,-0.074097,-1.063721,1.904419,-0.219482,-0.551514,1.531738,-0.311646,-0.392700,1.324585,-0.264404,-0.282593,1.251831,-0.202393,-0.185181,0.987793,-0.292603,-0.042847,0.655396,-0.569458,-0.167603,0.489868,-0.831543,-0.731567,0.307861,-0.881348,-1.334961,0.431641,-0.039551,-1.959106,0.402588,0.142456,-2.627808,0.704712,0.368408,-2.857178,0.845093,0.557251,-3.130981,1.095825,0.073853,-3.000977,1.382080,-0.981079,-2.278931,1.651001,-1.479614,-0.052124,1.212891,-0.896973,1.485474,0.492310,-0.596191,1.888916,-0.151123,-0.580200,1.816895,0.365723,-0.081543,1.550537,1.024536,0.141724,1.335083,0.989868,0.319092,0.899536,0.789307,0.371948,0.586426,0.768555,0.478149,0.403809,0.804443,0.584717,0.213135,0.892334,0.657349,0.207397,0.993042,0.744263,0.172119,0.876831,0.659912,0.212769,0.774536,0.620239,0.306763,0.745605,0.618286,0.375732,0.716187,0.609497,0.324341,0.775024,0.661621,0.246216,0.778687,0.616821,0.267822,0.770264,0.588013,0.385010,0.761719,0.571045,0.484253,0.738647,0.551025,0.495728,0.743774,0.570679,0.412231,0.775757,0.571655,0.375610,0.787964,0.616943,0.400879,0.768677,0.604004,0.410400,0.734985,0.568359,0.418091,0.722168,0.554565,0.375366,0.751587,0.597046,0.311035,0.783813,0.612183,0.356079,0.768677,0.585938,0.407715,0.748535,0.564209,0.418823,0.722778,0.548950,0.399048,0.754028,0.584229,0.394897,0.794556,0.610352,0.387695,0.782471,0.593384,0.392822,0.754517,0.563721,0.424194,0.743042,0.548340,0.447388
0.723999,0.410278,0.387939,0.705322,0.492065,0.434448,0.822632,0.446533,0.610718,0.824341,0.434570,0.615479,0.743896,0.565430,0.358032,0.879395,0.551514,0.491333,0.925537,0.402222,0.518433,1.152710,0.607056,0.559570,1.105835,0.500854,0.661255,1.051880,0.529175,0.746460,1.196167,0.829224,0.613770,0.895874,0.705444,0.496704,0.828857,0.791382,0.883179,0.468384,1.041626,0.506348,0.339111,0.845337,0.273193,0.097778,0.742065,0.293213,-0.108643,0.700073,0.322144,-0.208252,0.662964,0.265869,-0.435425,0.480347,0.199707,-1.032959,0.077026,0.316284,-1.776978,-0.414307,0.681763,-1.173828,-0.819580,0.939453,-0.554321,-0.829102,0.672485,-0.382935,-0.822510,0.304199,-0.202637,-1.566284,0.161499,0.649292,-2.171265,0.099365,3.102539,-1.317139,0.124512,3.999878,0.149780,-0.208984,3.999878,0.539673,-1.393066,3.548096,0.112671,-0.396729,3.516968,0.153442,-0.373413,3.633545,0.545532,-0.587524,2.892700,0.434570,-0.387939,2.261475,0.034790,-0.464478,1.677368,-0.393188,-0.447876,0.987915,-0.624390,-0.237793,0.472168,-0.724243,-0.015381,0.092651,-0.330811,0.160645,-0.136597,-0.277222,0.059814,-0.399902,-0.386108,0.049194,-0.860474,-0.672119,-0.006470,-1.702271,-0.882080,0.657227,-1.578247,-0.948730,0.695312,-0.802124,-1.124512,-0.140137,0.430176,-1.053589,-0.891479,1.592529,-1.037598,-0.138306,2.863037,-1.013794,0.537109,3.708252,0.014160,0.746826,3.615479,0.297974,0.441162,2.948120,0.301880,0.427856,2.212280,-0.019897,0.498047,1.706177,-0.280762,0.507690,1.450806,-0.272827,0.583984,1.455322,-0.032593,0.591431,1.533813,0.090088,0.479126,1.025024,-0.284424,-0.089844,0.783569,-0.415771,-0.520630,0.899292,-0.115112,-0.923828,0.730591,0.295898,-0.853882,0.506104,0.334106,-0.563354,0.323853,-0.091309,-0.393555,0.530396,-0.333862,-0.510742,0.944580,0.118286,-1.205322,1.729370,0.460083,-1.510864,1.875122,0.439087,-1.312378,1.768677,0.281372,-1.163208,1.479980,0.205078,-0.824463,1.249146,0.293335,-0.719849,1.282471,0.383789,-0.527344,1.078735,0.451050,0.194214,0.370239,-0.004028,0.808472,-0.354126,-0.321533,1.566895,-0.327148,-0.272461,1.842896,0.176025,0.105469,1.866455,0.333740,0.350464,1.416016,0.232056,0.412964,1.052612,0.195923,0.459595,0.790527,0.310913,0.569214,0.599854,0.598877,0.766602,0.510864,0.730347,0.801270,0.404785,0.644287,0.711304,0.273804,0.622314,0.630859,0.330688,0.709473,0.708984,0.364014,0.797485,0.771606,0.482788,0.757935,0.760742,0.475586,0.627563,0.670776,0.442871,0.594360,0.627441,0.443604,0.620728,0.667603,0.492798,0.635742,0.694946,0.534790,0.604736,0.636841,0.553955,0.592285,0.600952,0.526245,0.588623,0.664062,0.507690,0.596313,0.698853,0.540161,0.598145,0.668213,0.618896,0.591431,0.615601,0.614624,0.610229,0.637085,0.540161,0.618896,0.691895,0.511475,0.559326,0.673340,0.487183,0.518188,0.637939,0.530518,0.537231,0.600708,0.567627
0.609253,0.268311,0.391602,0.663330,0.431396,0.470215,0.810303,0.526367,0.567627,0.800537,0.507324,0.452515,0.836670,0.526489,0.433594,0.934692,0.519531,0.480713,0.986328,0.528931,0.603271,1.083862,0.602661,0.628906,1.105591,0.632202,0.530518,1.026123,0.494873,0.460693,1.211670,0.584595,0.669678,1.252075,0.410767,0.813843,1.021240,0.325317,0.859253,0.465698,0.611206,0.520142,0.440796,1.052246,0.299316,0.655762,1.098267,0.599854,0.373535,0.760620,0.378784,0.098389,0.805908,0.178345,-0.048950,0.664062,0.122314,-0.384277,0.566162,0.062744,-1.432617,-0.030518,0.104492,-2.227905,-1.075806,0.510010,-1.602905,-1.117065,0.709595,-0.875488,-0.957520,0.499146,-0.275513,-1.501221,0.552856,0.456909,-1.446655,0.178955,1.759277,-1.358521,-0.158936,3.999878,-0.419556,0.297974,3.999878,0.288574,-0.690430,3.999878,0.669678,-1.039551,3.753174,0.136597,-0.709839,3.742188,0.321167,-0.726440,2.941528,0.189819,-0.377686,1.958496,-0.356812,-0.031128,1.279663,-0.621338,-0.215820,0.424438,-0.790039,-0.213989,-0.156860,-0.735962,0.367554,-0.725952,-0.434326,0.566772,-1.404785,-0.207886,0.093140,-1.616577,-0.488770,-0.613037,-1.311157,-0.557129,-0.242310,-1.084595,-0.905640,0.140991,-0.554565,-1.148315,-0.117920,0.558716,-1.041138,-0.922363,1.798462,-1.038696,-0.067017,2.656860,-1.704346,1.098022,3.999878,0.275024,1.557617,3.998657,0.460693,0.738403,2.352661,-0.430298,0.658447,1.607056,-0.507080,0.523438,1.601074,-0.281738,0.822998,1.642822,-0.039185,0.713623,1.197021,-0.134033,0.507080,0.888062,-0.176636,0.236938,0.665283,-0.365845,-0.112183,0.607666,-0.898926,-0.345825,0.810059,-0.401245,-0.804932,1.151245,-0.133179,-1.090332,1.572021,-0.047974,-1.339966,1.997925,0.177002,-1.592651,2.193481,0.093506,-1.563965,1.971680,-0.201538,-1.374023,1.987549,0.022095,-0.931519,1.337769,-0.574585,-0.072388,0.597900,-0.680786,1.092529,0.185669,-0.426147,1.554321,-0.044556,-0.007080,1.611694,-0.044434,-0.022339,1.526978,-0.048828,0.230347,1.223389,0.165649,0.305054,1.044434,0.271362,0.419556,1.033081,0.343262,0.535278,1.034424,0.394775,0.636475,0.713623,0.476562,0.642700,0.376099,0.467529,0.561890,0.321777,0.572754,0.691406,0.599854,0.626953,0.677612,0.840454,0.602539,0.690063,0.594727,0.530518,0.657837,0.526001,0.564819,0.641968,0.396851,0.559692,0.661011,0.520020,0.541748,0.662109,0.642456,0.594604,0.659668,0.731812,0.592407,0.654785,0.601440,0.503540,0.596924,0.568237,0.499268,0.622681,0.599243,0.541626,0.648071,0.630127,0.611084,0.670654,0.642578,0.588257,0.641479,0.591797,0.510986,0.598511,0.564941,0.492798,0.619507,0.582886,0.518433,0.620850,0.585571,0.563965,0.641602,0.594116,0.540894,0.615356,0.577026,0.491943,0.611450,0.573120,0.496704,0.650635,0.563110,0.535156,0.665894,0.583862,0.578857,0.641846,0.620483,0.564331,0.636108,0.605469,0.534912,0.619995,0.598999
0.964844,0.439941,0.689453,0.789307,0.478760,0.314331,0.808594,0.613892,0.167480,0.919922,0.585083,0.405273,1.000977,0.569092,0.500732,1.154297,0.606812,0.466675,1.180664,0.573730,0.440796,1.055176,0.661255,0.370483,1.221069,0.679810,0.432129,1.667480,0.515137,0.815430,1.086304,0.452148,0.865479,-0.038574,0.828735,0.650269,0.145752,0.673950,0.798828,0.417725,0.861572,0.570435,0.309937,0.947266,0.277222,0.019287,0.859253,-0.067261,-0.138794,0.705200,0.140991,-0.319580,0.524414,0.187744,-1.229370,-0.127319,-0.010620,-2.087646,-0.398926,0.118408,-1.958740,-1.075562,0.857544,-1.199707,-1.320435,1.054321,-0.365356,-1.407227,0.783203,0.471436,-1.623779,0.552612,1.745361,-1.584961,0.088623,3.429321,-0.514282,-0.009766,3.958496,-0.317993,-0.037964,3.999878,0.272095,-1.075562,3.999878,0.885010,-1.240479,3.513428,-0.031982,-0.594604,2.894531,0.079712,-0.663696,2.255127,-0.150635,-0.023193,1.541260,-0.656738,-0.080444,0.817871,-0.866699,-0.518433,-0.141846,-1.076172,0.001343,-0.824463,-0.721924,0.238770,-1.408203,-0.373779,0.083740,-1.580566,-0.659790,0.164795,-1.511841,-0.711792,0.457153,-1.137939,-0.291260,-0.054932,-0.357056,-0.818848,-0.255737,0.439209,-1.010498,-0.603271,1.425293,-1.180908,0.061157,3.695557,-0.223145,0.909668,3.999878,0.688110,1.066528,3.515259,0.160400,0.528809,1.963257,-0.394287,0.536377,1.571899,-0.189697,0.601562,1.678955,0.150757,0.762695,1.424683,0.090332,0.781372,1.070557,-0.117432,0.666992,0.786865,-0.371338,0.370850,0.683105,-0.592896,0.081055,0.812866,-0.515747,-0.367798,0.884888,-0.333008,-0.895874,0.992676,-0.426025,-1.429810,1.401611,-0.295044,-1.574219,2.148438,0.005859,-1.371582,2.431641,0.304077,-1.302612,2.027344,-0.050415,-1.316650,1.423828,-0.260986,-1.052612,1.117798,-0.227539,-0.589722,0.678833,-0.258789,0.572998,0.222778,-0.207886,1.238892,-0.246582,0.012207,1.427368,-0.087524,0.140381,1.500244,0.109863,0.277832,1.505737,0.247437,0.400024,1.297119,0.418823,0.472656,1.096924,0.523071,0.539429,0.839600,0.634399,0.648315,0.598755,0.706665,0.638306,0.319336,0.743408,0.682495,0.395142,0.748291,0.565063,0.480469,0.748169,0.560059,0.408691,0.745239,0.630371,0.410767,0.743042,0.652100,0.359131,0.736694,0.604248,0.393799,0.757080,0.535522,0.552368,0.698242,0.560181,0.545898,0.661987,0.585571,0.539429,0.655640,0.599365,0.509399,0.645508,0.550903,0.517578,0.693115,0.561035,0.522461,0.747681,0.612427,0.531250,0.777222,0.611328,0.578491,0.701050,0.585205,0.511597,0.636841,0.550537,0.507446,0.634155,0.585815,0.504272,0.659058,0.585327,0.506836,0.681519,0.569458,0.543701,0.661011,0.560181,0.567383,0.622681,0.578491,0.503052,0.609009,0.584961,0.490234,0.619019,0.579224,0.496948,0.634033,0.573853,0.532959,0.653076,0.568359,0.521606,0.710083,0.613770,0.514038,0.736694,0.627441,0.491211,0.717285,0.586792,0.493286
0.762207,0.542358,0.477051,0.772705,0.503174,0.496704,0.811523,0.505005,0.613525,0.759521,0.539185,0.479614,0.771484,0.559937,0.349121,0.846191,0.600708,0.333862,0.934570,0.567383,0.461304,1.043701,0.625854,0.723022,1.248047,0.699097,0.789673,1.516235,0.638550,0.560669,1.181274,1.062500,0.057129,1.003784,0.670166,0.262573,0.780029,0.316040,0.903931,0.452881,0.271240,1.132935,0.205200,0.728149,0.835693,0.185059,0.794556,0.219360,0.006836,0.588501,0.183838,-0.168945,0.313599,0.332764,-0.791260,0.139648,0.381958,-1.597900,-0.340576,0.656250,-1.515991,-0.685425,0.790527,-1.088379,-1.216919,0.731812,-0.270020,-1.245239,0.460815,0.467651,-1.246216,0.048340,1.186401,-1.548340,0.322876,3.049438,-0.529541,-0.216553,3.631958,0.124878,-0.594360,3.934326,0.157471,-0.772583,3.729370,0.274292,-0.763916,3.467529,0.129395,-0.879395,3.187012,0.512695,-1.234131,2.725830,0.354126,-0.916626,1.976685,-0.434937,-0.685913,0.960205,-0.586548,-0.569702,0.596802,-0.741577,-0.396240,0.222412,-0.578003,-0.064819,0.012329,-0.279663,-0.081909,-0.336914,-0.606445,-0.028809,-0.963989,-0.797363,0.085083,-1.639038,-0.484741,0.856689,-1.427979,-0.808105,0.892334,-0.844360,-1.161987,0.258911,0.202271,-1.218872,-0.463989,1.460083,-1.082520,-0.220093,3.045044,-0.972168,0.131226,3.661499,-0.047974,0.089111,3.402832,-0.001343,0.106445,2.779053,0.051758,0.183594,2.257202,-0.029541,0.587036,2.008667,-0.116943,0.666870,1.495850,-0.570557,0.393311,1.083862,-0.386597,0.317749,0.907227,-0.079224,0.364502,0.741089,-0.068481,0.238281,0.618896,-0.198975,0.031982,0.658325,-0.777832,-0.390991,0.647217,-0.504028,-0.733765,0.645142,-0.107788,-1.136230,0.878906,-0.147705,-1.306274,1.170410,0.015137,-1.298218,1.372925,0.067993,-1.319214,1.385376,0.252319,-1.411865,1.292603,0.293213,-1.323608,1.248779,0.337280,-1.106201,1.279907,0.240234,-0.626099,1.376953,0.060547,-0.179199,1.050171,-0.161865,0.342896,0.695312,0.089478,0.671509,0.541992,0.075439,0.772217,0.354004,0.108032,1.120728,0.140381,0.047119,1.515259,0.072998,-0.083374,1.639526,0.239624,0.177490,1.328979,0.434692,0.372192,0.863281,0.429199,0.521973,0.510498,0.508911,0.619507,0.381348,0.654297,0.556885,0.546265,0.745361,0.532593,0.627441,0.683472,0.533203,0.544556,0.653442,0.593872,0.442871,0.702881,0.637329,0.331055,0.793335,0.572021,0.410400,0.867310,0.527466,0.569458,0.804321,0.543213,0.577393,0.625977,0.564697,0.557007,0.595093,0.552246,0.525269,0.669678,0.506836,0.517456,0.803223,0.517822,0.568970,0.797974,0.538940,0.530884,0.668945,0.535156,0.508179,0.621826,0.540894,0.515991,0.653687,0.520020,0.510132,0.765503,0.530396,0.512573,0.761230,0.605835,0.501587,0.641235,0.557739,0.503296,0.623779,0.521240,0.551147,0.712646,0.513062,0.569580,0.790649,0.542603,0.548828,0.831421,0.574341,0.531372,0.765259,0.533813,0.507690
0.754150,0.348267,0.341064,0.701904,0.427246,0.445923,0.811646,0.495605,0.508667,0.912354,0.550659,0.436157,1.039673,0.641113,0.367065,1.033325,0.757935,0.336914,0.960205,0.683105,0.260864,1.072876,0.656250,0.510620,1.404419,0.590454,0.706055,1.308350,0.747070,0.633789,1.011963,0.694580,0.584839,0.596313,0.661255,0.710449,0.551392,0.984863,0.443237,0.641846,0.959839,0.277344,0.321899,0.702148,0.239502,-0.076904,0.892700,-0.036987,-0.059692,0.935181,-0.205200,-0.381592,0.324463,0.070068,-0.769165,-0.108765,0.271606,-1.351685,-0.459839,0.585693,-1.553955,-0.796753,0.883545,-1.285767,-1.319214,0.932007,-0.515991,-1.519531,0.563599,0.275879,-1.576172,0.201660,1.382202,-1.071655,-0.091309,2.356323,-0.911133,0.136963,3.659302,-0.274902,-0.728394,3.999878,0.000366,-1.844727,3.999878,0.444092,-1.990479,3.867310,0.267944,-1.560913,3.058716,0.233276,-1.141479,2.439453,0.089722,-1.046753,1.809692,-0.294922,-0.769531,1.233765,-0.521240,-0.444946,0.658569,-0.701416,-0.078369,0.321167,-0.423584,0.113770,0.400757,-0.015381,0.046143,-0.080933,-0.473999,0.480835,-1.161255,-0.691406,1.012085,-1.942139,-1.157837,1.182983,-1.314819,-0.859009,0.199463,-0.217529,-0.472412,-0.321655,0.067627,-0.716309,-0.291748,0.528442,-0.640015,-0.449951,1.197021,-0.860718,-0.398438,3.275635,-0.887573,0.644287,3.999878,0.914429,0.591797,3.563721,0.627075,-0.208618,1.832764,0.069580,-0.042358,1.906982,0.161133,0.482788,2.157837,0.302368,0.806641,1.842529,-0.027832,0.671143,1.382324,-0.165283,0.408081,1.065308,-0.135986,0.188110,0.670044,-0.091553,0.109375,0.568481,-0.141479,0.233398,0.732910,-0.488647,0.122314,0.577515,-0.798096,-0.928955,0.635254,-0.610229,-1.879517,0.905151,-0.160889,-1.519775,1.082397,-0.081299,-1.547852,1.221802,-0.232178,-1.609985,1.289673,0.051636,-1.899048,1.340820,0.126343,-1.797729,1.227417,0.163330,-1.499146,1.109375,0.146484,-0.677979,0.931152,-0.036987,0.005981,0.832031,0.055908,0.600342,0.619507,0.167236,1.060791,0.377686,0.196899,1.359497,0.361206,0.104492,1.587402,0.431030,0.276733,1.618652,0.397339,0.391724,1.405029,0.279907,0.439575,0.926880,0.375366,0.539795,0.678589,0.652344,0.614868,0.520142,0.842529,0.658691,0.465942,0.854858,0.634766,0.386230,0.714844,0.584473,0.298584,0.706421,0.603516,0.218506,0.790405,0.632935,0.253052,0.889648,0.671021,0.434570,0.764160,0.615601,0.489258,0.609741,0.540527,0.411133,0.573242,0.573975,0.367065,0.660278,0.577759,0.368408,0.750244,0.618652,0.457275,0.782715,0.598389,0.510132,0.673218,0.555786,0.470703,0.662109,0.524414,0.434204,0.690552,0.578369,0.421875,0.749512,0.622314,0.463013,0.755737,0.583130,0.468506,0.726196,0.534546,0.428711,0.763672,0.551147,0.422119,0.781616,0.583984,0.432739,0.788940,0.583008,0.426025,0.780640,0.588013,0.373779,0.787231,0.562866,0.353027,0.809326,0.581909,0.416748
0.715576,0.561035,0.373291,0.851562,0.615967,0.429321,0.833862,0.583130,0.425293,0.755737,0.605225,0.309082,0.759277,0.643188,0.271240,0.813843,0.618408,0.356323,0.835327,0.676880,0.261841,0.921997,0.592285,0.350220,0.962524,0.583618,0.391479,1.464966,0.299561,0.428955,1.086182,1.494751,0.414429,1.243286,0.519165,0.882690,1.036743,0.638550,0.916626,0.974365,0.775269,0.610229,0.677979,0.563477,0.486084,0.510254,0.612305,0.428101,0.378662,0.741699,-0.130005,0.348633,0.804565,0.095581,0.113770,0.547852,0.248535,-0.365967,0.386230,0.240356,-0.985840,-0.203613,0.468506,-1.579224,-0.726440,1.142334,-1.139404,-1.142822,1.276001,-0.405518,-1.205566,0.654785,0.055420,-1.050781,0.169434,0.485840,-1.382568,-0.288452,2.197754,-0.700684,-0.705200,3.584961,-0.008789,-0.592773,3.104980,-0.038818,-1.078247,3.144531,0.659912,-1.801758,2.859863,0.765869,-2.109741,2.969971,0.668945,-1.812744,2.941650,0.683350,-1.176392,2.258911,0.240601,-0.995728,1.191895,-0.354736,-0.868042,0.730591,-0.296753,-0.723145,0.457153,-0.390137,-0.361572,-0.024170,-0.727051,0.416260,-0.372314,-0.397217,0.132812,-0.586670,-0.354126,-0.390625,-0.787720,-0.608643,0.248535,-0.889038,-0.922729,0.671509,-0.802979,-1.028076,0.608765,-0.371216,-0.354858,-0.056274,0.310181,-0.176392,-0.369019,1.332275,-1.203003,-0.155273,3.303833,-0.679688,-0.019653,3.999878,0.413696,-0.097534,3.533569,0.136841,-0.435791,2.254028,-0.096680,-0.377197,1.968628,0.154541,-0.258301,2.147217,0.352173,-0.060303,1.848511,0.177979,0.058838,1.247314,-0.347412,0.236938,0.642578,-0.333862,0.285278,0.430298,-0.189209,0.198730,0.296875,-0.126465,-0.168579,0.342163,-0.412598,-0.714355,0.334351,-0.303101,-1.087891,0.616455,0.415649,-1.690918,0.787720,0.597046,-1.751099,0.874634,0.428589,-2.062256,1.192017,0.369385,-2.077271,1.068115,0.508789,-1.794312,0.794800,0.490356,-1.758057,0.996460,0.270386,-1.255371,0.987671,0.007812,-0.519287,0.825562,-0.191040,0.347412,0.357788,-0.346924,1.157471,0.438965,-0.268066,1.349121,0.405640,-0.204956,1.277954,0.472778,-0.058228,1.412720,0.585693,0.080811,1.475342,0.673218,0.277344,0.943237,0.848145,0.516235,0.474854,0.889282,0.673828,0.364868,0.938843,0.718628,0.468750,0.807617,0.681030,0.429077,0.713257,0.642944,0.342163,0.691284,0.638672,0.218994,0.796753,0.680420,0.280273,0.868530,0.658691,0.386963,0.758301,0.595459,0.485474,0.691895,0.586426,0.406372,0.672852,0.579102,0.341553,0.760132,0.569702,0.416260,0.793457,0.558228,0.477417,0.720093,0.524170,0.478394,0.685913,0.512329,0.459717,0.758911,0.571899,0.402588,0.827515,0.650635,0.336060,0.802979,0.628540,0.354126,0.744019,0.588623,0.400513,0.739990,0.575439,0.412354,0.772461,0.586182,0.432739,0.740601,0.593750,0.393311,0.717651,0.602539,0.367310,0.704956,0.578613,0.398560,0.690186,0.552246,0.419067,0.813232,0.616943,0.430176
0.656006,0.333374,0.455200,0.683228,0.585938,0.426758,0.847290,0.752808,0.319336,0.895142,0.678955,0.377319,0.919434,0.610352,0.494263,0.919800,0.649048,0.425049,1.011230,0.788086,0.448730,1.083496,0.806152,0.582764,1.165527,0.732788,0.561157,1.262207,0.860718,0.492554,1.020142,0.728760,0.561523,0.858032,0.976318,0.327271,0.768799,0.907227,0.191040,0.652466,0.778687,0.455322,0.654053,0.843994,0.324341,0.364502,0.713623,0.141968,-0.299561,0.354614,0.173706,-0.777954,-0.182739,0.396973,-1.432007,-0.749512,0.926270,-1.887695,-1.081055,1.548828,-1.086304,-1.459106,1.220459,-0.154419,-1.988892,0.632080,1.143555,-1.239380,-0.208984,1.481934,-0.983643,-0.486938,2.955444,-0.343262,-0.940186,3.446533,0.268311,-1.919678,3.802124,0.658569,-2.675781,2.978638,0.865234,-2.245483,2.747559,0.713623,-2.021362,2.578125,0.777466,-1.666626,2.064453,0.386475,-0.800415,1.306519,-0.096191,-0.613647,0.709595,-0.262939,-0.434570,0.664062,0.102417,-0.030884,0.873413,0.260010,0.212891,0.651123,0.156738,0.144775,-0.365356,0.007202,0.296387,-0.654541,-0.282593,0.495728,-0.585083,-0.511719,0.341919,-0.625122,-0.285278,-0.302368,-0.771362,-0.194458,-0.324829,-0.985840,-0.471069,-0.339355,-0.864502,-0.889404,-0.803223,-0.130737,-0.806274,-0.995117,0.828979,-1.337891,-0.654663,2.665527,-1.254150,0.026001,3.999878,0.210938,-0.181885,3.671631,-0.062866,-0.823120,2.534546,-0.267334,-0.560669,2.154175,-0.044800,-0.212891,2.192871,0.082153,-0.122070,1.951660,-0.139893,-0.143311,1.370483,-0.405518,-0.213501,0.892944,-0.214844,-0.184326,0.698608,-0.044800,-0.144409,0.842773,-0.257202,-0.574707,0.675659,-0.486084,-0.721558,0.134766,-0.521851,-1.060547,-0.354614,-0.079346,-1.909058,-0.047607,0.306763,-2.013062,0.476074,0.348145,-2.181152,0.348267,0.231445,-2.310303,0.415894,0.428955,-2.107056,0.283936,0.335327,-2.118652,0.437378,0.272339,-1.470337,0.596924,0.248901,-0.820435,0.672852,-0.055908,-0.281494,0.740356,-0.161865,0.371094,0.999390,-0.118164,0.937866,1.100342,-0.123413,1.260132,1.183594,-0.134033,1.111084,1.357666,-0.016602,0.956543,1.135620,-0.105835,0.845337,0.879150,0.157959,0.811401,0.724243,0.276855,0.735229,0.629639,0.355957,0.688354,0.713257,0.375000,0.557983,0.786133,0.396118,0.426636,0.822144,0.472656,0.311890,0.742798,0.463867,0.230957,0.758057,0.486450,0.315918,0.871826,0.433350,0.432983,0.965820,0.422485,0.451538,0.947632,0.441650,0.394775,0.803711,0.370728,0.375366,0.770386,0.423950,0.436279,0.800537,0.407227,0.466309,0.929199,0.444580,0.485596,0.928833,0.388184,0.453003,0.867920,0.399414,0.391479,0.882690,0.445068,0.359741,0.901245,0.476074,0.325928,0.910767,0.455688,0.340576,0.902954,0.371826,0.409668,0.849731,0.403564,0.418091,0.850342,0.453369,0.373779,0.844116,0.462891,0.353271,0.844360,0.431030,0.380249,0.839966,0.367676,0.435059,0.835083,0.423462,0.448364
0.760864,0.486816,0.404419,0.777954,0.579224,0.327881,0.781250,0.597168,0.344849,0.867554,0.582886,0.411499,0.945923,0.585815,0.419434,0.987671,0.607300,0.380615,1.088501,0.674683,0.350708,1.082520,0.795044,0.324585,1.246582,0.664062,0.428589,1.768799,0.411133,0.659790,1.272217,0.954712,0.373779,0.968140,0.481323,0.621704,0.535889,0.380615,0.631836,0.449951,0.799683,0.595215,0.276367,0.797974,0.371216,0.111206,0.795654,0.332153,-0.047729,0.544922,0.219238,-0.352905,0.290039,0.281372,-1.198364,-0.257446,0.595215,-1.757324,-0.856445,1.478394,-1.219849,-1.265381,1.316772,-0.497437,-1.356079,0.543579,0.139282,-1.470825,0.205322,1.005737,-1.450806,-0.126831,2.466553,-0.520752,-1.183350,3.664795,-0.073486,-1.684204,3.677246,0.343872,-2.588135,3.277466,0.849487,-1.887573,2.695190,0.519531,-1.858276,2.763672,0.797485,-1.920776,2.340454,0.472778,-1.047363,1.648926,0.200806,-0.707642,1.207031,0.174072,-0.698853,0.772705,-0.069458,-0.640015,0.448486,-0.350586,-0.285400,0.175171,-0.444458,0.062012,-0.276978,-0.535400,0.217285,-0.725586,-0.474121,0.292725,-1.061279,-0.560791,0.153198,-1.164917,-1.066650,0.374023,-0.986084,-1.188477,0.276245,-0.709106,-1.095459,-0.522583,0.320679,-1.140503,-0.599976,1.740112,-1.190063,-0.144775,3.323975,-0.296875,-0.605347,3.999878,0.442993,-0.630859,3.670898,0.503784,-0.755615,2.265991,0.007202,-0.348267,2.024048,-0.065552,-0.010132,2.113037,0.025146,0.140259,2.012939,-0.163940,-0.112061,1.370117,-0.432983,-0.110107,0.840210,-0.382080,-0.171265,0.575439,-0.309082,-0.466187,0.589844,-0.094482,-0.797485,0.661255,-0.468872,-1.282349,0.276367,-0.534546,-1.529053,0.525146,0.177979,-1.784546,0.855225,0.256470,-1.849976,1.098755,0.209717,-1.820557,1.315796,0.257568,-1.641113,1.164429,0.140015,-1.479736,1.252441,0.193115,-1.215942,1.124878,-0.088867,-0.507568,1.016602,-0.292725,0.517578,0.948730,-0.270752,1.348633,0.607056,-0.213379,1.317993,-0.068848,0.055908,1.196045,0.025024,0.211060,1.136597,0.406494,0.244629,1.220459,0.582886,0.284180,1.220825,0.548584,0.273438,0.939941,0.573730,0.524658,0.592896,0.669800,0.608521,0.485474,0.709595,0.628906,0.485352,0.709106,0.655640,0.489868,0.645630,0.629395,0.475220,0.664185,0.646973,0.388916,0.714111,0.688843,0.289307,0.795898,0.648193,0.395508,0.747314,0.602661,0.523438,0.636353,0.562744,0.569336,0.645264,0.601074,0.502197,0.681274,0.599365,0.427368,0.739624,0.605225,0.450806,0.728882,0.598389,0.490356,0.689941,0.609375,0.507324,0.697144,0.630737,0.461548,0.728027,0.646606,0.405396,0.723633,0.624390,0.444336,0.756836,0.622192,0.486694,0.725708,0.614502,0.482422,0.667358,0.604004,0.438232,0.660889,0.613770,0.406982,0.711914,0.635254,0.429443,0.743896,0.624146,0.481934,0.698120,0.631104,0.455811,0.651367,0.591553,0.470947,0.629272,0.599731,0.462524,0.677246,0.635864,0.461548
0.642456,0.536377,0.452271,0.754761,0.738892,0.354614,0.685303,0.662598,0.377808,0.690430,0.557739,0.496704,0.729736,0.640015,0.461914,0.783447,0.666626,0.446899,0.807129,0.679321,0.387817,0.845581,0.739990,0.369751,0.925171,0.797485,0.457275,0.936401,0.854614,0.390625,1.150391,0.753540,0.376343,0.892578,1.007812,0.141846,0.840576,0.991333,0.308960,0.873413,0.776611,0.697021,0.551270,0.980225,0.337891,0.401489,1.098755,0.093506,0.334595,0.867310,0.182007,0.225098,0.778931,0.221802,0.083740,0.576172,0.304565,-0.589478,0.209229,0.427124,-1.234131,-0.551392,0.701172,-1.666016,-1.074097,1.115601,-1.427124,-1.350464,1.430908,-0.630737,-1.291992,0.687500,0.141968,-1.362549,0.126831,1.282837,-1.529663,-0.156494,3.463379,-0.927124,-0.001587,3.867554,0.580811,-1.714722,3.577515,0.354370,-1.419434,3.463501,0.656250,-1.003784,3.584839,0.796753,-1.694214,3.338379,0.741943,-1.310547,2.456543,0.245972,-0.799683,1.577637,0.100464,-0.594482,1.282715,0.045776,-0.726196,0.986938,-0.255737,-0.533325,0.463013,-0.355225,-0.040039,0.178223,-0.454224,0.073608,-0.126831,-0.439819,0.186523,-0.795044,-0.316040,0.129883,-1.194336,-0.299927,0.200317,-1.231445,-0.605347,0.293091,-1.089600,-0.986816,0.313232,-0.646240,-0.951416,0.107788,0.161621,-0.894531,-0.625122,1.432739,-0.946777,-0.368896,2.712891,-1.023071,0.229614,3.999878,0.298706,0.326660,3.889526,0.297607,-0.099365,2.904175,0.210205,-0.478882,2.190186,-0.006348,-0.404419,1.916992,0.072998,-0.096558,1.687134,0.002563,0.241577,1.396118,-0.255127,0.392212,1.087036,-0.410767,0.264038,0.757812,-0.380249,-0.025391,0.604370,-0.341919,-0.505737,0.636353,-0.418213,-0.914429,0.546875,-0.655884,-1.311157,0.566284,-0.116089,-1.781128,0.895386,0.217651,-1.637085,1.040894,0.128418,-1.581787,1.017700,0.030273,-1.430420,0.881592,-0.089600,-1.392456,0.986206,0.183472,-1.107788,1.032227,0.338623,-0.754761,1.046631,0.234131,-0.502197,0.971558,-0.200684,0.543823,0.900146,-0.257080,1.512329,0.938477,0.138794,1.592407,0.829224,0.380249,1.255615,0.663452,0.446289,0.749390,0.729004,0.526245,0.567993,0.726562,0.502686,0.652222,0.644775,0.451172,0.627930,0.673218,0.502686,0.375488,0.803223,0.571411,0.215820,0.887451,0.571655,0.284424,0.823242,0.525391,0.369751,0.763184,0.511597,0.398315,0.746094,0.520508,0.366455,0.817871,0.537354,0.199951,0.898804,0.555420,0.236206,0.867920,0.535889,0.373291,0.772827,0.446777,0.464233,0.752441,0.486938,0.411011,0.811523,0.502563,0.344727,0.922119,0.548706,0.335938,0.888550,0.514038,0.369263,0.829834,0.500610,0.419312,0.796875,0.475342,0.379639,0.838501,0.494873,0.364868,0.876709,0.534058,0.382812,0.853271,0.540649,0.393188,0.820557,0.497925,0.377441,0.819824,0.494995,0.352661,0.832275,0.516235,0.358765,0.802002,0.535522,0.382568,0.756958,0.508301,0.399902,0.818848,0.493774,0.396484
0.762817,0.613647,0.384766,0.697876,0.609375,0.330200,0.720825,0.609619,0.360962,0.665039,0.522217,0.384644,0.792114,0.590942,0.408203,0.768433,0.623535,0.436523,0.789673,0.693481,0.325562,0.670898,0.679565,0.342651,0.628052,0.541748,0.319580,0.684326,0.638916,0.611572,0.796753,0.623535,0.457397,0.613037,0.757690,0.332031,0.506714,0.649780,0.253174,0.436035,0.550293,0.334717,0.374023,0.167358,1.551270,0.496826,0.394531,1.211670,0.879395,0.592285,0.976562,0.630249,0.692383,1.265747,0.417969,0.682251,1.273560,-0.078003,0.947266,1.043457,0.223755,0.837646,1.421631,0.337402,0.685303,1.698364,0.877441,1.007812,1.144531,0.801758,0.886108,0.433472,-0.460693,0.455566,0.466919,0.034302,0.838379,0.379272,-0.079346,0.415405,0.252686,-0.377197,0.238281,-0.260986,-1.288696,-0.222168,-0.597656,-1.930298,-0.713379,-0.711182,-1.807007,-0.941040,-0.501343,-0.988037,-1.013184,-0.125488,-0.489136,-1.013062,0.094238,0.083618,-1.255249,0.659546,1.285156,-0.934570,1.231934,3.170288,-0.350952,2.113403,3.761597,0.799683,1.672974,3.096313,0.379395,0.923462,3.157959,0.349976,0.929688,3.488037,0.786133,0.807373,2.932739,0.553589,0.962891,2.194946,0.289551,0.816284,1.625488,0.026978,0.441772,1.175293,-0.124878,0.276611,0.839722,-0.111084,0.195312,0.501099,-0.284546,0.182495,0.154175,-0.390625,0.163818,-0.371826,-0.523926,-0.087402,-0.534912,-0.689819,-0.332153,-0.551514,-0.688721,-0.519531,-0.633789,-0.817505,-0.690674,-0.574585,-0.809937,-0.715820,-0.685425,-0.854126,-0.082153,-0.499268,-0.774780,0.844727,1.080933,0.160767,3.561768,2.034058,1.114990,3.054077,1.890015,1.248047,1.953003,1.929321,1.432617,2.355103,1.879028,1.331421,2.090820,1.241699,0.945923,1.825195,0.701294,0.604614,1.402588,0.293823,0.369873,0.944946,0.050903,0.232178,0.698730,-0.000366,0.075073,0.546509,0.190552,-0.108032,0.323853,0.563843,-0.189819,0.166016,1.201294,-0.026001,0.143921,1.603516,-0.021362,-0.129761,1.690430,-0.200073,-0.246704,1.824341,-0.199219,-0.147827,2.091797,-0.054321,-0.014893,2.182007,0.010742,0.043335,1.909424,-0.090698,-0.113281,1.550781,-0.067383,-0.032227,1.268066,0.123169,0.211304,0.851929,0.180176,0.431030,0.275269,0.064941,0.661743,-0.242554,-0.014282,1.001099,-0.534180,0.233643,1.350952,-0.540161,0.463379,1.337280,-0.392578,0.502197,1.206543,-0.178589,0.571289,0.995728,-0.069458,0.630249,0.811279,-0.000122,0.655518,0.686401,0.189575,0.748169,0.708130,0.358521,0.743774,0.796631,0.484253,0.763916,0.849243,0.409180,0.757690,0.716309,0.305176,0.674316,0.644653,0.334717,0.663330,0.602783,0.413574,0.661255,0.642822,0.461426,0.661865,0.733398,0.477173,0.661743,0.686279,0.399292,0.605713,0.645020,0.397217,0.592041,0.599487,0.477661,0.629517,0.636108,0.563599,0.703735,0.684204,0.588257,0.705078,0.670410,0.517822,0.658569,0.605469,0.468750,0.637085,0.618408
0.260864,0.439453,0.865479,0.345337,0.461060,0.784302,0.680298,0.434814,0.804932,0.761963,0.436890,0.875488,0.659546,0.460327,0.871704,0.666870,0.588013,0.848999,0.799683,0.549438,0.869507,0.761719,0.636597,1.043823,0.625366,0.644897,0.863037,0.873413,0.504761,0.742798,0.901978,0.606934,0.957886,0.619385,0.699951,0.808228,0.681763,0.830933,0.426025,0.619995,0.920166,0.605591,0.547485,0.897949,0.916992,0.531860,0.667236,0.449707,0.444946,0.674927,0.345825,0.423340,0.631836,0.213745,0.380127,0.412720,-0.480957,0.224731,0.197510,-0.871216,-0.419067,0.175537,-0.917236,-1.093262,-0.362915,-1.258179,-1.364990,-0.416748,-1.630737,-1.240234,-0.946289,-1.162964,-0.686768,-1.395508,-0.254395,-0.556396,-1.352417,0.257324,-0.159180,-1.605225,1.432495,1.379150,-1.060059,3.475342,1.008911,-0.844482,3.427979,1.005371,-0.648926,3.667236,0.935913,-0.756470,3.516357,0.580688,-0.820435,3.128906,0.660645,-0.674927,3.078247,0.629395,-0.588257,2.548096,0.666138,-0.784180,1.830200,0.363281,-1.015869,0.706055,-0.017456,-0.677368,0.152100,0.055420,-0.491455,-0.174072,-0.014038,-0.328125,-0.570801,-0.109741,-0.380127,-0.859985,0.053467,-0.669067,-1.391113,-0.100220,-0.295654,-1.366455,-0.043457,-0.345825,-0.352051,-0.261108,-0.421387,0.392944,-0.176636,-0.373535,1.041260,-0.774170,-0.427002,1.870483,-0.801758,0.025391,2.756470,-0.659302,0.031738,3.024902,-0.704224,0.092773,2.430786,-0.882568,0.007812,1.871826,-1.066895,-0.090210,1.475708,-0.971313,-0.172852,1.227295,-0.492432,-0.480469,1.184204,0.104004,-0.428223,0.744629,0.575928,-0.351196,0.612671,1.149780,-0.307373,0.819702,1.018677,-0.230835,0.828979,1.491699,-0.181519,0.954102,1.896240,-0.586548,0.937988,1.503906,-0.559814,0.696655,1.443359,-0.450073,0.781738,2.548096,-0.205444,1.247070,2.181641,-0.673218,1.745728,0.462524,-1.009155,1.450928,-1.042969,-0.454102,0.468018,-1.229370,-0.073120,0.347900,-1.170898,0.149292,0.982422,-0.974487,0.378052,1.419678,-0.507568,0.411987,1.374512,-0.037354,0.354858,0.901367,0.078857,0.373901,0.670410,-0.014404,0.474365,0.720459,0.119141,0.449585,0.842041,0.161255,0.453857,0.966675,0.372803,0.427490,1.058716,0.203491,0.440063,0.928833,0.154175,0.454346,0.866577,0.195190,0.443115,0.871582,0.256104,0.415527,0.851562,0.276489,0.436768,0.910156,0.340820,0.408081,0.922729,0.124023,0.425415,0.831055,0.176636,0.415894,0.795654,0.345459,0.395874,0.814697,0.325439,0.418701,0.893433,0.313599,0.441040,0.990967,0.176636,0.418945,0.915894,0.141357,0.395752,0.872314,0.218262,0.397217,0.888672,0.372681,0.387695,0.855347,0.199951,0.428955,0.863037,0.236572,0.447021,0.919800,0.265625,0.447632,0.967773,0.263062,0.427856,0.860962,0.342041,0.426758,0.815918,0.248535,0.451050,0.819946,0.196655,0.460083,0.884766,0.222290,0.455811,1.003052,0.251343,0.433594,0.929077,0.293091,0.411011,0.844238
0.355469,0.445312,0.785034,0.256836,0.512329,0.854492,0.421997,0.507202,1.011963,0.593994,0.429810,0.988647,0.442139,0.411499,0.792236,0.553589,0.457275,1.057007,0.721069,0.579224,1.163818,0.987793,0.548706,0.938110,1.424805,0.626465,1.332397,1.084839,0.591919,1.801758,0.346802,0.268799,0.895508,-0.075562,0.915405,0.507690,0.190308,0.690918,0.824707,0.359131,0.525879,0.436646,0.007202,0.916748,0.583008,0.271851,0.820190,0.655640,0.538696,0.520264,-0.148682,0.019897,0.381592,-0.550049,-0.369873,0.123779,-1.201294,-1.030151,-0.293091,-2.089600,-1.470825,-0.516968,-1.818848,-1.422119,-1.118530,-1.291992,-0.906860,-1.711426,-0.228149,-1.292603,-1.892334,0.663818,-1.322266,-2.062500,1.794189,1.399292,-1.563110,3.125610,1.851562,-1.222656,3.902954,1.630981,-0.900879,3.164429,1.340088,-0.877808,3.620239,0.903320,-0.725586,3.699707,0.486206,-0.720581,3.188354,0.590820,-0.769409,2.783691,0.597290,-1.267700,1.780640,0.254028,-1.318115,0.451782,0.123901,-0.933960,0.208984,-0.257690,-0.699341,0.092651,-0.659668,-0.368164,-0.505615,-0.478271,-0.553345,-1.616699,-0.540161,-0.241211,-2.601318,-0.188599,-0.529541,-2.009766,0.420044,-1.037720,-0.441895,0.217773,-1.355347,0.645020,-1.286133,-0.905762,2.144653,-1.093140,-0.329224,3.398315,-0.248413,-0.397095,3.377197,0.135376,-0.467041,2.554688,-0.348633,-0.301147,1.976929,-0.946411,-0.234009,2.047729,-0.982544,-0.306641,1.474854,-0.633057,-0.332397,0.625122,-0.398926,-0.151001,0.181152,-0.596558,-0.116943,0.538696,-0.200806,-0.167725,0.939087,0.728760,-0.284790,0.937256,1.687744,-0.764771,0.720825,1.501465,-0.291382,0.144531,1.613403,-0.234985,0.559326,1.728760,-0.187744,1.164917,2.364624,-0.310547,1.572144,2.681763,-0.652588,1.398315,1.862061,-0.821655,1.213135,0.453735,-0.717285,0.715210,-0.834717,-0.584106,1.128174,-1.980713,-0.005371,1.731323,-1.065186,0.081299,1.250122,-0.774902,0.117554,0.579468,-0.507568,0.285278,0.609497,-0.377197,0.446045,0.809082,-0.243774,0.529663,0.855713,0.039917,0.534302,1.016235,0.012817,0.483521,0.989136,0.008789,0.498779,0.820557,0.030518,0.548096,0.820312,0.189331,0.585571,0.876587,0.354126,0.546387,0.888550,0.197144,0.549194,0.972534,0.140137,0.500610,0.966064,0.136597,0.481812,0.859253,0.154297,0.473511,0.811279,0.225708,0.459839,0.856567,0.214478,0.436646,0.899658,0.123535,0.469116,0.929688,0.187500,0.490967,0.896973,0.298218,0.500000,0.770752,0.366699,0.492676,0.797729,0.293701,0.503418,0.859253,0.225830,0.514404,0.814209,0.185181,0.525513,0.825806,0.248047,0.530151,0.859619,0.309814,0.513550,0.822632,0.199463,0.509399,0.754272,0.229126,0.527466,0.883545,0.315918,0.528931,0.933960,0.291992,0.533569,0.773071,0.315918,0.529907,0.812378,0.213623,0.525269,0.844727,0.253906,0.506714,0.768677,0.370483,0.504517,0.757935,0.358887,0.528931,0.970581,0.275757,0.565918,0.816284
0.325439,0.630371,0.657471,0.457764,0.674194,0.848999,0.563965,0.636841,0.793213,0.649658,0.614868,0.732544,0.616699,0.661499,0.713379,0.715576,0.726074,0.770630,0.851318,0.721924,0.905884,0.745239,0.700806,0.826538,1.060669,0.711548,0.914795,1.258545,0.954590,1.265381,0.631104,0.714722,0.589478,-0.088745,1.165771,0.685669,0.196899,0.915527,1.050659,0.345703,0.696777,0.443970,0.216064,0.672485,-0.146973,-0.111084,0.850586,-0.212769,0.233887,0.909302,-0.028320,0.181763,0.811646,-0.035278,-0.035889,0.464233,-0.234741,-0.291382,0.111084,-1.135254,-0.656982,-0.436523,-2.439575,-1.180786,-0.869263,-2.504028,-1.387939,-1.459229,-1.667358,-1.398682,-1.953979,-0.537598,-1.223999,-2.034668,-0.002075,-0.872681,-1.939819,1.131104,0.305542,-1.593506,2.796753,-0.134644,-1.079224,3.007202,-0.169800,-0.996094,2.802979,1.422363,-1.050415,3.380371,1.635010,-0.358276,3.999878,0.628418,-0.593750,3.334473,1.204102,-0.692017,3.349487,0.951904,-0.533447,2.728271,0.935791,-0.815063,2.254028,0.650146,-1.104980,1.207886,0.690796,-1.116455,0.614136,0.113525,-0.946045,-0.002441,-0.292847,-0.709229,-0.136597,0.058960,-0.746704,-0.454224,0.273682,-1.158569,-1.170654,-0.661499,-1.258179,-1.602417,-0.593750,-1.006470,-1.723145,-0.399048,-1.103638,-0.180054,-1.247192,-1.182495,1.399170,-1.431519,-0.397217,2.888184,-0.581177,-0.193604,3.331055,-0.267944,-0.227173,2.747803,-0.478271,-0.231812,2.532959,-1.002930,-0.063354,2.372803,-1.081421,-0.007568,2.125732,-1.368164,-0.061523,1.500000,-1.312744,-0.238403,0.969849,-0.867798,-0.375000,0.807861,-0.301514,-0.396729,0.892334,-0.086670,-0.491577,0.931030,-0.071045,-0.439209,0.910889,0.272095,-0.713623,0.673706,1.073730,-0.785889,0.630859,1.780518,-0.944214,0.757080,2.188477,-0.995605,0.479004,2.052856,-0.833618,0.797729,2.382324,-0.801147,1.792969,3.169434,-0.988159,1.720947,2.773804,-1.326294,1.559326,1.139038,-1.671387,1.441772,-0.740967,-1.414062,0.440796,-2.520630,-0.458862,0.284546,-1.918091,0.080688,1.004517,-0.472656,0.062256,0.889282,-0.475952,0.194702,0.923950,-0.914062,0.371094,1.441406,-0.757812,0.383789,1.289673,-0.202271,0.334961,0.826416,0.350830,0.421997,0.763428,0.309692,0.529785,1.004150,0.116455,0.599487,1.196655,-0.001709,0.564209,1.122559,0.226196,0.427734,0.803345,0.371826,0.413208,0.596191,0.175537,0.500610,0.812622,0.114868,0.528809,0.992676,0.054932,0.476929,0.899658,0.245117,0.394897,0.806396,0.362915,0.394287,0.858154,0.223389,0.445190,0.920166,0.176514,0.467773,0.931152,0.192017,0.462769,0.861572,0.435181,0.437622,0.795044,0.476074,0.451538,0.785278,0.326904,0.500244,0.838623,0.245972,0.510620,0.859009,0.232544,0.491455,0.838501,0.344604,0.448242,0.777588,0.242798,0.436157,0.699585,0.186890,0.450806,0.711304,0.262817,0.465454,0.820312,0.387817,0.469238,0.824951,0.472900,0.478149,0.880249,0.395508,0.478638,0.978271
0.489990,0.421387,0.454590,0.178467,0.708008,1.242798,0.142944,0.683472,1.032227,0.335327,0.698608,1.006470,0.280884,0.755981,1.160400,0.125122,0.810913,0.891724,0.178589,0.914551,0.913086,0.209595,1.049438,1.109619,0.365723,0.944580,0.949219,0.223389,0.828735,0.922607,-0.140625,0.897705,0.422974,-0.436401,0.869629,-0.366333,-0.401245,0.939453,-0.051270,-0.018433,0.700195,0.214722,0.005859,0.686523,0.088501,0.079956,0.611572,0.430908,0.520264,0.028076,0.187988,0.684570,-0.375366,-1.244751,0.537476,-0.874390,-2.067993,0.401733,-1.288818,-1.190186,0.246460,-1.600952,-0.545166,-0.069702,-1.562622,-0.256592,-1.463013,-1.398926,0.353882,-2.393188,-0.741821,3.100220,-1.329346,-0.271973,3.757446,-1.477051,-0.165649,2.762451,-1.837524,-0.060059,2.536255,-2.124878,0.126587,2.878052,-1.834106,0.221558,2.516357,-1.127808,0.041748,1.866943,-0.768066,-0.043213,1.151001,-0.936035,0.004517,1.152588,-0.850708,-0.044067,1.160400,0.001099,-0.435547,1.443237,0.342407,-0.517334,0.929199,0.508545,-0.394409,1.073120,-0.030273,-0.236694,0.706787,-0.116089,-0.143066,0.305664,0.153320,-0.012573,-0.258301,0.054810,0.344360,-0.271362,-0.343018,0.485229,-0.135864,-0.564331,0.510254,-0.328003,-0.482910,0.556519,-0.552734,-0.493164,0.746826,-0.573608,-0.395752,0.845947,-0.283203,-0.273315,0.732666,-0.196411,-0.075684,0.510132,-0.210938,0.524658,0.325806,-0.334229,0.851685,-0.017090,-0.385864,0.685303,-0.778198,-0.184692,0.052246,-1.084595,-0.779419,-0.419800,-0.962891,-0.351807,-0.591919,-1.532349,1.425415,-1.049194,-0.722412,2.360596,-1.432983,-0.057617,3.387329,-1.666382,-0.258911,2.952881,-1.769165,-0.433105,2.373535,-1.681885,-0.237793,2.714111,-1.358643,-0.243652,2.028931,-1.286621,-0.204956,1.363037,-1.195679,-0.280273,1.019531,-0.962036,-0.308960,0.282471,-0.925659,-0.244751,0.029175,-0.808350,-0.223877,0.255981,-0.596924,-0.323486,0.401611,-0.110352,-0.505981,0.500610,0.377686,-0.459595,0.367554,0.577881,-0.289185,0.575073,1.163330,-0.355225,1.005249,1.518555,-0.270508,1.698730,1.829468,-0.259766,2.200439,2.101807,-0.425293,2.618652,0.943237,-0.912354,2.510620,0.251343,-0.962402,1.842407,-0.316040,-0.777466,0.591553,-1.608154,-0.371826,-0.154419,-1.909912,-0.211304,0.055298,-2.167969,0.175171,0.778320,-0.986084,0.335083,1.009033,-0.663086,0.412720,0.622559,-0.695435,0.495605,0.627930,-0.503662,0.500366,0.605713,-0.272583,0.515747,0.514893,0.011719,0.542725,0.943848,0.109863,0.540283,1.117310,0.012573,0.500244,0.954102,0.009766,0.484985,0.869507,0.122925,0.500244,0.850830,0.088013,0.513306,0.875610,0.080688,0.494629,0.951782,-0.059326,0.482422,0.969238,-0.070679,0.432129,0.873535,-0.054932,0.410156,0.741211,0.031250,0.445190,0.893433,0.029663,0.450806,0.948730,-0.016113,0.455811,1.050293,-0.014526,0.444214,0.917114,0.024292,0.473022,0.791260,0.047363,0.504272,0.864624,0.042114,0.504028,0.927368
